20190101 19:00,1538800.0,1588400.0,1445100.0,1460900.0,10526569
20190102 19:00,1459900.0,1466600.0,1420000.0,1425800.0,24831049
20190103 19:00,1440000.0,1485400.0,1436100.0,1481100.0,16654238
20190106 19:00,1488000.0,1489000.0,1459000.0,1477000.0,14586570
20190107 19:00,1486500.0,1518150.0,1480000.0,1510000.0,10027250
20190108 19:00,1518000.0,1545300.0,1496500.0,1528000.0,10792264
20190109 19:00,1520000.0,1541000.0,1508700.0,1539500.0,9019673
20190110 19:00,1544400.0,1545400.0,1515100.0,1522000.0,7654701
20190113 19:00,1512000.0,1513800.0,1492200.0,1499000.0,9766822
20190114 19:00,1508000.0,1533899.0,1500100.0,1533700.0,7412295
20190115 19:00,1535000.0,1558700.0,1526000.0,1546200.0,7919138
20190116 19:00,1539700.0,1576500.0,1532700.0,1558000.0,7397867
20190117 19:00,1563200.0,1579600.0,1559900.0,1566900.0,11444171
20190121 19:00,1556200.0,1567100.0,1526300.0,1532100.0,9628316
20190122 19:00,1533000.0,1551300.0,1517100.0,1537700.0,6709843
20190123 19:00,1542100.0,1552300.0,1517400.0,1522700.0,7697490
20190124 19:00,1530200.0,1581300.0,1530200.0,1578899.0,8904610
20190127 19:00,1570000.0,1573000.0,1536699.0,1557800.0,7394164
20190128 19:00,1560100.0,1648100.0,1510000.0,1636000.0,10149170
20190129 19:00,1620000.0,1661500.0,1602300.0,1657500.0,14505729
20190130 19:00,1667800.0,1689900.0,1645600.0,1666000.0,12294959
20190131 19:00,1669199.0,1689800.0,1659400.0,1666000.0,9851997
20190203 19:00,1665200.0,1716550.0,1665200.0,1710600.0,7440673
20190204 19:00,1717500.0,1750800.0,1713000.0,1740500.0,8506091
20190205 19:00,1740800.0,1755700.0,1728600.0,1740200.0,6033158
20190206 19:00,1736200.0,1739400.0,1703400.0,1706500.0,8188223
20190207 19:00,1687900.0,1706600.0,1684199.0,1702500.0,6078951
20190210 19:00,1709900.0,1714000.0,1689000.0,1689000.0,6275469
20190211 19:00,1704800.0,1710500.0,1697050.0,1710500.0,6813907
20190212 19:00,1716500.0,1724800.0,1699199.0,1700300.0,6347062
20190213 19:00,1705700.0,1712600.0,1687100.0,1699000.0,6588813
20190214 19:00,1690800.0,1718500.0,1690800.0,1705000.0,8687252
20190218 19:00,1704400.0,1714400.0,1694100.0,1708700.0,5183749
20190219 19:00,1707000.0,1733200.0,1705000.0,1719600.0,6511850
20190220 19:00,1720000.0,1723700.0,1703100.0,1708100.0,5216855
20190221 19:00,1714000.0,1730900.0,1713000.0,1728200.0,7115140
20190224 19:00,1737900.0,1758600.0,1734500.0,1735700.0,6616337
20190225 19:00,1734900.0,1752900.0,1731800.0,1741600.0,5408444
20190226 19:00,1736900.0,1750000.0,1727300.0,1748100.0,6323059
20190227 19:00,1740000.0,1749100.0,1729100.0,1732500.0,8474419
20190228 19:00,1743300.0,1751399.0,1728899.0,1750200.0,8281821
20190303 19:00,1756699.0,1777500.0,1739800.0,1755300.0,6555483
20190304 19:00,1761000.0,1763000.0,1745400.0,1750400.0,6214680
20190305 19:00,1753400.0,1754900.0,1739500.0,1744500.0,5618506
20190306 19:00,1739700.0,1746000.0,1720300.0,1728000.0,7899129
20190307 19:00,1717900.0,1732900.0,1695000.0,1730900.0,7560532
20190310 20:00,1733500.0,1798000.0,1731300.0,1798000.0,9235681
20190311 20:00,1799000.0,1826699.0,1790300.0,1809900.0,8413390
20190312 20:00,1813899.0,1832900.0,1809199.0,1825500.0,11092920
20190313 20:00,1828000.0,1842000.0,1825700.0,1841000.0,7374159
20190314 20:00,1845600.0,1873200.0,1837400.0,1859000.0,16811296
20190317 20:00,1867400.0,1884000.0,1855000.0,1884000.0,7016132
20190318 20:00,1881500.0,1893000.0,1859300.0,1859500.0,9025820
20190319 20:00,1861000.0,1894900.0,1847300.0,1884900.0,7902915
20190320 20:00,1884800.0,1963200.0,1882900.0,1959000.0,15748538
20190321 20:00,1965000.0,1976900.0,1907800.0,1911000.0,11189872
20190324 20:00,1903500.0,1930000.0,1866000.0,1889000.0,10677239
20190325 20:00,1898000.0,1928800.0,1845850.0,1879400.0,13085414
20190326 20:00,1885500.0,1897550.0,1865400.0,1880800.0,8537725
20190327 20:00,1879800.0,1895500.0,1875400.0,1892900.0,4839596
20190328 20:00,1900000.0,1903200.0,1885400.0,1900200.0,8595758
20190331 20:00,1921000.0,1922000.0,1883800.0,1914900.0,7568559
20190401 20:00,1908000.0,1944600.0,1905000.0,1936500.0,6462583
20190402 20:00,1948400.0,1965000.0,1929300.0,1955500.0,6334952
20190403 20:00,1956399.0,1963600.0,1945800.0,1955500.0,6101564
20190404 20:00,1964900.0,1971000.0,1959500.0,1969800.0,4509207
20190407 20:00,1964500.0,2006200.0,1961399.0,2006000.0,7135237
20190408 20:00,2001000.0,2028500.0,1992000.0,1992000.0,8699588
20190409 20:00,1976800.0,2009500.0,1971500.0,2009000.0,5994329
20190410 20:00,2001600.0,2012300.0,1984500.0,1988700.0,5360354
20190411 20:00,1990800.0,2003300.0,1962200.0,1990000.0,7730294
20190414 20:00,1990500.0,1998300.0,1980100.0,1993500.0,5127292
20190415 20:00,1993500.0,2013600.0,1985600.0,1987900.0,7732397
20190416 20:00,1986500.0,2034000.0,1986000.0,2031000.0,7279750
20190417 20:00,2020000.0,2041399.0,2018500.0,2037700.0,9267341
20190421 20:00,2034900.0,2049400.0,2023400.0,2045300.0,6171180
20190422 20:00,2045300.0,2077400.0,2024600.0,2075000.0,7634352
20190423 20:00,2078000.0,2084700.0,2070500.0,2080000.0,4904873
20190424 20:00,2078500.0,2079700.0,2042000.0,2051399.0,5844988
20190425 20:00,2049700.0,2051900.0,2021399.0,2043000.0,5479335
20190428 20:00,2047000.0,2059600.0,2030000.0,2032300.0,5945108
20190429 20:00,2031800.0,2130000.0,1991100.0,2107600.0,11015168
20190430 20:00,2110000.0,2153100.0,2092300.0,2106300.0,18496780
20190501 20:00,2106400.0,2126400.0,2081500.0,2092000.0,8258745
20190502 20:00,2100000.0,2120000.0,2096500.0,2119500.0,6458161
20190505 20:00,2057000.0,2088400.0,2035000.0,2073500.0,8604882
20190506 20:00,2075200.0,2082000.0,2008250.0,2027500.0,13053799
20190507 20:00,2038000.0,2053300.0,2008600.0,2030000.0,7518695
20190508 20:00,2013600.0,2018800.0,1966699.0,2005000.0,10672357
20190509 20:00,1999300.0,2007000.0,1927700.0,1971600.0,11100420
20190512 20:00,1948800.0,1948800.0,1842300.0,1842300.0,18118033
20190513 20:00,1866000.0,1897000.0,1854300.0,1890000.0,10539355
20190514 20:00,1890300.0,1917500.0,1860100.0,1906800.0,8771802
20190515 20:00,1900000.0,1924600.0,1888400.0,1900800.0,9630842
20190516 20:00,1897300.0,1908899.0,1864000.0,1893500.0,10837409
20190519 20:00,1895500.0,1898600.0,1802900.0,1835600.0,10849629
20190520 20:00,1835300.0,1880000.0,1835000.0,1868000.0,9419126
20190521 20:00,1869500.0,1869500.0,1821800.0,1824000.0,8057665
20190522 20:00,1792900.0,1805400.0,1778100.0,1798000.0,13527300
20190523 20:00,1806200.0,1821399.0,1784000.0,1784000.0,6741589
20190527 20:00,1793100.0,1805800.0,1778800.0,1784500.0,10539996
20190528 20:00,1768000.0,1793500.0,1755000.0,1773500.0,7412282
20190529 20:00,1779600.0,1792300.0,1764000.0,1768000.0,6300944
20190530 20:00,1753000.0,1779900.0,1742500.0,1748300.0,7824630
20190602 20:00,1735700.0,1779199.0,1702700.0,1741000.0,13213938
20190603 20:00,1743000.0,1814800.0,1738000.0,1814800.0,8500182
20190604 20:00,1815400.0,1849900.0,1811399.0,1819800.0,10085573
20190605 20:00,1830000.0,1854700.0,1821500.0,1851500.0,5560110
20190606 20:00,1859700.0,1919100.0,1852200.0,1902500.0,9276815
20190609 20:00,1912000.0,1953700.0,1902000.0,1927500.0,7156400
20190610 20:00,1940000.0,1960000.0,1936000.0,1945000.0,6692452
20190611 20:00,1936600.0,1959700.0,1930200.0,1947000.0,4285726
20190612 20:00,1945000.0,1967900.0,1920500.0,1927000.0,7135963
20190613 20:00,1926000.0,1935800.0,1902200.0,1926900.0,5262561
20190616 20:00,1933500.0,1949600.0,1921699.0,1941399.0,5008926
20190617 20:00,1946300.0,2002900.0,1946300.0,1992500.0,8253797
20190618 20:00,1991000.0,1998899.0,1973100.0,1982500.0,7468923
20190619 20:00,1995000.0,2009500.0,1980300.0,1989100.0,6797859
20190620 20:00,1990000.0,2008500.0,1978800.0,1983000.0,25385344
20190623 20:00,1993000.0,2001600.0,1981699.0,1986800.0,6241554
20190624 20:00,1980000.0,1992600.0,1952900.0,1957000.0,7486152
20190625 20:00,1959000.0,2009900.0,1958800.0,1999900.0,7819985
20190626 20:00,2011300.0,2017200.0,1970100.0,1983600.0,5942701
20190627 20:00,1987500.0,1994800.0,1970500.0,1980800.0,13776801
20190630 20:00,2015200.0,2044900.0,2006500.0,2012500.0,8054752
20190701 20:00,2015000.0,2031200.0,2005000.0,2028700.0,4664187
20190702 20:00,2034900.0,2045900.0,2027000.0,2041900.0,4252172
20190704 20:00,2046399.0,2050750.0,2029000.0,2039000.0,5920989
20190707 20:00,2031500.0,2031800.0,1984199.0,2002200.0,7077768
20190708 20:00,1981000.0,2015000.0,1977000.0,2008500.0,6282219
20190709 20:00,2007100.0,2037100.0,2002000.0,2033500.0,4744111
20190710 20:00,2036500.0,2043800.0,2015100.0,2016500.0,5904248
20190711 20:00,2018000.0,2039900.0,2018000.0,2032400.0,4988877
20190714 20:00,2038600.0,2058700.0,2032500.0,2051500.0,5445341
20190715 20:00,2051900.0,2061100.0,2035050.0,2042000.0,4062062
20190716 20:00,2045500.0,2050900.0,2028000.0,2029900.0,4599190
20190717 20:00,2039500.0,2062000.0,2036500.0,2059600.0,4704060
20190718 20:00,2063000.0,2067000.0,2022500.0,2023400.0,6486432
20190721 20:00,2033700.0,2079900.0,2031500.0,2079900.0,7198851
20190722 20:00,2083000.0,2091800.0,2067500.0,2079000.0,5036391
20190723 20:00,2075000.0,2091500.0,2069900.0,2089400.0,4436127
20190724 20:00,2086000.0,2094900.0,2067500.0,2072000.0,5077924
20190725 20:00,2077200.0,2097300.0,2072500.0,2077700.0,5171759
20190728 20:00,2080000.0,2106400.0,2073899.0,2096000.0,6832372
20190729 20:00,2094500.0,2185000.0,2060000.0,2181000.0,8575583
20190730 20:00,2175100.0,2213650.0,2113000.0,2129300.0,18613339
20190731 20:00,2140000.0,2180300.0,2065600.0,2067500.0,13430644
20190801 20:00,2060000.0,2077900.0,2016399.0,2045000.0,10970615
20190804 20:00,1996000.0,2000000.0,1870700.0,1873000.0,15393084
20190805 20:00,1928000.0,1980700.0,1923400.0,1960300.0,10106228
20190806 20:00,1971000.0,1995500.0,1938300.0,1985000.0,9426907
20190807 20:00,2000500.0,2037100.0,1993500.0,2030000.0,9082044
20190808 20:00,2012000.0,2027600.0,1993000.0,2011200.0,7742384
20190811 20:00,2020000.0,2020500.0,1990100.0,2007000.0,7238772
20190812 20:00,2000600.0,2121400.0,1989600.0,2095000.0,12505450
20190813 20:00,2085900.0,2088300.0,2015800.0,2025100.0,11187813
20190814 20:00,2033800.0,2051500.0,1991300.0,2025600.0,6721400
20190815 20:00,2033500.0,2071600.0,2033300.0,2064500.0,8695161
20190818 20:00,2086200.0,2127300.0,2086000.0,2101000.0,6213056
20190819 20:00,2111000.0,2133500.0,2099900.0,2107000.0,6651229
20190820 20:00,2116000.0,2136500.0,2116000.0,2133900.0,5392056
20190821 20:00,2132700.0,2144300.0,2107600.0,2123700.0,7374410
20190822 20:00,2130600.0,2141300.0,2012500.0,2018000.0,11643368
20190825 20:00,2055000.0,2071900.0,2041600.0,2063300.0,7233152
20190826 20:00,2057500.0,2085500.0,2035400.0,2047000.0,9215708
20190827 20:00,2047500.0,2057400.0,2029700.0,2052000.0,4857238
20190828 20:00,2073500.0,2093200.0,2066500.0,2089700.0,6215646
20190829 20:00,2095000.0,2113100.0,2072100.0,2082000.0,7187208
20190902 20:00,2055700.0,2071900.0,2042300.0,2061000.0,5738336
20190903 20:00,2087800.0,2094700.0,2073100.0,2090000.0,5945981
20190904 20:00,2106500.0,2139600.0,2106000.0,2135500.0,7443063
20190905 20:00,2132800.0,2144100.0,2125100.0,2135700.0,6814847
20190908 20:00,2136600.0,2164400.0,2130900.0,2145500.0,8422570
20190909 20:00,2135200.0,2175000.0,2117100.0,2169000.0,9247812
20190910 20:00,2172500.0,2256800.0,2165600.0,2256800.0,12388136
20190911 20:00,2251500.0,2264100.0,2224600.0,2234000.0,9694285
20190912 20:00,2233000.0,2239100.0,2170300.0,2185000.0,10244895
20190915 20:00,2165000.0,2203200.0,2162500.0,2202700.0,6606881
20190916 20:00,2199000.0,2209900.0,2190600.0,2209900.0,5678949
20190917 20:00,2210500.0,2229600.0,2194500.0,2224000.0,7428821
20190918 20:00,2223500.0,2237600.0,2203700.0,2210000.0,6743738
20190919 20:00,2213700.0,2225500.0,2174800.0,2176900.0,29710551
20190922 20:00,2180000.0,2199100.0,2173400.0,2199000.0,6168262
20190923 20:00,2198000.0,2224800.0,2171900.0,2184400.0,10089852
20190924 20:00,2174500.0,2215000.0,2163000.0,2208600.0,6762461
20190925 20:00,2210300.0,2215500.0,2188300.0,2197000.0,6483621
20190926 20:00,2201000.0,2209600.0,2172900.0,2187500.0,7328045
20190929 20:00,2204700.0,2246400.0,2198400.0,2245200.0,7401272
20190930 20:00,2248000.0,2282000.0,2242000.0,2251000.0,9170965
20191001 20:00,2237000.0,2239700.0,2179300.0,2185800.0,9745427
20191002 20:00,2193000.0,2209800.0,2151500.0,2205000.0,7279586
20191003 20:00,2230300.0,2274900.0,2230000.0,2269500.0,8601649
20191006 20:00,2260000.0,2299300.0,2257000.0,2274000.0,7734841
20191007 20:00,2270200.0,2280500.0,2231400.0,2237600.0,7461690
20191008 20:00,2250200.0,2277800.0,2230400.0,2243000.0,5217876
20191009 20:00,2261200.0,2312200.0,2261200.0,2312000.0,7680331
20191010 20:00,2313500.0,2376400.0,2313500.0,2372000.0,10779336
20191013 20:00,2366000.0,2381300.0,2338500.0,2364500.0,5686656
20191014 20:00,2371300.0,2376400.0,2348900.0,2350000.0,5536133
20191015 20:00,2347500.0,2352400.0,2332000.0,2343400.0,4898867
20191016 20:00,2347900.0,2361400.0,2335300.0,2352700.0,4400473
20191017 20:00,2350000.0,2375800.0,2342900.0,2363000.0,8208374
20191020 20:00,2374500.0,2409800.0,2370900.0,2407000.0,6619267
20191021 20:00,2405000.0,2422000.0,2386900.0,2390100.0,4851809
20191022 20:00,2401100.0,2442400.0,2397700.0,2442000.0,4806429
20191023 20:00,2440000.0,2450100.0,2418100.0,2434000.0,4353540
20191024 20:00,2435800.0,2470100.0,2428800.0,2467000.0,4658324
20191027 20:00,2475000.0,2493500.0,2467300.0,2492700.0,5939826
20191028 20:00,2490500.0,2497400.0,2425700.0,2438300.0,7790076
20191029 20:00,2430500.0,2525000.0,2412200.0,2481900.0,7334447
20191030 20:00,2490100.0,2497900.0,2456000.0,2485700.0,8537600
20191031 20:00,2488500.0,2562100.0,2486500.0,2561900.0,10192102
20191103 19:00,2567500.0,2582900.0,2553800.0,2581700.0,6524744
20191104 19:00,2582500.0,2584400.0,2563200.0,2568600.0,5173575
20191105 19:00,2571500.0,2575700.0,2553600.0,2574500.0,5482072
20191106 19:00,2577500.0,2603500.0,2577500.0,2593500.0,6168480
20191107 19:00,2591000.0,2604400.0,2568500.0,2600500.0,4833937
20191110 19:00,2589000.0,2624600.0,2581900.0,2624000.0,4879163
20191111 19:00,2624000.0,2627900.0,2609300.0,2617200.0,5469622
20191112 19:00,2612000.0,2647799.0,2600000.0,2645600.0,6639136
20191113 19:00,2641500.0,2648700.0,2612900.0,2619400.0,5948525
20191114 19:00,2632100.0,2660800.0,2630100.0,2658600.0,8103814
20191117 19:00,2662000.0,2677799.0,2642300.0,2672500.0,5652466
20191118 19:00,2676000.0,2685600.0,2654000.0,2655100.0,5324421
20191119 19:00,2649800.0,2660700.0,2604100.0,2640000.0,7234295
20191120 19:00,2633300.0,2655000.0,2611800.0,2621000.0,7104967
20191121 19:00,2632200.0,2632300.0,2608399.0,2618900.0,4822726
20191124 19:00,2628000.0,2664300.0,2617100.0,2663700.0,6876067
20191125 19:00,2663500.0,2670899.0,2635899.0,2649700.0,10850785
20191126 19:00,2650299.0,2679800.0,2650000.0,2671200.0,3564154
20191128 19:00,2671000.0,2679900.0,2659000.0,2675500.0,3693659
20191201 19:00,2687000.0,2692500.0,2630000.0,2634100.0,6579963
20191202 19:00,2648000.0,2649000.0,2562900.0,2597799.0,6905416
20191203 19:00,2594200.0,2633100.0,2594200.0,2613500.0,4630270
20191204 19:00,2622200.0,2658900.0,2620299.0,2656500.0,4860832
20191205 19:00,2663000.0,2710000.0,2657500.0,2705200.0,6543093
20191208 19:00,2700299.0,2707900.0,2649100.0,2666600.0,8584535
20191209 19:00,2653200.0,2700600.0,2640000.0,2688600.0,5658635
20191210 19:00,2685299.0,2711000.0,2684100.0,2708500.0,5102334
20191211 19:00,2714900.0,2728500.0,2670000.0,2728500.0,8300689
20191212 19:00,2738300.0,2753000.0,2707100.0,2751100.0,7230770
20191215 19:00,2763000.0,2807900.0,2760500.0,2801000.0,7615618
20191216 19:00,2802200.0,2817700.0,2783900.0,2802100.0,7655130
20191217 19:00,2801600.0,2818900.0,2791300.0,2798900.0,7322360
20191218 19:00,2797900.0,2811800.0,2789000.0,2801800.0,6723393
20191219 19:00,2801100.0,2835400.0,2786300.0,2792000.0,28882812
20191222 19:00,2800200.0,2846100.0,2800000.0,2844900.0,6743116
20191223 19:00,2845600.0,2854700.0,2829300.0,2844200.0,2095147
20191225 19:00,2848900.0,2906900.0,2845700.0,2905299.0,5331473
20191226 19:00,2910000.0,2939600.0,2881100.0,2897799.0,7783507
20191229 19:00,2901200.0,2926900.0,2852300.0,2914800.0,7328212
20191230 19:00,2914000.0,2938800.0,2895299.0,2938200.0,6215133
20200101 19:00,2952500.0,3009300.0,2950800.0,3008500.0,8242956
20200102 19:00,2972000.0,3005800.0,2943100.0,2977900.0,7340919
20200105 19:00,2955299.0,2999600.0,2927500.0,2990100.0,6390771
20200106 19:00,3004000.0,3009500.0,2937500.0,2945100.0,5968500
20200107 19:00,2965100.0,3044300.0,2965100.0,3035800.0,8224184
20200108 19:00,3050200.0,3104200.0,3050200.0,3103000.0,8359621
20200109 19:00,3113600.0,3126600.0,3082500.0,3105299.0,7194979
20200112 19:00,3114000.0,3181700.0,3111500.0,3181700.0,6360263
20200113 19:00,3168000.0,3177600.0,3109800.0,3109800.0,9658120
20200114 19:00,3118000.0,3155000.0,3095500.0,3122000.0,6838192
20200115 19:00,3135800.0,3156200.0,3120899.0,3153000.0,5828567
20200116 19:00,3162000.0,3187700.0,3150500.0,3186800.0,9144671
20200120 19:00,3163399.0,3190200.0,3161600.0,3171800.0,8004405
20200121 19:00,3181000.0,3199800.0,3172000.0,3175200.0,6174642
20200122 19:00,3170100.0,3197500.0,3156500.0,3196000.0,6271629
20200123 19:00,3205000.0,3233200.0,3175200.0,3178100.0,8228516
20200126 19:00,3143200.0,3143200.0,3059100.0,3098000.0,10945239
20200127 19:00,3126000.0,3276900.0,3098000.0,3218800.0,8867064
20200128 19:00,3238000.0,3278500.0,3213900.0,3241000.0,12680915
20200129 19:00,3212000.0,3247500.0,3187500.0,3231500.0,6598808
20200130 19:00,3228800.0,3230000.0,3082799.0,3086700.0,13008891
20200202 19:00,3102100.0,3134900.0,3022200.0,3079400.0,9565808
20200203 19:00,3123000.0,3196400.0,3123000.0,3181100.0,7988649
20200204 19:00,3202100.0,3247500.0,3189600.0,3217700.0,7485759
20200205 19:00,3237000.0,3257300.0,3203000.0,3256800.0,6793121
20200206 19:00,3246000.0,3247000.0,3181000.0,3194000.0,6566842
20200209 19:00,3179400.0,3216000.0,3138500.0,3208200.0,7399467
20200210 19:00,3218300.0,3239000.0,3187200.0,3196500.0,5462520
20200211 19:00,3206600.0,3273399.0,3206100.0,3252000.0,7590015
20200212 19:00,3240200.0,3262100.0,3213000.0,3248500.0,5841761
20200213 19:00,3248700.0,3265000.0,3228600.0,3249500.0,5492923
20200217 19:00,3164000.0,3197500.0,3101000.0,3196600.0,9666809
20200218 19:00,3201600.0,3245700.0,3200000.0,3237000.0,7241798
20200219 19:00,3232900.0,3246500.0,3177900.0,3179800.0,6484200
20200220 19:00,3181700.0,3204500.0,3105000.0,3122000.0,10286236
20200223 19:00,3000000.0,3041200.0,2892300.0,2990000.0,18752139
20200224 19:00,3017000.0,3025200.0,2861600.0,2898000.0,17637959
20200225 19:00,2851000.0,2978700.0,2814000.0,2909000.0,13586604
20200226 19:00,2898000.0,2915000.0,2690000.0,2717500.0,23220400
20200227 19:00,2633300.0,2784200.0,2563700.0,2758300.0,31559479
20200301 19:00,2750000.0,2988800.0,2725000.0,2978500.0,22397103
20200302 19:00,3017200.0,3041500.0,2855600.0,2867000.0,21765372
20200303 19:00,2950000.0,3030299.0,2931800.0,3010000.0,15984018
20200304 19:00,2978800.0,2995500.0,2914200.0,2934100.0,12696998
20200305 19:00,2894900.0,2907900.0,2802400.0,2866000.0,16357949
20200308 20:00,2705000.0,2780899.0,2613100.0,2738000.0,20317908
20200309 20:00,2753000.0,2856900.0,2693700.0,2795000.0,19808231
20200310 20:00,2782000.0,2812200.0,2722100.0,2755000.0,16065709
20200311 20:00,2635000.0,2700000.0,2355100.0,2366500.0,30306567
20200312 20:00,2570000.0,2790000.0,2529800.0,2735000.0,24688035
20200315 20:00,2546900.0,2591200.0,2385200.0,2499000.0,27642596
20200316 20:00,2563100.0,2588000.0,2384100.0,2440000.0,23186801
20200317 20:00,2390000.0,2539800.0,2360000.0,2536100.0,22668146
20200318 20:00,2453900.0,2528300.0,2416600.0,2436000.0,20345918
20200319 20:00,2445600.0,2586000.0,2280000.0,2280800.0,42144353
20200322 20:00,2227100.0,2380600.0,2126200.0,2280000.0,22406412
20200323 20:00,2343100.0,2490000.0,2312100.0,2461900.0,22900084
20200324 20:00,2548600.0,2600000.0,2443000.0,2474000.0,21365436
20200325 20:00,2429700.0,2590000.0,2404000.0,2589300.0,18292710
20200326 20:00,2543300.0,2558700.0,2470000.0,2470200.0,14841281
20200329 20:00,2450100.0,2554900.0,2450100.0,2545000.0,11420300
20200330 20:00,2572700.0,2624800.0,2506000.0,2506000.0,13685432
20200331 20:00,2510000.0,2510000.0,2391400.0,2429100.0,12496141
20200401 20:00,2450000.0,2463700.0,2369000.0,2440200.0,10906528
20200402 20:00,2420100.0,2458000.0,2389700.0,2414000.0,8417555
20200405 20:00,2487100.0,2631100.0,2487100.0,2626100.0,17128447
20200406 20:00,2680100.0,2717000.0,2576400.0,2601900.0,12044641
20200407 20:00,2605000.0,2673800.0,2572000.0,2673000.0,11676996
20200408 20:00,2686400.0,2702500.0,2625000.0,2691500.0,10212222
20200412 20:00,2658000.0,2749100.0,2645000.0,2748399.0,8634165
20200413 20:00,2750000.0,2881800.0,2750000.0,2859400.0,12862243
20200414 20:00,2840000.0,2863500.0,2793399.0,2830000.0,7659208
20200415 20:00,2860000.0,2966500.0,2823600.0,2954500.0,9376351
20200416 20:00,2892300.0,2913000.0,2768600.0,2822200.0,14110116
20200419 20:00,2827000.0,2827000.0,2760000.0,2770299.0,8842298
20200420 20:00,2750000.0,2784800.0,2654300.0,2701200.0,13138008
20200421 20:00,2718100.0,2778500.0,2713000.0,2741500.0,7785805
20200422 20:00,2741500.0,2817500.0,2731000.0,2731500.0,8783971
20200423 20:00,2738000.0,2830000.0,2728100.0,2818000.0,8450683
20200426 20:00,2859400.0,2866000.0,2799500.0,2832600.0,7162476
20200427 20:00,2840000.0,2869600.0,2782000.0,2803600.0,7330070
20200428 20:00,2826500.0,2924500.0,2805200.0,2923200.0,8750493
20200429 20:00,2923000.0,3014700.0,2847799.0,2861800.0,13837092
20200430 20:00,2852799.0,2990000.0,2833900.0,2904100.0,13126376
20200503 20:00,2875700.0,2936800.0,2863200.0,2936500.0,8643735
20200504 20:00,2960000.0,3010000.0,2932000.0,2988900.0,9435771
20200505 20:00,2995800.0,3032400.0,2988700.0,2999900.0,8489599
20200506 20:00,3031100.0,3055000.0,3019700.0,3055000.0,7797021
20200507 20:00,3065000.0,3107300.0,3043000.0,3105500.0,8956462
20200510 20:00,3115500.0,3170500.0,3070100.0,3153399.0,7712649
20200511 20:00,3149700.0,3196900.0,3086000.0,3090000.0,10121462
20200512 20:00,3116000.0,3159500.0,3032000.0,3085000.0,11183112
20200513 20:00,3076500.0,3104300.0,3015500.0,3102500.0,10448385
20200514 20:00,3111500.0,3113900.0,2997400.0,3066500.0,9691066
20200517 20:00,3100000.0,3163900.0,3080000.0,3151000.0,9305795
20200518 20:00,3161300.0,3185200.0,3126100.0,3144900.0,5160901
20200519 20:00,3151300.0,3196400.0,3150500.0,3192000.0,7315150
20200520 20:00,3180000.0,3208900.0,3158700.0,3179900.0,5419246
20200521 20:00,3129500.0,3193000.0,3125000.0,3190600.0,5038361
20200525 20:00,3235000.0,3255000.0,3165000.0,3169600.0,8002562
20200526 20:00,3200000.0,3212300.0,3131000.0,3175000.0,6452729
20200527 20:00,3180299.0,3234400.0,3145299.0,3180700.0,9815945
20200528 20:00,3179900.0,3212700.0,3164700.0,3189000.0,13496483
20200531 20:00,3189900.0,3223500.0,3135000.0,3207500.0,5912684
20200601 20:00,3225800.0,3242000.0,3189200.0,3234400.0,6722316
20200602 20:00,3247700.0,3261000.0,3223100.0,3252000.0,7749344
20200603 20:00,3246700.0,3256200.0,3207799.0,3221500.0,6493639
20200604 20:00,3243000.0,3317500.0,3215400.0,3308900.0,10801885
20200607 20:00,3309600.0,3336000.0,3273399.0,3328600.0,7240945
20200608 20:00,3317100.0,3456000.0,3290000.0,3454000.0,9583448
20200609 20:00,3465000.0,3547700.0,3442300.0,3510000.0,10721793
20200610 20:00,3485600.0,3510500.0,3355000.0,3406300.0,14730663
20200611 20:00,3411700.0,3477900.0,3342300.0,3384000.0,12575863
20200614 20:00,3306200.0,3457900.0,3303000.0,3457900.0,9593242
20200615 20:00,3470000.0,3532000.0,3447600.0,3528000.0,11174948
20200616 20:00,3542799.0,3560000.0,3500000.0,3500299.0,7357292
20200617 20:00,3515899.0,3534500.0,3492200.0,3526400.0,6253319
20200618 20:00,3543500.0,3569400.0,3451400.0,3472000.0,29124900
20200621 20:00,3508100.0,3622300.0,3500000.0,3622000.0,8576899
20200622 20:00,3640000.0,3723700.0,3622799.0,3653200.0,11094216
20200623 20:00,3659000.0,3687700.0,3585299.0,3591600.0,10562631
20200624 20:00,3575000.0,3653800.0,3573500.0,3652900.0,7868463
20200625 20:00,3639900.0,3659100.0,3530200.0,3536800.0,14474547
20200628 20:00,3537799.0,3632000.0,3512799.0,3626900.0,8498804
20200629 20:00,3625000.0,3659800.0,3585600.0,3640000.0,10099170
20200630 20:00,3643100.0,3673600.0,3622100.0,3639500.0,6988790
20200701 20:00,3653900.0,3704700.0,3637600.0,3648000.0,7383006
20200705 20:00,3692300.0,3757799.0,3691300.0,3755000.0,8166626
20200706 20:00,3730299.0,3786200.0,3716800.0,3748000.0,7127551
20200707 20:00,3749000.0,3830500.0,3730000.0,3823500.0,7538375
20200708 20:00,3813700.0,3854000.0,3786600.0,3834900.0,7596239
20200709 20:00,3814500.0,3841300.0,3788200.0,3837000.0,6229963
20200712 20:00,3864000.0,3998300.0,3810000.0,3845000.0,11564198
20200713 20:00,3822000.0,3911600.0,3755100.0,3911200.0,10757195
20200714 20:00,3894100.0,3980000.0,3859800.0,3887799.0,9448406
20200715 20:00,3877000.0,3896200.0,3830200.0,3849300.0,6912092
20200716 20:00,3850500.0,3890000.0,3833700.0,3854500.0,7231122
20200719 20:00,3830400.0,3940000.0,3823300.0,3938500.0,6885515
20200720 20:00,3970000.0,3980100.0,3870299.0,3886800.0,7228882
20200721 20:00,3875000.0,3919000.0,3856000.0,3882500.0,5303347
20200722 20:00,3910000.0,3916600.0,3680400.0,3724000.0,12690903
20200723 20:00,3670200.0,3718800.0,3565800.0,3697000.0,11110881
20200726 20:00,3727900.0,3810000.0,3713200.0,3809000.0,8039082
20200727 20:00,3805000.0,3813800.0,3730000.0,3744000.0,6435958
20200728 20:00,3754000.0,3822300.0,3747700.0,3809000.0,5790940
20200729 20:00,3770000.0,4095500.0,3745000.0,4095000.0,10939185
20200730 20:00,4094400.0,4279800.0,4033399.0,4275200.0,24778275
20200802 20:00,4275600.0,4465900.0,4270300.0,4352100.0,17858830
20200803 20:00,4357500.0,4431700.0,4331600.0,4386600.0,9825014
20200804 20:00,4410100.0,4429600.0,4355900.0,4393000.0,7210808
20200805 20:00,4398600.0,4576500.0,4383500.0,4570000.0,10575802
20200806 20:00,4530000.0,4552300.0,4411500.0,4454700.0,10896696
20200809 20:00,4477500.0,4551000.0,4400000.0,4499500.0,11055897
20200810 20:00,4526000.0,4542300.0,4364400.0,4402100.0,11565093
20200811 20:00,4413900.0,4531000.0,4411000.0,4525000.0,9809597
20200812 20:00,4521500.0,4641600.0,4505200.0,4595100.0,10089557
20200813 20:00,4595000.0,4615200.0,4521800.0,4591700.0,8108865
20200816 20:00,4625000.0,4644900.0,4558500.0,4590500.0,7519949
20200817 20:00,4583800.0,4640000.0,4560400.0,4628500.0,6371259
20200818 20:00,4640000.0,4686400.0,4618100.0,4623400.0,8755242
20200819 20:00,4623600.0,4768400.0,4608600.0,4765500.0,7510416
20200820 20:00,4773000.0,4994700.0,4740000.0,4989000.0,18360437
20200823 20:00,5056600.0,5156000.0,4957500.0,5061500.0,19106359
20200824 20:00,5077900.0,5077900.0,4922100.0,4995400.0,10997802
20200825 20:00,5000000.0,5079800.0,4989000.0,5053000.0,9420603
20200826 20:00,5070100.0,5099400.0,4953500.0,5008400.0,10318765
20200827 20:00,5010000.0,5057500.0,4983100.0,5019300.0,15365689
20200830 20:00,1372900.0,1372900.0,1250200.0,1293400.0,56690010
20200831 20:00,1324300.0,1350000.0,1305500.0,1349900.0,35512356
20200901 20:00,1364000.0,1385500.0,1270000.0,1315400.0,47535841
20200902 20:00,1318000.0,1322500.0,1167000.0,1171900.0,66797024
20200903 20:00,1160000.0,1236900.0,1108900.0,1200000.0,81902991
20200907 20:00,1204000.0,1204000.0,1105900.0,1125000.0,56772924
20200908 20:00,1146700.0,1191300.0,1146200.0,1185200.0,41066964
20200909 20:00,1168000.0,1206400.0,1125000.0,1141000.0,39095165
20200910 20:00,1155200.0,1163800.0,1100300.0,1119800.0,34653223
20200913 20:00,1144000.0,1159900.0,1128100.0,1159400.0,29971926
20200914 20:00,1163900.0,1188700.0,1136100.0,1148000.0,31569826
20200915 20:00,1159500.0,1166500.0,1120000.0,1128200.0,32467194
20200916 20:00,1111500.0,1126500.0,1086500.0,1103200.0,39735037
20200917 20:00,1108500.0,1119000.0,1061000.0,1069100.0,105431986
20200920 20:00,1052900.0,1110000.0,1031000.0,1109000.0,37777898
20200921 20:00,1110000.0,1128700.0,1091600.0,1106100.0,34390086
20200922 20:00,1115800.0,1126100.0,1055700.0,1055800.0,36643248
20200923 20:00,1068200.0,1102400.0,1048100.0,1090000.0,32660907
20200924 20:00,1083900.0,1125700.0,1072500.0,1122500.0,28682059
20200927 20:00,1139500.0,1155000.0,1127900.0,1154900.0,29104700
20200928 20:00,1148700.0,1153100.0,1135800.0,1143300.0,17116251
20200929 20:00,1130000.0,1172400.0,1125200.0,1163000.0,34144115
20200930 20:00,1165700.0,1181000.0,1158350.0,1167900.0,23810684
20201001 20:00,1141900.0,1153700.0,1122300.0,1125800.0,29921467
20201004 20:00,1139200.0,1166500.0,1134000.0,1157800.0,21132525
20201005 20:00,1157000.0,1161300.0,1122500.0,1132300.0,29528186
20201006 20:00,1142000.0,1154700.0,1136100.0,1153600.0,20382764
20201007 20:00,1158100.0,1165000.0,1146000.0,1152500.0,15918380
20201008 20:00,1155500.0,1180000.0,1149200.0,1180000.0,21749584
20201011 20:00,1187000.0,1251800.0,1186900.0,1248900.0,44697644
20201012 20:00,1248400.0,1273200.0,1196900.0,1212900.0,43049732
20201013 20:00,1222800.0,1230300.0,1196200.0,1208000.0,25887878
20201014 20:00,1192300.0,1212000.0,1172700.0,1209900.0,20775272
20201015 20:00,1210000.0,1220900.0,1187100.0,1187200.0,23646261
20201018 20:00,1200900.0,1210500.0,1156600.0,1170800.0,24626786
20201019 20:00,1175000.0,1189800.0,1156300.0,1178300.0,19917074
20201020 20:00,1177200.0,1187000.0,1160000.0,1163900.0,19637529
20201021 20:00,1160700.0,1180400.0,1145900.0,1161000.0,20719547
20201022 20:00,1163000.0,1166800.0,1142900.0,1150900.0,15390083
20201025 20:00,1137900.0,1165400.0,1128800.0,1148600.0,24377236
20201026 20:00,1153000.0,1172750.0,1145300.0,1161500.0,17967437
20201027 20:00,1159000.0,1162100.0,1111300.0,1120600.0,33370644
20201028 20:00,1130000.0,1169200.0,1085900.0,1104000.0,33268510
20201029 20:00,1096000.0,1119800.0,1077300.0,1085100.0,41036633
20201101 19:00,1094500.0,1106600.0,1073300.0,1086100.0,24844116
20201102 19:00,1096000.0,1114600.0,1087300.0,1108100.0,23060293
20201103 19:00,1133100.0,1160000.0,1121900.0,1155600.0,34590275
20201104 19:00,1179400.0,1196200.0,1168700.0,1187000.0,27894149
20201105 19:00,1175000.0,1192000.0,1161300.0,1184500.0,23467697
20201108 19:00,1213200.0,1219850.0,1160400.0,1171900.0,38726037
20201109 19:00,1166700.0,1175900.0,1140200.0,1159100.0,29162981
20201110 19:00,1176500.0,1200600.0,1164400.0,1196500.0,20726284
20201111 19:00,1187700.0,1205200.0,1185700.0,1190700.0,20766067
20201112 19:00,1195200.0,1201200.0,1178800.0,1191400.0,18397540
20201115 19:00,1197200.0,1209900.0,1181500.0,1199300.0,20747390
20201116 19:00,1195000.0,1206700.0,1189600.0,1192600.0,19379703
20201117 19:00,1194200.0,1200000.0,1177400.0,1180000.0,19119683
20201118 19:00,1175600.0,1190000.0,1168100.0,1182000.0,17211036
20201119 19:00,1185400.0,1189500.0,1169100.0,1171000.0,19860702
20201122 19:00,1174400.0,1179100.0,1137500.0,1144500.0,26292428
20201123 19:00,1144800.0,1158500.0,1125900.0,1153000.0,27150588
20201124 19:00,1158900.0,1167500.0,1149000.0,1162200.0,17406688
20201126 19:00,1167600.0,1174850.0,1162150.0,1164400.0,10967197
20201129 19:00,1164800.0,1209700.0,1162100.0,1205200.0,51063421
20201130 19:00,1204000.0,1234600.0,1200100.0,1228800.0,26875495
20201201 19:00,1225000.0,1233700.0,1208900.0,1230100.0,19629069
20201202 19:00,1232400.0,1238700.0,1222100.0,1228500.0,17879357
20201203 19:00,1232500.0,1233300.0,1215200.0,1220100.0,16878761
20201206 19:00,1219700.0,1245600.0,1211600.0,1236400.0,19943913
20201207 19:00,1237400.0,1249750.0,1229700.0,1241800.0,19027875
20201208 19:00,1246500.0,1259500.0,1208800.0,1213600.0,29595001
20201209 19:00,1215000.0,1238600.0,1200200.0,1231100.0,20486154
20201210 19:00,1228600.0,1229600.0,1205500.0,1221700.0,20743711
20201213 19:00,1222700.0,1233400.0,1216100.0,1218500.0,24738768
20201214 19:00,1227700.0,1280000.0,1220000.0,1278400.0,34568071
20201215 19:00,1281000.0,1286900.0,1265600.0,1278800.0,22585131
20201216 19:00,1283800.0,1295700.0,1280500.0,1284100.0,20327692
20201217 19:00,1288800.0,1293500.0,1261200.0,1271500.0,98328629
20201220 19:00,1270600.0,1320000.0,1234500.0,1311200.0,29623300
20201221 19:00,1306600.0,1344050.0,1296550.0,1317400.0,30066469
20201222 19:00,1318800.0,1327600.0,1307800.0,1309600.0,20157174
20201223 19:00,1310900.0,1334550.0,1306900.0,1320000.0,9204029
20201227 19:00,1328700.0,1373400.0,1325700.0,1370000.0,22908930
20201228 19:00,1375000.0,1387850.0,1343450.0,1348500.0,21961047
20201229 19:00,1355100.0,1359900.0,1334000.0,1337400.0,18488919
20201230 19:00,1336900.0,1347300.0,1317200.0,1326900.0,23468314
20210103 19:00,1338000.0,1344300.0,1267600.0,1292500.0,35408893
20210104 19:00,1299400.0,1317400.0,1283200.0,1307400.0,19921518
20210105 19:00,1281900.0,1310400.0,1263100.0,1273700.0,34897192
20210106 19:00,1279900.0,1316250.0,1274100.0,1309600.0,23925753
20210107 19:00,1316600.0,1328400.0,1302300.0,1319100.0,22448608
20210110 19:00,1313899.0,1317700.0,1285000.0,1291100.0,22859315
20210111 19:00,1291699.0,1299500.0,1268650.0,1290000.0,17207989
20210112 19:00,1293100.0,1314500.0,1283000.0,1310300.0,19736567
20210113 19:00,1310100.0,1311500.0,1287800.0,1292600.0,19502259
20210114 19:00,1290500.0,1302200.0,1269000.0,1270800.0,27937312
20210118 19:00,1286699.0,1291600.0,1269400.0,1281300.0,18708541
20210119 19:00,1286399.0,1325500.0,1280000.0,1325400.0,23882734
20210120 19:00,1332900.0,1375000.0,1330000.0,1364100.0,23065825
20210121 19:00,1358600.0,1402200.0,1350200.0,1402200.0,21590533
20210124 19:00,1416000.0,1450800.0,1365500.0,1430300.0,29623849
20210125 19:00,1429400.0,1450000.0,1413800.0,1449100.0,18605865
20210126 19:00,1444500.0,1451000.0,1370000.0,1372300.0,33405663
20210127 19:00,1377400.0,1421200.0,1343899.0,1368800.0,35667480
20210128 19:00,1357100.0,1367300.0,1302100.0,1318000.0,41434989
20210131 19:00,1337000.0,1353800.0,1309199.0,1343100.0,25185501
20210201 19:00,1355200.0,1364700.0,1345300.0,1349900.0,19254865
20210202 19:00,1356000.0,1380200.0,1336200.0,1367200.0,18793953
20210203 19:00,1360400.0,1375000.0,1346000.0,1371800.0,18693012
20210204 19:00,1370200.0,1381699.0,1358500.0,1363100.0,15260279
20210207 19:00,1367000.0,1371600.0,1349300.0,1366800.0,16344634
20210208 19:00,1365100.0,1378700.0,1358500.0,1360400.0,14243501
20210209 19:00,1370000.0,1370000.0,1344100.0,1352600.0,15216524
20210210 19:00,1356300.0,1363899.0,1337800.0,1349600.0,13238429
20210211 19:00,1347500.0,1355100.0,1337000.0,1353700.0,13964536
20210215 19:00,1358000.0,1363700.0,1327800.0,1327800.0,18320032
20210216 19:00,1329400.0,1329500.0,1294700.0,1308000.0,20621172
20210217 19:00,1303200.0,1303200.0,1274100.0,1292300.0,19828121
20210218 19:00,1298000.0,1308000.0,1288000.0,1296200.0,21231897
20210221 19:00,1274900.0,1297300.0,1256000.0,1261100.0,26266425
20210222 19:00,1259900.0,1267050.0,1183800.0,1255900.0,32987424
20210223 19:00,1254700.0,1274800.0,1222400.0,1252800.0,25649128
20210224 19:00,1252400.0,1264500.0,1203500.0,1204800.0,33744001
20210225 19:00,1216800.0,1248500.0,1197400.0,1218000.0,45819418
20210228 19:00,1243000.0,1286900.0,1228000.0,1284000.0,26946109
20210301 19:00,1266700.0,1287200.0,1250000.0,1253000.0,23856270
20210302 19:00,1262600.0,1267000.0,1214500.0,1214500.0,27765741
20210303 19:00,1219300.0,1236000.0,1186200.0,1192600.0,38780936
20210304 19:00,1197900.0,1219300.0,1175700.0,1214800.0,36248300
20210307 19:00,1197500.0,1210100.0,1161100.0,1169400.0,35288962
20210308 19:00,1181500.0,1220500.0,1181300.0,1212500.0,30348890
20210309 19:00,1216000.0,1221700.0,1194600.0,1201000.0,23674908
20210310 19:00,1217800.0,1232100.0,1212600.0,1221100.0,23149320
20210311 19:00,1202800.0,1211600.0,1191600.0,1210900.0,18148042
20210314 20:00,1209800.0,1245500.0,1204200.0,1241000.0,21268632
20210315 20:00,1245400.0,1272200.0,1244000.0,1252400.0,19624271
20210316 20:00,1252300.0,1258500.0,1223400.0,1249500.0,24234402
20210317 20:00,1240300.0,1241700.0,1203300.0,1205500.0,29517889
20210318 20:00,1212500.0,1217000.0,1196800.0,1200200.0,74212600
20210321 20:00,1206500.0,1238700.0,1201300.0,1231000.0,26732459
20210322 20:00,1230000.0,1242400.0,1221400.0,1224700.0,21401206
20210323 20:00,1225000.0,1236000.0,1200000.0,1201500.0,18751731
20210324 20:00,1202700.0,1216600.0,1185900.0,1208500.0,21439201
20210325 20:00,1207900.0,1215000.0,1189300.0,1211000.0,22238761
20210328 20:00,1210000.0,1225800.0,1202100.0,1214000.0,16955031
20210329 20:00,1208000.0,1208300.0,1188700.0,1198900.0,19689108
20210330 20:00,1216400.0,1235250.0,1211600.0,1224500.0,32350044
20210331 20:00,1234600.0,1241800.0,1224900.0,1230100.0,15539526
20210404 20:00,1231000.0,1265000.0,1228500.0,1264800.0,17597128
20210405 20:00,1251000.0,1271200.0,1250000.0,1263500.0,15521249
20210406 20:00,1265700.0,1283899.0,1251500.0,1283899.0,15733002
20210407 20:00,1285700.0,1308800.0,1284700.0,1308800.0,18225366
20210408 20:00,1302600.0,1330400.0,1293000.0,1329199.0,21072211
20210411 20:00,1325300.0,1329800.0,1306399.0,1310300.0,20015507
20210412 20:00,1310300.0,1346600.0,1306300.0,1342500.0,17768322
20210413 20:00,1342500.0,1353100.0,1316600.0,1321600.0,17628240
20210414 20:00,1330000.0,1350000.0,1326000.0,1343200.0,21324939
20210415 20:00,1341699.0,1349800.0,1332800.0,1341100.0,22512241
20210418 20:00,1342000.0,1354700.0,1333400.0,1349700.0,16351001
20210419 20:00,1350300.0,1355300.0,1318200.0,1322900.0,17894283
20210420 20:00,1325500.0,1337450.0,1313100.0,1329000.0,14515566
20210421 20:00,1333000.0,1341500.0,1314199.0,1318700.0,16260718
20210422 20:00,1319400.0,1351200.0,1319300.0,1342800.0,16925017
20210425 20:00,1339100.0,1350550.0,1335700.0,1348500.0,15348429
20210426 20:00,1348100.0,1357500.0,1341100.0,1347800.0,14302396
20210427 20:00,1346000.0,1395000.0,1330900.0,1366900.0,24465159
20210428 20:00,1370000.0,1378100.0,1324500.0,1327000.0,27330755
20210429 20:00,1334800.0,1335600.0,1310700.0,1314500.0,24376951
20210502 20:00,1322000.0,1340600.0,1315000.0,1323200.0,15882520
20210503 20:00,1317900.0,1320900.0,1267000.0,1276300.0,30196659
20210504 20:00,1285100.0,1304400.0,1278100.0,1279800.0,17360732
20210505 20:00,1282500.0,1302400.0,1271300.0,1300400.0,17530453
20210506 20:00,1298000.0,1319900.0,1293400.0,1304700.0,16889023
20210509 20:00,1300500.0,1302100.0,1263000.0,1263100.0,21569240
20210510 20:00,1253000.0,1262700.0,1227800.0,1257100.0,24898772
20210511 20:00,1257200.0,1257200.0,1222550.0,1227600.0,27158887
20210512 20:00,1224600.0,1261400.0,1216600.0,1250800.0,21223415
20210513 20:00,1259700.0,1278800.0,1258500.0,1277900.0,20371190
20210516 20:00,1268000.0,1272600.0,1251700.0,1263000.0,15807737
20210517 20:00,1271400.0,1275300.0,1244000.0,1244000.0,14421915
20210518 20:00,1236000.0,1249100.0,1228500.0,1243000.0,21564872
20210519 20:00,1247400.0,1277150.0,1240600.0,1274900.0,16793751
20210520 20:00,1275300.0,1282400.0,1252000.0,1253000.0,17894680
20210523 20:00,1259000.0,1279400.0,1257500.0,1272700.0,15997510
20210524 20:00,1279200.0,1283100.0,1263200.0,1271000.0,13227713
20210525 20:00,1272700.0,1274600.0,1264300.0,1267000.0,12507943
20210526 20:00,1263000.0,1276300.0,1252800.0,1260000.0,32925307
20210527 20:00,1261000.0,1262700.0,1245300.0,1246500.0,18119663
20210531 20:00,1250600.0,1255600.0,1239400.0,1240100.0,13420068
20210601 20:00,1241100.0,1252300.0,1239900.0,1250800.0,12848777
20210602 20:00,1248900.0,1249700.0,1231300.0,1234900.0,15172081
20210603 20:00,1235400.0,1261550.0,1233100.0,1260000.0,17345458
20210606 20:00,1255700.0,1264600.0,1248400.0,1259100.0,16487129
20210607 20:00,1260000.0,1284600.0,1258300.0,1266500.0,16626375
20210608 20:00,1268400.0,1277400.0,1265300.0,1270200.0,15340900
20210609 20:00,1269300.0,1281800.0,1259400.0,1262700.0,17620661
20210610 20:00,1264500.0,1274400.0,1261100.0,1274000.0,12960535
20210613 20:00,1275300.0,1304900.0,1270700.0,1302000.0,27560457
20210614 20:00,1305200.0,1307500.0,1293899.0,1297000.0,15027122
20210615 20:00,1296399.0,1308899.0,1284700.0,1291900.0,21204659
20210616 20:00,1290400.0,1325500.0,1289000.0,1320300.0,24398158
20210617 20:00,1319500.0,1319900.0,1301500.0,1301900.0,40911787
20210620 20:00,1305600.0,1324400.0,1292200.0,1324199.0,21783376
20210621 20:00,1315400.0,1340900.0,1313800.0,1340700.0,19007523
20210622 20:00,1340000.0,1343200.0,1332300.0,1336600.0,11778651
20210623 20:00,1338700.0,1346900.0,1329300.0,1333400.0,16586226
20210624 20:00,1332100.0,1338850.0,1328000.0,1329500.0,25125267
20210627 20:00,1332600.0,1352400.0,1330000.0,1346600.0,16388800
20210628 20:00,1346300.0,1364900.0,1342000.0,1364100.0,12657389
20210629 20:00,1363300.0,1374000.0,1355000.0,1370800.0,16686169
20210630 20:00,1373500.0,1374100.0,1357700.0,1371300.0,11474871
20210701 20:00,1372500.0,1400000.0,1368600.0,1398899.0,18292962
20210705 20:00,1398000.0,1431399.0,1393800.0,1420500.0,20873652
20210706 20:00,1425500.0,1448899.0,1424500.0,1447600.0,20248024
20210707 20:00,1430600.0,1440600.0,1406699.0,1430200.0,21963682
20210708 20:00,1432400.0,1456399.0,1426100.0,1450900.0,19977813
20210711 20:00,1448000.0,1463200.0,1440000.0,1444600.0,16000908
20210712 20:00,1445000.0,1474600.0,1433899.0,1454100.0,17417706
20210713 20:00,1462500.0,1495700.0,1462500.0,1495000.0,22749149
20210714 20:00,1496500.0,1500000.0,1471000.0,1482200.0,18524634
20210715 20:00,1484800.0,1497600.0,1458100.0,1459199.0,18112106
20210718 20:00,1458000.0,1458000.0,1416750.0,1431200.0,24925708
20210719 20:00,1434800.0,1470900.0,1427500.0,1462800.0,22857838
20210720 20:00,1464300.0,1465300.0,1446399.0,1453100.0,14675393
20210721 20:00,1456600.0,1481900.0,1455200.0,1472500.0,12700469
20210722 20:00,1474300.0,1487100.0,1469199.0,1482800.0,13190579
20210725 20:00,1482700.0,1498300.0,1473400.0,1493300.0,17128123
20210726 20:00,1483500.0,1495100.0,1425000.0,1436500.0,22095657
20210727 20:00,1444000.0,1469600.0,1425400.0,1451200.0,19676176
20210728 20:00,1451399.0,1465500.0,1443300.0,1443300.0,12290235
20210729 20:00,1440100.0,1463300.0,1439400.0,1459000.0,16802090
20210801 20:00,1467000.0,1469900.0,1452500.0,1452700.0,11884577
20210802 20:00,1461200.0,1480400.0,1451800.0,1471000.0,13000568
20210803 20:00,1471000.0,1477800.0,1462800.0,1469900.0,12533981
20210804 20:00,1469500.0,1478400.0,1461699.0,1469199.0,10301404
20210805 20:00,1465000.0,1471000.0,1456300.0,1459700.0,12912424
20210808 20:00,1460100.0,1467000.0,1455200.0,1459800.0,10548647
20210809 20:00,1460900.0,1477100.0,1453000.0,1455900.0,16814634
20210810 20:00,1453000.0,1467100.0,1449100.0,1456500.0,10135597
20210811 20:00,1457100.0,1490500.0,1455000.0,1489700.0,16349912
20210812 20:00,1489700.0,1494400.0,1482700.0,1488200.0,11065344
20210815 20:00,1488700.0,1517000.0,1464700.0,1516699.0,19982536
20210816 20:00,1510800.0,1516699.0,1491000.0,1497900.0,17842156
20210817 20:00,1500100.0,1507100.0,1459400.0,1463700.0,17159334
20210818 20:00,1455800.0,1480000.0,1442400.0,1466000.0,15850453
20210819 20:00,1460600.0,1485000.0,1459000.0,1482900.0,14078389
20210822 20:00,1483100.0,1501800.0,1478899.0,1496500.0,12124271
20210823 20:00,1501399.0,1508500.0,1491500.0,1495300.0,8967872
20210824 20:00,1496200.0,1503100.0,1478000.0,1483000.0,11912192
20210825 20:00,1482000.0,1491200.0,1475000.0,1475700.0,10023833
20210826 20:00,1482400.0,1487500.0,1468400.0,1484700.0,13430271
20210829 20:00,1485900.0,1534900.0,1485300.0,1529300.0,18031159
20210830 20:00,1532000.0,1537000.0,1512900.0,1519000.0,23795744
20210831 20:00,1524800.0,1549800.0,1518400.0,1532500.0,17566475
20210901 20:00,1530800.0,1547200.0,1524000.0,1535600.0,15751315
20210902 20:00,1538500.0,1546200.0,1531000.0,1543100.0,14046820
20210906 20:00,1545600.0,1572600.0,1541800.0,1569100.0,17181167
20210907 20:00,1563000.0,1571900.0,1539750.0,1550000.0,15535048
20210908 20:00,1547200.0,1561100.0,1539500.0,1542300.0,12142291
20210909 20:00,1548200.0,1554800.0,1486600.0,1486699.0,27248448
20210912 20:00,1499400.0,1514199.0,1487500.0,1495300.0,20528586
20210913 20:00,1496699.0,1510700.0,1469100.0,1481900.0,22029911
20210914 20:00,1482400.0,1494400.0,1463700.0,1489700.0,18544715
20210915 20:00,1489700.0,1489700.0,1472300.0,1485700.0,15322467
20210916 20:00,1487100.0,1493000.0,1457500.0,1457800.0,40850369
20210919 20:00,1449600.0,1450800.0,1412800.0,1429900.0,28776558
20210920 20:00,1442400.0,1448000.0,1427850.0,1431000.0,16258304
20210921 20:00,1438000.0,1464199.0,1437100.0,1462500.0,17910903
20210922 20:00,1469100.0,1477700.0,1456399.0,1468400.0,14978301
20210923 20:00,1460000.0,1474700.0,1454900.0,1469700.0,12686033
20210926 20:00,1471699.0,1472800.0,1438200.0,1450200.0,17122462
20210927 20:00,1432300.0,1447500.0,1417000.0,1423000.0,30068016
20210928 20:00,1435200.0,1444500.0,1420200.0,1433700.0,16939345
20210929 20:00,1439000.0,1443700.0,1413000.0,1418400.0,24151057
20210930 20:00,1410000.0,1429199.0,1391200.0,1425800.0,21441458
20211003 20:00,1413899.0,1422100.0,1382700.0,1391600.0,22575117
20211004 20:00,1392500.0,1422300.0,1392000.0,1408400.0,16521112
20211005 20:00,1394500.0,1427700.0,1383800.0,1424900.0,15371708
20211006 20:00,1433600.0,1442100.0,1427300.0,1435400.0,12779973
20211007 20:00,1432900.0,1443500.0,1425600.0,1428300.0,12664668
20211010 20:00,1423200.0,1448050.0,1416600.0,1426000.0,12774524
20211011 20:00,1423000.0,1434500.0,1392800.0,1396300.0,18127292
20211012 20:00,1403100.0,1414000.0,1392000.0,1412400.0,17553497
20211013 20:00,1417900.0,1440000.0,1415100.0,1439400.0,14992035
20211014 20:00,1439300.0,1449700.0,1435200.0,1449700.0,15595283
20211017 20:00,1443500.0,1468500.0,1431600.0,1467500.0,18277372
20211018 20:00,1469100.0,1491699.0,1465500.0,1486100.0,13415479
20211019 20:00,1485000.0,1497500.0,1481200.0,1489000.0,12041069
20211020 20:00,1489000.0,1499900.0,1478700.0,1492200.0,11761802
20211021 20:00,1492000.0,1501800.0,1484100.0,1484600.0,12426017
20211024 20:00,1486000.0,1493800.0,1476200.0,1485700.0,11502128
20211025 20:00,1488500.0,1508400.0,1488000.0,1493600.0,12959537
20211026 20:00,1493600.0,1497300.0,1484900.0,1490700.0,14103335
20211027 20:00,1493000.0,1531650.0,1444000.0,1471900.0,22089551
20211028 20:00,1471900.0,1499500.0,1464199.0,1499199.0,24546320
20211031 20:00,1499600.0,1501399.0,1478100.0,1484000.0,16507354
20211101 20:00,1486600.0,1515700.0,1485000.0,1498899.0,15948487
20211102 20:00,1499900.0,1519700.0,1498300.0,1518000.0,13381396
20211103 20:00,1517700.0,1524300.0,1506399.0,1509199.0,16691487
20211104 20:00,1509400.0,1521900.0,1500600.0,1510500.0,15884695
20211107 19:00,1511100.0,1516500.0,1501650.0,1503000.0,9986073
20211108 19:00,1500200.0,1514199.0,1498400.0,1505100.0,14045320
20211109 19:00,1506200.0,1506200.0,1478400.0,1479199.0,16518728
20211110 19:00,1481500.0,1491100.0,1476900.0,1480200.0,9648809
20211111 19:00,1482300.0,1503950.0,1474800.0,1499000.0,12148302
20211114 19:00,1503400.0,1518800.0,1494400.0,1500000.0,14061402
20211115 19:00,1500000.0,1514800.0,1493400.0,1510000.0,14958146
20211116 19:00,1510000.0,1550000.0,1507100.0,1536399.0,19458077
20211117 19:00,1538400.0,1586699.0,1530550.0,1576000.0,26274128
20211118 19:00,1585000.0,1610200.0,1565300.0,1607500.0,24963752
20211121 19:00,1610000.0,1657000.0,1605500.0,1613700.0,21904378
20211122 19:00,1598800.0,1618000.0,1590700.0,1613300.0,19053438
20211123 19:00,1614100.0,1621900.0,1596399.0,1618600.0,13163806
20211125 19:00,1599600.0,1606000.0,1563600.0,1574000.0,20193469
20211128 19:00,1580900.0,1611800.0,1574000.0,1605600.0,18568539
20211129 19:00,1595200.0,1666399.0,1585100.0,1663700.0,47391577
20211130 19:00,1669600.0,1702900.0,1640300.0,1657500.0,30511829
20211201 19:00,1632000.0,1641900.0,1578000.0,1626699.0,30437669
20211202 19:00,1625600.0,1654000.0,1597200.0,1614600.0,27293824
20211205 19:00,1633899.0,1678700.0,1618500.0,1650800.0,26558642
20211206 19:00,1681600.0,1738600.0,1676600.0,1724700.0,25233740
20211207 19:00,1725800.0,1759500.0,1707100.0,1747300.0,24284285
20211208 19:00,1747500.0,1767400.0,1736200.0,1742600.0,21866931
20211209 19:00,1748000.0,1797400.0,1744500.0,1796300.0,24683971
20211212 19:00,1805000.0,1822200.0,1750700.0,1754900.0,27808374
20211213 19:00,1772800.0,1778500.0,1722100.0,1740400.0,30568263
20211214 19:00,1745600.0,1802900.0,1723150.0,1800000.0,27680668
20211215 19:00,1806000.0,1812500.0,1707500.0,1712800.0,31811677
20211216 19:00,1716800.0,1734650.0,1691300.0,1714199.0,74468477
20211219 19:00,1678000.0,1713500.0,1670500.0,1713500.0,22304605
20211220 19:00,1716800.0,1732000.0,1691300.0,1726000.0,17041243
20211221 19:00,1722300.0,1759500.0,1719100.0,1758500.0,16998211
20211222 19:00,1755100.0,1768450.0,1752800.0,1760100.0,13443777
20211226 19:00,1762800.0,1805400.0,1758500.0,1801200.0,15793823
20211227 19:00,1803000.0,1813200.0,1785400.0,1797700.0,13820234
20211228 19:00,1799000.0,1806250.0,1781399.0,1790700.0,12321256
20211229 19:00,1793800.0,1805650.0,1779000.0,1781900.0,10796753
20211230 19:00,1777500.0,1792300.0,1772600.0,1776000.0,16245838
20220102 19:00,1783200.0,1828800.0,1775100.0,1819100.0,20238717
20220103 19:00,1822000.0,1833899.0,1791200.0,1793500.0,22854357
20220104 19:00,1793500.0,1802500.0,1741000.0,1750100.0,23514295
20220105 19:00,1749000.0,1752900.0,1716399.0,1726300.0,22197622
20220106 19:00,1719199.0,1741300.0,1710300.0,1720400.0,17995557
20220109 19:00,1723400.0,1728800.0,1681750.0,1727600.0,28345417
20220110 19:00,1729000.0,1751750.0,1708300.0,1751000.0,17113783
20220111 19:00,1746500.0,1771699.0,1746500.0,1751699.0,16807897
20220112 19:00,1755400.0,1766200.0,1718000.0,1723200.0,20129066
20220113 19:00,1724100.0,1737800.0,1703000.0,1732000.0,20379877
20220117 19:00,1708000.0,1725300.0,1694100.0,1695100.0,24913531
20220118 19:00,1693100.0,1710900.0,1650100.0,1654600.0,23499098
20220119 19:00,1666200.0,1696399.0,1622500.0,1635300.0,19089990
20220120 19:00,1632000.0,1663200.0,1616699.0,1617700.0,35132536
20220123 19:00,1626500.0,1632300.0,1547000.0,1611000.0,43971179
20220124 19:00,1585900.0,1627600.0,1570100.0,1599000.0,28880902
20220125 19:00,1617500.0,1643800.0,1578200.0,1617500.0,28845026
20220126 19:00,1596900.0,1683700.0,1575000.0,1666500.0,28240416
20220127 19:00,1669900.0,1705800.0,1618400.0,1704800.0,38126742
20220130 19:00,1711200.0,1750000.0,1695100.0,1744700.0,31774479
20220131 19:00,1747800.0,1754000.0,1723100.0,1742900.0,20335964
20220201 19:00,1744500.0,1758800.0,1733400.0,1735400.0,18787446
20220202 19:00,1738400.0,1762300.0,1721200.0,1742100.0,25851142
20220203 19:00,1741699.0,1741800.0,1700200.0,1725300.0,18775223
20220206 19:00,1721699.0,1739400.0,1709500.0,1723700.0,15052475
20220207 19:00,1721800.0,1753500.0,1713600.0,1751900.0,17414526
20220208 19:00,1754400.0,1767700.0,1749000.0,1762000.0,16985384
20220209 19:00,1758400.0,1762800.0,1715500.0,1718600.0,23586461
20220210 19:00,1712800.0,1730800.0,1680500.0,1684000.0,23248676
20220213 19:00,1665400.0,1695700.0,1652500.0,1690400.0,29167233
20220214 19:00,1710800.0,1729600.0,1702500.0,1722800.0,17909458
20220215 19:00,1730000.0,1733350.0,1700500.0,1721399.0,15183658
20220216 19:00,1718400.0,1722100.0,1684700.0,1690600.0,19212210
20220217 19:00,1694800.0,1705400.0,1662000.0,1664700.0,22356424
20220221 19:00,1622400.0,1666800.0,1621500.0,1652300.0,23593172
20220222 19:00,1660500.0,1662800.0,1595800.0,1603500.0,24260117
20220223 19:00,1556800.0,1628500.0,1519199.0,1609800.0,41558364
20220224 19:00,1612000.0,1650400.0,1605200.0,1644300.0,22450006
20220227 19:00,1621600.0,1654100.0,1617400.0,1653000.0,29544894
20220228 19:00,1651100.0,1665900.0,1619800.0,1636900.0,21402619
20220301 19:00,1650000.0,1673500.0,1625000.0,1662000.0,22379124
20220302 19:00,1665600.0,1689100.0,1655550.0,1664000.0,17856354
20220303 19:00,1648300.0,1656800.0,1621100.0,1630500.0,21982362
20220306 19:00,1603000.0,1650400.0,1580200.0,1584900.0,25894322
20220307 19:00,1594400.0,1628700.0,1558000.0,1570900.0,31354312
20220308 19:00,1598200.0,1634100.0,1594100.0,1619600.0,22921505
20220309 19:00,1617800.0,1620000.0,1559900.0,1584100.0,23852804
20220310 19:00,1583500.0,1621000.0,1543400.0,1544800.0,24131528
20220313 20:00,1544400.0,1555800.0,1501100.0,1509300.0,26227806
20220314 20:00,1505000.0,1555700.0,1489300.0,1550500.0,24939010
20220315 20:00,1567600.0,1602000.0,1544600.0,1592800.0,26041012
20220316 20:00,1595900.0,1610000.0,1576300.0,1598000.0,20838819
20220317 20:00,1597700.0,1645100.0,1590200.0,1643400.0,49836596
20220320 20:00,1633200.0,1663500.0,1630000.0,1650400.0,21965978
20220321 20:00,1650000.0,1694199.0,1649100.0,1689500.0,18953482
20220322 20:00,1688200.0,1726399.0,1676200.0,1706300.0,23112969
20220323 20:00,1707600.0,1742000.0,1702100.0,1738400.0,19462784
20220324 20:00,1738000.0,1752800.0,1727100.0,1749000.0,16505392
20220327 20:00,1728600.0,1757500.0,1707300.0,1754600.0,18754594
20220328 20:00,1759600.0,1790000.0,1756000.0,1787400.0,21681524
20220329 20:00,1782200.0,1796100.0,1767000.0,1780600.0,19660312
20220330 20:00,1785000.0,1789800.0,1744000.0,1748600.0,31613900
20220331 20:00,1752100.0,1757200.0,1719500.0,1740000.0,17485780
20220403 20:00,1740000.0,1785500.0,1737500.0,1782800.0,16398875
20220404 20:00,1783899.0,1786000.0,1744199.0,1749300.0,16029179
20220405 20:00,1740700.0,1742600.0,1701300.0,1708700.0,21895798
20220406 20:00,1716900.0,1733350.0,1698600.0,1722500.0,15267793
20220407 20:00,1729600.0,1732300.0,1692200.0,1697500.0,16900848
20220410 20:00,1693899.0,1695000.0,1652600.0,1652800.0,17349897
20220411 20:00,1651100.0,1698700.0,1650000.0,1685000.0,15598306
20220412 20:00,1685000.0,1710400.0,1667800.0,1703600.0,14494740
20220413 20:00,1701100.0,1712700.0,1650000.0,1650400.0,18916042
20220417 20:00,1637700.0,1665900.0,1634300.0,1663500.0,13948180
20220418 20:00,1650700.0,1678150.0,1639100.0,1664300.0,16140741
20220419 20:00,1664600.0,1691500.0,1661100.0,1678899.0,17770403
20220420 20:00,1683300.0,1715300.0,1659100.0,1659199.0,19116336
20220421 20:00,1665400.0,1678700.0,1611800.0,1615000.0,21662518
20220424 20:00,1610400.0,1633000.0,1584650.0,1628700.0,22649986
20220425 20:00,1617100.0,1630000.0,1538400.0,1561300.0,22455903
20220426 20:00,1575700.0,1597800.0,1550700.0,1587600.0,19341319
20220427 20:00,1592400.0,1699900.0,1535000.0,1599800.0,28403765
20220428 20:00,1607900.0,1662000.0,1572500.0,1579500.0,32023468
20220501 20:00,1580300.0,1588400.0,1532800.0,1579100.0,27569452
20220502 20:00,1581699.0,1606500.0,1563100.0,1597000.0,16527146
20220503 20:00,1597300.0,1664800.0,1591800.0,1657800.0,23380584
20220504 20:00,1648300.0,1653000.0,1549500.0,1579400.0,33574108
20220505 20:00,1565400.0,1594400.0,1541800.0,1570100.0,27981368
20220508 20:00,1552100.0,1558300.0,1515050.0,1527400.0,30603912
20220509 20:00,1535500.0,1567400.0,1529300.0,1544199.0,27447621
20220510 20:00,1551500.0,1567800.0,1458100.0,1466600.0,33866142
20220511 20:00,1460300.0,1462100.0,1388000.0,1438899.0,41924545
20220512 20:00,1450000.0,1481000.0,1431100.0,1472700.0,26197633
20220515 20:00,1461399.0,1475100.0,1441800.0,1458700.0,17444061
20220516 20:00,1467600.0,1497700.0,1466900.0,1492500.0,18640292
20220517 20:00,1487700.0,1488100.0,1399400.0,1402500.0,27987284
20220518 20:00,1399400.0,1416600.0,1366000.0,1382700.0,28128221
20220519 20:00,1390500.0,1404800.0,1326100.0,1375600.0,30594783
20220522 20:00,1389900.0,1434400.0,1375100.0,1411900.0,25423143
20220523 20:00,1405900.0,1419700.0,1373300.0,1416000.0,20903569
20220524 20:00,1408899.0,1417800.0,1380800.0,1398899.0,20337445
20220525 20:00,1401900.0,1443400.0,1371399.0,1441500.0,21915468
20220526 20:00,1434700.0,1500000.0,1430000.0,1500000.0,23096025
20220530 20:00,1492900.0,1506600.0,1468450.0,1494700.0,30871267
20220531 20:00,1490800.0,1517400.0,1476800.0,1481200.0,15264880
20220601 20:00,1490100.0,1516000.0,1468700.0,1516000.0,17005350
20220602 20:00,1502200.0,1504600.0,1444650.0,1451699.0,20213994
20220605 20:00,1470800.0,1485600.0,1449050.0,1464600.0,12843684
20220606 20:00,1455000.0,1489900.0,1438000.0,1482400.0,14687314
20220607 20:00,1480100.0,1498600.0,1474600.0,1479100.0,12008143
20220608 20:00,1476699.0,1497500.0,1420000.0,1430000.0,16424408
20220609 20:00,1429900.0,1435000.0,1370400.0,1373500.0,25278139
20220612 20:00,1336699.0,1352000.0,1314400.0,1322800.0,30838420
20220613 20:00,1335600.0,1339000.0,1314800.0,1339000.0,20052135
20220614 20:00,1334600.0,1373300.0,1321600.0,1365000.0,23453399
20220615 20:00,1322800.0,1334800.0,1290750.0,1305500.0,28817758
20220616 20:00,1310100.0,1330700.0,1297600.0,1315600.0,50348294
20220620 20:00,1342100.0,1370600.0,1332000.0,1355500.0,21267683
20220621 20:00,1332900.0,1377500.0,1326200.0,1341600.0,17261168
20220622 20:00,1349300.0,1385900.0,1345200.0,1381000.0,15619148
20220623 20:00,1392700.0,1418899.0,1392700.0,1417300.0,32608150
20220626 20:00,1424000.0,1434900.0,1409600.0,1419800.0,16363502
20220627 20:00,1419800.0,1434199.0,1373100.0,1376100.0,18878224
20220628 20:00,1376600.0,1406699.0,1366699.0,1391600.0,14562280
20220629 20:00,1371900.0,1391000.0,1337800.0,1367300.0,29404215
20220630 20:00,1356600.0,1392300.0,1353000.0,1390200.0,16922827
20220704 20:00,1391600.0,1417800.0,1369300.0,1413600.0,17417021
20220705 20:00,1418200.0,1441200.0,1402100.0,1427700.0,15928512
20220706 20:00,1434600.0,1465500.0,1427700.0,1459500.0,16675545
20220707 20:00,1458100.0,1475500.0,1442500.0,1467700.0,12646114
20220710 20:00,1455600.0,1466399.0,1437800.0,1450700.0,14295096
20220711 20:00,1437400.0,1484500.0,1433700.0,1456500.0,18406031
20220712 20:00,1463300.0,1479500.0,1421399.0,1443700.0,17122953
20220713 20:00,1447100.0,1493800.0,1432500.0,1492900.0,16251285
20220714 20:00,1483200.0,1508600.0,1480000.0,1500500.0,22990556
20220717 20:00,1516300.0,1519000.0,1462800.0,1467600.0,16918630
20220718 20:00,1468000.0,1521100.0,1467700.0,1517000.0,21582513
20220719 20:00,1514500.0,1537200.0,1503700.0,1526600.0,15635304
20220720 20:00,1526600.0,1555600.0,1519400.0,1548300.0,14584737
20220721 20:00,1548600.0,1562800.0,1534150.0,1539000.0,14808629
20220724 20:00,1540800.0,1553000.0,1522000.0,1526800.0,12418255
20220725 20:00,1527000.0,1530850.0,1508000.0,1528200.0,14043252
20220726 20:00,1530000.0,1573300.0,1521699.0,1564600.0,21645375
20220727 20:00,1556500.0,1640000.0,1544100.0,1620200.0,18799546
20220728 20:00,1615500.0,1636300.0,1595000.0,1621699.0,27167296
20220731 20:00,1622000.0,1635900.0,1608300.0,1614000.0,15805586
20220801 20:00,1607300.0,1624100.0,1595500.0,1600100.0,14020926
20220802 20:00,1600600.0,1665950.0,1598500.0,1658400.0,21039620
20220803 20:00,1658300.0,1671900.0,1644300.0,1658500.0,13500526
20220804 20:00,1660000.0,1662300.0,1627900.0,1649199.0,14832280
20220807 20:00,1660800.0,1678000.0,1642000.0,1651500.0,12478844
20220808 20:00,1649900.0,1658100.0,1634600.0,1649700.0,15982587
20220809 20:00,1650100.0,1693100.0,1645600.0,1691300.0,19265959
20220810 20:00,1692400.0,1709900.0,1681900.0,1688000.0,14345098
20220811 20:00,1691800.0,1721699.0,1686500.0,1718500.0,19440271
20220814 20:00,1711399.0,1733899.0,1707400.0,1731500.0,13036441
20220815 20:00,1728300.0,1740800.0,1716699.0,1737000.0,14046744
20220816 20:00,1726699.0,1761500.0,1721399.0,1733200.0,18112676
20220817 20:00,1732000.0,1748899.0,1731300.0,1740900.0,15476118
20220818 20:00,1736000.0,1737300.0,1707000.0,1707900.0,20690813
20220821 20:00,1694000.0,1698600.0,1671350.0,1679500.0,20251534
20220822 20:00,1676100.0,1687000.0,1666500.0,1671300.0,14422291
20220823 20:00,1669300.0,1684100.0,1662450.0,1679100.0,13996423
20220824 20:00,1692700.0,1703400.0,1682300.0,1702000.0,15049086
20220825 20:00,1699000.0,1711300.0,1623000.0,1624500.0,25262343
20220828 20:00,1617900.0,1629100.0,1598300.0,1617800.0,17299480
20220829 20:00,1626000.0,1633400.0,1577300.0,1589600.0,16698270
20220830 20:00,1596500.0,1605700.0,1557700.0,1560000.0,29510035
20220831 20:00,1558899.0,1586900.0,1546750.0,1586200.0,18118833
20220901 20:00,1577100.0,1603600.0,1549650.0,1556500.0,19483011
20220905 20:00,1567900.0,1573899.0,1537300.0,1544900.0,19754715
20220906 20:00,1548000.0,1566600.0,1536100.0,1559600.0,19744312
20220907 20:00,1559500.0,1564300.0,1526800.0,1546200.0,20586768
20220908 20:00,1552600.0,1578050.0,1547600.0,1575200.0,16376520
20220911 20:00,1580000.0,1642600.0,1580000.0,1641000.0,23610900
20220912 20:00,1641500.0,1649000.0,1533850.0,1542500.0,31940953
20220913 20:00,1544700.0,1571000.0,1532500.0,1560000.0,22268673
20220914 20:00,1559600.0,1560400.0,1511000.0,1512700.0,20894077
20220915 20:00,1513500.0,1515100.0,1483600.0,1512900.0,76495956
20220918 20:00,1498200.0,1550000.0,1487000.0,1550000.0,19069965
20220919 20:00,1542700.0,1580800.0,1530900.0,1564800.0,21602584
20220920 20:00,1565800.0,1587400.0,1522400.0,1524000.0,22734378
20220921 20:00,1535300.0,1549600.0,1509199.0,1530900.0,20236737
20220922 20:00,1522500.0,1525500.0,1485600.0,1505700.0,21892639
20220925 20:00,1504199.0,1537700.0,1491399.0,1511000.0,22088852
20220926 20:00,1528400.0,1546900.0,1499500.0,1518700.0,21366569
20220927 20:00,1485000.0,1506399.0,1448400.0,1493700.0,33494610
20220928 20:00,1480000.0,1481800.0,1406800.0,1424100.0,30237347
20220929 20:00,1431600.0,1435800.0,1372200.0,1375400.0,37344040
20221002 20:00,1374000.0,1430700.0,1364000.0,1429500.0,27117226
20221003 20:00,1448800.0,1462200.0,1442700.0,1461000.0,22975573
20221004 20:00,1451100.0,1473800.0,1430100.0,1473000.0,16857426
20221005 20:00,1464700.0,1475400.0,1443100.0,1448000.0,15867612
20221006 20:00,1447800.0,1452900.0,1394500.0,1399100.0,24398898
20221009 20:00,1393500.0,1418899.0,1385800.0,1408800.0,18607968
20221010 20:00,1396900.0,1413400.0,1382200.0,1392000.0,18624661
20221011 20:00,1399100.0,1405900.0,1381600.0,1386000.0,17894538
20221012 20:00,1386100.0,1435900.0,1337000.0,1428300.0,31337894
20221013 20:00,1430700.0,1446600.0,1380000.0,1380700.0,25738313
20221016 20:00,1400100.0,1434900.0,1395900.0,1434300.0,21584284
20221017 20:00,1453800.0,1467000.0,1406200.0,1448100.0,22123170
20221018 20:00,1440400.0,1449400.0,1413600.0,1430000.0,14924368
20221019 20:00,1421800.0,1458850.0,1420500.0,1426399.0,16466644
20221020 20:00,1426699.0,1478450.0,1415500.0,1475800.0,24087023
20221023 20:00,1470900.0,1502200.0,1456399.0,1495300.0,19301553
20221024 20:00,1496800.0,1525000.0,1485000.0,1508100.0,18751005
20221025 20:00,1515000.0,1519900.0,1480400.0,1497700.0,23203090
20221026 20:00,1489900.0,1491000.0,1362500.0,1452800.0,25506522
20221027 20:00,1447900.0,1575000.0,1444800.0,1558600.0,34509584
20221030 20:00,1550000.0,1551000.0,1519199.0,1534700.0,24337490
20221031 20:00,1540000.0,1556600.0,1491300.0,1503800.0,16588282
20221101 20:00,1505000.0,1521699.0,1440900.0,1441200.0,25285377
20221102 20:00,1447800.0,1447800.0,1374400.0,1377100.0,22476354
20221103 20:00,1382200.0,1426699.0,1343899.0,1380700.0,31237902
20221106 19:00,1378400.0,1391399.0,1354500.0,1390100.0,18341855
20221107 19:00,1388800.0,1414300.0,1374900.0,1398200.0,18037182
20221108 19:00,1399300.0,1399800.0,1346000.0,1350500.0,19660868
20221109 19:00,1355100.0,1475800.0,1350800.0,1472700.0,36793671
20221110 19:00,1487600.0,1500100.0,1443800.0,1493800.0,22839671
20221113 19:00,1490400.0,1502800.0,1474300.0,1488300.0,17098323
20221114 19:00,1498800.0,1535900.0,1485700.0,1500100.0,19759764
20221115 19:00,1500400.0,1505800.0,1473000.0,1491699.0,14761869
20221116 19:00,1489800.0,1514800.0,1456600.0,1507500.0,16209068
20221117 19:00,1503600.0,1526399.0,1499800.0,1509700.0,17233935
20221120 19:00,1502400.0,1508000.0,1477150.0,1480600.0,12628403
20221121 19:00,1477800.0,1503800.0,1469300.0,1500600.0,12955627
20221122 19:00,1498600.0,1518200.0,1487800.0,1511699.0,10540708
20221124 19:00,1507300.0,1509100.0,1471200.0,1481100.0,7848883
20221127 19:00,1463500.0,1466600.0,1433899.0,1442500.0,17670104
20221128 19:00,1454000.0,1456800.0,1403600.0,1409900.0,17378092
20221129 19:00,1419700.0,1482900.0,1405600.0,1482900.0,34169233
20221130 19:00,1475700.0,1491399.0,1466100.0,1480200.0,15795463
20221201 19:00,1479500.0,1485700.0,1450200.0,1475300.0,18481875
20221204 19:00,1476100.0,1509100.0,1457800.0,1468500.0,16326030
20221205 19:00,1469100.0,1476200.0,1419199.0,1430700.0,16213614
20221206 19:00,1421000.0,1433700.0,1400100.0,1409900.0,17583948
20221207 19:00,1410000.0,1435200.0,1410000.0,1427000.0,14538013
20221208 19:00,1432400.0,1455600.0,1409000.0,1419900.0,18453764
20221211 19:00,1421699.0,1445300.0,1410700.0,1443700.0,15670644
20221212 19:00,1444400.0,1506600.0,1442400.0,1454500.0,22485487
20221213 19:00,1454700.0,1466550.0,1411699.0,1434199.0,20284892
20221214 19:00,1419500.0,1422300.0,1360300.0,1364900.0,24728639
20221215 19:00,1354100.0,1376399.0,1337300.0,1344100.0,74196564
20221218 19:00,1352400.0,1357300.0,1313300.0,1324300.0,19412672
20221219 19:00,1322600.0,1332450.0,1298899.0,1329400.0,17957895
20221220 19:00,1330400.0,1368000.0,1325100.0,1355800.0,19507673
20221221 19:00,1356900.0,1359199.0,1303050.0,1320300.0,19544402
20221222 19:00,1319800.0,1333899.0,1296399.0,1317500.0,12203671
20221226 19:00,1326000.0,1328600.0,1287200.0,1300000.0,14730147
20221227 19:00,1301900.0,1310200.0,1258700.0,1262600.0,17277335
20221228 19:00,1266200.0,1304800.0,1264500.0,1293600.0,16470915
20221229 19:00,1289800.0,1300500.0,1274300.0,1300000.0,19704467
20230102 19:00,1307400.0,1314600.0,1241800.0,1249500.0,28022117
20230103 19:00,1262800.0,1286500.0,1250700.0,1269600.0,20862469
20230104 19:00,1267100.0,1278500.0,1247600.0,1251700.0,18721047
20230105 19:00,1253000.0,1302900.0,1244200.0,1293500.0,22655595
20230108 19:00,1296500.0,1334100.0,1296500.0,1300200.0,16993429
20230109 19:00,1301300.0,1312600.0,1281300.0,1307500.0,14258371
20230110 19:00,1309300.0,1335000.0,1304400.0,1334400.0,18591944
20230111 19:00,1334199.0,1346600.0,1314500.0,1331800.0,17878014
20230112 19:00,1335800.0,1349199.0,1316500.0,1345500.0,14315967
20230116 19:00,1345000.0,1372900.0,1340000.0,1356000.0,16076251
20230117 19:00,1361699.0,1386100.0,1347600.0,1347900.0,17963634
20230118 19:00,1346300.0,1362400.0,1332200.0,1355800.0,15395288
20230119 19:00,1354800.0,1379900.0,1342300.0,1379199.0,27611087
20230122 19:00,1379500.0,1433100.0,1370200.0,1410800.0,19128451
20230123 19:00,1412400.0,1433600.0,1395900.0,1419900.0,12813050
20230124 19:00,1418800.0,1424300.0,1388150.0,1420000.0,14695201
20230125 19:00,1423200.0,1442500.0,1419000.0,1434400.0,13954196
20230126 19:00,1433400.0,1472300.0,1430000.0,1458800.0,16865178
20230129 19:00,1444300.0,1455500.0,1428550.0,1431399.0,16160505
20230130 19:00,1426000.0,1444300.0,1414400.0,1438500.0,24261849
20230131 19:00,1442900.0,1466100.0,1413300.0,1459600.0,19919641
20230201 19:00,1471399.0,1520700.0,1423200.0,1458800.0,25511709
20230202 19:00,1454500.0,1573800.0,1447500.0,1542500.0,33399665
20230205 19:00,1529400.0,1534500.0,1507800.0,1518300.0,16562979
20230206 19:00,1519300.0,1552300.0,1503700.0,1541900.0,24198381
20230207 19:00,1542900.0,1545800.0,1511699.0,1523100.0,20625939
20230208 19:00,1531900.0,1543200.0,1504199.0,1510000.0,15372651
20230209 19:00,1504700.0,1513400.0,1487000.0,1510200.0,13908481
20230212 19:00,1507600.0,1542600.0,1504300.0,1537000.0,17351556
20230213 19:00,1536600.0,1551200.0,1508700.0,1530900.0,17546496
20230214 19:00,1527100.0,1555000.0,1520000.0,1553600.0,14456885
20230215 19:00,1554800.0,1563250.0,1527500.0,1531500.0,17153784
20230216 19:00,1524500.0,1533899.0,1508500.0,1526100.0,16652748
20230220 19:00,1507400.0,1513500.0,1484100.0,1488000.0,17964142
20230221 19:00,1483600.0,1499500.0,1471600.0,1491500.0,15055227
20230222 19:00,1496699.0,1503500.0,1472400.0,1489600.0,14081997
20230223 19:00,1487200.0,1488000.0,1457300.0,1465000.0,15870381
20230226 19:00,1471000.0,1491699.0,1468300.0,1480300.0,12643065
20230227 19:00,1472700.0,1490700.0,1468400.0,1471000.0,19375929
20230228 19:00,1481300.0,1485100.0,1450100.0,1453800.0,16477007
20230301 19:00,1445700.0,1467100.0,1435400.0,1454300.0,16384231
20230302 19:00,1463000.0,1512700.0,1463000.0,1511000.0,20330181
20230305 19:00,1525100.0,1562900.0,1521300.0,1539000.0,19402422
20230306 19:00,1540200.0,1547200.0,1511399.0,1517500.0,15211550
20230307 19:00,1517100.0,1534700.0,1514900.0,1529600.0,12244920
20230308 19:00,1522700.0,1545300.0,1501000.0,1503600.0,15495850
20230309 19:00,1504000.0,1520100.0,1476100.0,1485000.0,20312272
20230312 20:00,1505500.0,1531399.0,1462000.0,1508000.0,24009419
20230313 20:00,1508899.0,1534000.0,1498000.0,1527700.0,24754786
20230314 20:00,1527200.0,1533100.0,1499199.0,1526699.0,22693796
20230315 20:00,1529900.0,1564199.0,1516300.0,1558500.0,23002084
20230316 20:00,1560000.0,1568800.0,1542800.0,1545800.0,44789822
20230319 20:00,1536800.0,1578200.0,1536800.0,1574000.0,24421881
20230320 20:00,1575000.0,1594000.0,1565500.0,1590900.0,25362967
20230321 20:00,1589700.0,1621399.0,1576000.0,1584300.0,19183439
20230322 20:00,1591300.0,1615600.0,1576800.0,1590800.0,20639048
20230323 20:00,1595500.0,1603899.0,1578200.0,1602000.0,16575425
20230326 20:00,1597300.0,1607600.0,1578750.0,1583500.0,14491142
20230327 20:00,1580500.0,1581500.0,1559750.0,1577000.0,12299607
20230328 20:00,1584300.0,1610500.0,1583300.0,1604000.0,15262505
20230329 20:00,1610000.0,1624700.0,1607900.0,1624400.0,12286221
20230330 20:00,1624400.0,1650000.0,1618300.0,1648300.0,23062717
20230402 20:00,1640000.0,1663200.0,1637000.0,1660200.0,14939923
20230403 20:00,1658899.0,1670000.0,1651100.0,1657900.0,13500341
20230404 20:00,1656300.0,1658000.0,1618000.0,1635900.0,14353495
20230405 20:00,1635400.0,1649550.0,1601600.0,1645700.0,13068532
20230409 20:00,1642500.0,1642500.0,1600850.0,1622000.0,12782046
20230410 20:00,1621100.0,1629500.0,1605149.0,1609800.0,12852923
20230411 20:00,1605700.0,1623000.0,1596600.0,1597600.0,13626287
20230412 20:00,1605500.0,1658000.0,1604300.0,1653500.0,19993444
20230413 20:00,1651399.0,1663150.0,1638300.0,1649600.0,14366172
20230416 20:00,1655000.0,1661900.0,1640500.0,1651300.0,10771835
20230417 20:00,1652800.0,1674100.0,1650200.0,1664300.0,13539055
20230418 20:00,1653200.0,1681600.0,1650600.0,1672300.0,11954269
20230419 20:00,1667000.0,1678700.0,1655600.0,1669800.0,14388272
20230420 20:00,1665100.0,1666600.0,1629900.0,1649400.0,17714842
20230423 20:00,1646699.0,1656000.0,1638950.0,1652600.0,10308916
20230424 20:00,1648000.0,1663050.0,1635200.0,1642900.0,14657048
20230425 20:00,1642500.0,1652800.0,1626600.0,1639700.0,13812920
20230426 20:00,1644300.0,1690800.0,1642300.0,1677500.0,21922480
20230427 20:00,1680000.0,1698500.0,1674100.0,1695000.0,17202007
20230430 20:00,1695700.0,1704400.0,1683000.0,1694000.0,12643325
20230501 20:00,1699199.0,1703500.0,1675449.0,1684900.0,14922066
20230502 20:00,1686000.0,1709250.0,1627200.0,1656500.0,16022105
20230503 20:00,1660900.0,1714700.0,1642200.0,1699199.0,18840024
20230504 20:00,1696100.0,1743000.0,1690000.0,1730800.0,25140820
20230507 20:00,1734100.0,1738500.0,1721100.0,1732500.0,12439186
20230508 20:00,1732800.0,1735400.0,1716300.0,1719400.0,12124850
20230509 20:00,1714400.0,1740300.0,1708400.0,1736399.0,15230860
20230510 20:00,1737000.0,1745700.0,1721800.0,1738000.0,13333701
20230511 20:00,1738700.0,1740600.0,1710000.0,1724300.0,12336882
20230514 20:00,1730600.0,1733200.0,1714700.0,1719800.0,11028593
20230515 20:00,1724900.0,1731300.0,1713400.0,1722300.0,10630099
20230516 20:00,1722000.0,1729250.0,1704300.0,1727000.0,16398758
20230517 20:00,1727100.0,1761000.0,1722200.0,1758700.0,18699499
20230518 20:00,1753300.0,1764400.0,1749400.0,1750900.0,15226497
20230521 20:00,1752900.0,1754600.0,1726000.0,1747000.0,11527091
20230522 20:00,1745600.0,1746399.0,1712750.0,1719900.0,13986056
20230523 20:00,1714000.0,1724500.0,1700700.0,1709900.0,11197062
20230524 20:00,1713700.0,1738899.0,1706699.0,1728200.0,16542647
20230525 20:00,1726600.0,1757700.0,1726200.0,1755800.0,16252408
20230529 20:00,1763100.0,1789900.0,1757500.0,1776699.0,16109476
20230530 20:00,1769800.0,1793500.0,1764100.0,1777700.0,41118849
20230531 20:00,1778000.0,1806900.0,1769400.0,1805800.0,16744315
20230601 20:00,1805700.0,1817800.0,1792700.0,1811000.0,14527620
20230604 20:00,1813700.0,1849500.0,1780300.0,1791200.0,22541405
20230605 20:00,1792400.0,1804000.0,1774350.0,1790400.0,13901065
20230606 20:00,1789100.0,1812100.0,1773200.0,1779000.0,17864147
20230607 20:00,1772000.0,1808300.0,1772000.0,1805000.0,12260269
20230608 20:00,1803200.0,1822200.0,1799000.0,1808100.0,14590303
20230611 20:00,1816800.0,1843400.0,1809700.0,1824900.0,17193836
20230612 20:00,1826000.0,1841399.0,1820100.0,1830700.0,13375281
20230613 20:00,1835700.0,1843850.0,1820200.0,1838800.0,17077273
20230614 20:00,1837800.0,1865149.0,1830000.0,1856600.0,19835420
20230615 20:00,1857500.0,1876699.0,1846600.0,1849500.0,48766827
20230619 20:00,1847100.0,1861000.0,1838600.0,1848200.0,14977675
20230620 20:00,1847800.0,1854050.0,1825900.0,1836500.0,15266122
20230621 20:00,1836000.0,1872400.0,1831900.0,1871000.0,14841551
20230622 20:00,1861300.0,1875600.0,1850100.0,1865000.0,17221739
20230625 20:00,1865500.0,1880449.0,1850000.0,1855500.0,13413738
20230626 20:00,1858600.0,1883800.0,1854100.0,1879800.0,13491825
20230627 20:00,1879800.0,1899000.0,1876000.0,1897000.0,14014100
20230628 20:00,1894300.0,1904300.0,1888000.0,1903000.0,11291175
20230629 20:00,1905000.0,1944800.0,1904100.0,1942700.0,27843622
20230702 20:00,1941200.0,1942900.0,1917700.0,1924500.0,8266443
20230704 20:00,1919100.0,1929800.0,1906200.0,1912300.0,12263133
20230705 20:00,1903100.0,1920500.0,1892100.0,1918400.0,12985800
20230706 20:00,1916600.0,1926600.0,1902450.0,1909100.0,14236364
20230709 20:00,1895700.0,1904300.0,1870350.0,1884600.0,18452330
20230710 20:00,1888000.0,1896500.0,1866000.0,1882000.0,12573834
20230711 20:00,1883000.0,1917000.0,1883000.0,1899500.0,17458990
20230712 20:00,1907300.0,1911800.0,1897800.0,1903000.0,10891561
20230713 20:00,1905900.0,1911750.0,1896300.0,1907300.0,12493871
20230716 20:00,1908200.0,1943200.0,1905800.0,1939900.0,14948483
20230717 20:00,1941600.0,1943300.0,1924199.0,1934000.0,14053554
20230718 20:00,1935000.0,1982300.0,1926500.0,1937300.0,19991341
20230719 20:00,1938200.0,1964600.0,1924950.0,1929900.0,16451952
20230720 20:00,1933700.0,1949700.0,1913200.0,1920900.0,24776925
20230723 20:00,1926000.0,1949100.0,1922600.0,1934500.0,11805330
20230724 20:00,1935300.0,1944400.0,1929199.0,1935300.0,11795582
20230725 20:00,1938000.0,1956399.0,1932000.0,1949500.0,14863111
20230726 20:00,1958300.0,1971950.0,1925600.0,1934000.0,11591846
20230727 20:00,1940900.0,1966200.0,1939500.0,1959199.0,14964105
20230730 20:00,1959000.0,1967000.0,1952700.0,1963200.0,13364217
20230731 20:00,1962300.0,1967300.0,1940000.0,1951500.0,10405578
20230801 20:00,1940900.0,1951800.0,1918600.0,1928000.0,15933012
20230802 20:00,1914100.0,1960200.0,1850400.0,1873000.0,15993377
20230803 20:00,1878100.0,1889199.0,1817100.0,1820500.0,29891267
20230806 20:00,1834400.0,1834600.0,1773600.0,1791300.0,21485998
20230807 20:00,1787500.0,1802700.0,1775900.0,1797900.0,14808036
20230808 20:00,1807400.0,1814800.0,1770100.0,1784199.0,14465944
20230809 20:00,1793899.0,1807500.0,1776000.0,1784800.0,12405437
20230810 20:00,1784300.0,1786200.0,1765600.0,1776800.0,12589622
20230813 20:00,1783000.0,1799199.0,1773100.0,1799199.0,11046415
20230814 20:00,1788100.0,1794800.0,1770600.0,1777800.0,10488187
20230815 20:00,1779400.0,1785300.0,1760500.0,1761100.0,10380692
20230816 20:00,1765300.0,1775100.0,1731200.0,1733700.0,13876442
20230817 20:00,1736000.0,1751000.0,1717000.0,1747000.0,17979655
20230820 20:00,1749800.0,1761300.0,1737350.0,1754000.0,14834041
20230821 20:00,1761399.0,1776750.0,1761399.0,1770000.0,11018081
20230822 20:00,1781200.0,1819000.0,1773200.0,1813400.0,14587454
20230823 20:00,1824100.0,1827800.0,1758800.0,1763300.0,17733754
20230824 20:00,1763800.0,1791450.0,1758300.0,1785100.0,13676646
20230827 20:00,1790000.0,1805900.0,1783899.0,1803600.0,10752980
20230828 20:00,1802500.0,1849000.0,1793200.0,1845400.0,14281835
20230829 20:00,1840500.0,1877900.0,1835200.0,1876100.0,13877581
20230830 20:00,1876000.0,1891100.0,1871900.0,1881300.0,18696147
20230831 20:00,1882700.0,1899199.0,1881200.0,1892900.0,11442308
20230904 20:00,1882700.0,1899800.0,1872000.0,1897000.0,12845667
20230905 20:00,1885400.0,1888200.0,1814700.0,1825700.0,18395357
20230906 20:00,1817800.0,1817800.0,1735400.0,1780900.0,26995513
20230907 20:00,1789700.0,1802300.0,1770500.0,1787700.0,14341885
20230910 20:00,1795700.0,1808000.0,1773400.0,1796000.0,14255742
20230911 20:00,1795300.0,1801900.0,1748200.0,1763800.0,18555981
20230912 20:00,1760800.0,1774900.0,1738000.0,1740900.0,20424855
20230913 20:00,1745800.0,1761000.0,1735800.0,1758100.0,14634280
20230914 20:00,1760000.0,1775000.0,1738200.0,1748300.0,50700071
20230917 20:00,1757600.0,1793800.0,1746000.0,1784600.0,14768307
20230918 20:00,1785900.0,1796200.0,1771300.0,1789400.0,12094196
20230919 20:00,1788700.0,1796900.0,1750000.0,1750000.0,12675003
20230920 20:00,1750800.0,1762949.0,1737000.0,1741399.0,16512129
20230921 20:00,1745100.0,1770700.0,1740600.0,1749500.0,14113249
20230924 20:00,1752900.0,1769600.0,1739300.0,1761200.0,11064068
20230925 20:00,1751699.0,1755500.0,1716600.0,1723899.0,15794389
20230926 20:00,1732100.0,1733500.0,1690500.0,1703800.0,17615810
20230927 20:00,1703200.0,1720250.0,1676300.0,1708000.0,13339787
20230928 20:00,1722000.0,1730700.0,1703500.0,1712300.0,16961543
20231001 20:00,1730000.0,1743000.0,1710000.0,1738300.0,13167635
20231002 20:00,1737200.0,1739400.0,1708200.0,1708800.0,13375231
20231003 20:00,1700000.0,1742100.0,1693100.0,1732900.0,13417489
20231004 20:00,1731699.0,1754400.0,1726800.0,1747800.0,12982950
20231005 20:00,1752300.0,1779900.0,1726100.0,1777000.0,16180238
20231008 20:00,1760600.0,1790500.0,1757600.0,1790000.0,11180861
20231009 20:00,1790000.0,1797200.0,1776800.0,1785400.0,11722757
20231010 20:00,1786300.0,1803700.0,1776100.0,1803500.0,13723432
20231011 20:00,1803300.0,1823400.0,1790400.0,1814000.0,12458374
20231012 20:00,1810900.0,1819300.0,1781399.0,1784100.0,13657564
20231015 20:00,1785400.0,1790700.0,1758100.0,1786300.0,12860036
20231016 20:00,1785700.0,1786900.0,1748100.0,1767300.0,14748304
20231017 20:00,1767600.0,1775700.0,1751100.0,1755000.0,13547648
20231018 20:00,1752000.0,1778400.0,1748100.0,1748700.0,16538342
20231019 20:00,1746399.0,1757300.0,1726300.0,1727700.0,19060985
20231022 20:00,1721600.0,1740100.0,1699400.0,1731900.0,13453564
20231023 20:00,1736800.0,1739300.0,1714600.0,1730100.0,10719395
20231024 20:00,1727800.0,1730600.0,1693000.0,1693000.0,17030140
20231025 20:00,1687800.0,1713700.0,1652500.0,1670000.0,18804178
20231026 20:00,1674199.0,1689600.0,1662600.0,1680200.0,16539866
20231029 20:00,1687100.0,1711600.0,1683100.0,1697900.0,12377734
20231030 20:00,1694000.0,1709000.0,1679100.0,1702500.0,12622530
20231031 20:00,1704600.0,1750400.0,1694600.0,1748300.0,15730603
20231101 20:00,1748500.0,1819000.0,1693400.0,1715700.0,18396810
20231102 20:00,1721200.0,1768500.0,1715100.0,1766500.0,17867060
20231105 19:00,1770600.0,1794300.0,1760200.0,1789600.0,14213597
20231106 19:00,1789500.0,1824400.0,1782000.0,1818899.0,18261365
20231107 19:00,1818000.0,1834500.0,1815200.0,1826500.0,13399685
20231108 19:00,1825400.0,1841200.0,1818100.0,1823800.0,13471349
20231109 19:00,1821600.0,1865600.0,1817800.0,1860100.0,18864622
20231112 19:00,1856500.0,1863899.0,1842100.0,1848700.0,11566494
20231113 19:00,1852500.0,1881100.0,1849199.0,1873400.0,17699895
20231114 19:00,1878500.0,1894900.0,1875000.0,1889199.0,15578094
20231115 19:00,1883200.0,1909600.0,1877000.0,1899400.0,14647096
20231116 19:00,1901500.0,1904000.0,1885750.0,1898899.0,15145841
20231119 19:00,1896300.0,1919000.0,1889199.0,1915000.0,14211323
20231120 19:00,1913899.0,1915000.0,1897400.0,1904700.0,9967075
20231121 19:00,1906000.0,1929400.0,1903500.0,1912700.0,10987227
20231123 19:00,1912300.0,1912600.0,1892500.0,1899400.0,6069987
20231126 19:00,1893800.0,1906600.0,1889000.0,1901500.0,13316048
20231127 19:00,1896100.0,1910800.0,1890400.0,1897600.0,12170863
20231128 19:00,1900400.0,1920800.0,1889700.0,1895200.0,10940870
20231129 19:00,1893400.0,1903200.0,1881900.0,1900600.0,19748880
20231130 19:00,1901200.0,1915500.0,1892200.0,1912100.0,12234553
20231203 19:00,1906000.0,1907700.0,1874600.0,1890500.0,13489851
20231204 19:00,1886200.0,1944000.0,1880000.0,1933400.0,17579736
20231205 19:00,1937500.0,1947700.0,1921200.0,1922200.0,13944810
20231206 19:00,1922000.0,1950000.0,1918000.0,1941200.0,14476542
20231207 19:00,1940700.0,1959900.0,1934400.0,1957100.0,16964094
20231210 19:00,1951200.0,1954600.0,1914300.0,1931900.0,19027455
20231211 19:00,1932200.0,1948000.0,1917300.0,1947600.0,15979035
20231212 19:00,1947000.0,1982400.0,1943899.0,1978100.0,19026936
20231213 19:00,1984700.0,1996200.0,1961600.0,1979300.0,18589485
20231214 19:00,1983000.0,1985100.0,1958000.0,1965300.0,64792110
20231217 19:00,1963899.0,1966300.0,1944000.0,1957500.0,15404538
20231218 19:00,1958000.0,1970100.0,1957500.0,1968200.0,15176754
20231219 19:00,1961800.0,1976699.0,1947600.0,1953500.0,17903332
20231220 19:00,1956300.0,1970750.0,1935050.0,1946300.0,13345399
20231221 19:00,1945000.0,1954100.0,1929700.0,1935900.0,11845160
20231225 19:00,1937500.0,1941300.0,1928300.0,1929400.0,9127535
20231226 19:00,1930000.0,1934950.0,1910950.0,1931600.0,13822344
20231227 19:00,1940000.0,1946500.0,1932000.0,1936300.0,10844074
20231228 19:00,1937400.0,1943950.0,1917250.0,1921699.0,16748180
