20190101 19:00,14720000.0,15533599.0,14600100.0,14985000.0,1996681
20190102 19:00,15020000.0,15380000.0,14970000.0,14995000.0,1932006
20190103 19:00,15180200.0,15940000.0,15150000.0,15774000.0,2441988
20190106 19:00,15913000.0,16346400.0,15833599.0,16295000.0,2114841
20190107 19:00,16447700.0,16764800.0,16166000.0,16563000.0,2239507
20190108 19:00,16650300.0,16750000.0,16413900.0,16570000.0,1635488
20190109 19:00,16321300.0,16630900.0,16220000.0,16540000.0,1636148
20190110 19:00,16581800.0,16620000.0,16361600.0,16380000.0,1328045
20190113 19:00,16287900.0,16482100.0,15951500.0,16200000.0,1689929
20190114 19:00,16357300.0,16880000.0,16255700.0,16846200.0,1661974
20190115 19:00,16801200.0,17050000.0,16758000.0,16795000.0,1738644
20190116 19:00,16750000.0,17004200.0,16720000.0,16871500.0,1123150
20190117 19:00,17027400.0,17163000.0,16915400.0,16934000.0,1823598
20190121 19:00,16876500.0,16888200.0,16100500.0,16357700.0,1748287
20190122 19:00,16357900.0,16574400.0,16120000.0,16399900.0,1314104
20190123 19:00,16470000.0,16571099.0,16315400.0,16517500.0,1179310
20190124 19:00,16649900.0,16834300.0,16598900.0,16680300.0,1563805
20190127 19:00,16620000.0,16635400.0,16140700.0,16270000.0,1498776
20190128 19:00,16310000.0,16394500.0,15850000.0,16110000.0,1335735
20190129 19:00,16140000.0,16921000.0,16137100.0,16910200.0,1800792
20190130 19:00,16990000.0,17777700.0,16180000.0,16334000.0,3125674
20190131 19:00,16354000.0,16730000.0,16205000.0,16210000.0,3004935
20190203 19:00,16262300.0,16496199.0,16138000.0,16302600.0,1238058
20190204 19:00,16295500.0,16651199.0,16295500.0,16586700.0,1318961
20190205 19:00,16573400.0,16747900.0,16333400.0,16383800.0,1058038
20190206 19:00,16362500.0,16363000.0,15929000.0,16040000.0,1334597
20190207 19:00,16040000.0,16042600.0,15667400.0,15875000.0,1541346
20190210 19:00,15922100.0,16093000.0,15860000.0,15860000.0,899298
20190211 19:00,16050000.0,16392900.0,15987600.0,16390000.0,1400077
20190212 19:00,16468699.0,16562900.0,16363100.0,16380000.0,916380
20190213 19:00,16450400.0,16500400.0,16063200.0,16228900.0,1052789
20190214 19:00,16125100.0,16330600.0,16045000.0,16070000.0,1312711
20190218 19:00,16102000.0,16340000.0,16003200.0,16268200.0,1026000
20190219 19:00,16283000.0,16349400.0,16101199.0,16230000.0,860722
20190220 19:00,16238599.0,16290000.0,16009100.0,16174000.0,972808
20190221 19:00,16208599.0,16349400.0,16208599.0,16306000.0,897806
20190224 19:00,16329200.0,16544000.0,16250000.0,16267700.0,937909
20190225 19:00,16290000.0,16399800.0,16157400.0,16338900.0,772893
20190226 19:00,16300000.0,16423000.0,16151000.0,16409900.0,915163
20190227 19:00,16340000.0,16516800.0,16336400.0,16406000.0,934607
20190228 19:00,16488599.0,16742600.0,16472100.0,16735800.0,1312750
20190303 19:00,16800000.0,17094400.0,16743800.0,16946600.0,1552649
20190304 19:00,16990000.0,17078200.0,16890900.0,16915800.0,969568
20190305 19:00,16932100.0,16976500.0,16650000.0,16650000.0,1072924
20190306 19:00,16619000.0,16744900.0,16205700.0,16290900.0,1471164
20190307 19:00,16178500.0,16229900.0,15863200.0,16215000.0,1242493
20190310 20:00,16250000.0,16747500.0,16234900.0,16744900.0,1101711
20190311 20:00,16753000.0,16844400.0,16612200.0,16720000.0,993843
20190312 20:00,16720000.0,17000000.0,16690000.0,16901800.0,1100609
20190313 20:00,16950000.0,17020000.0,16833400.0,16845000.0,912755
20190314 20:00,17086300.0,17187800.0,16932000.0,17115200.0,3079114
20190317 20:00,17153500.0,17500000.0,17101000.0,17449900.0,1625131
20190318 20:00,17480000.0,17841600.0,17480000.0,17600000.0,1706507
20190319 20:00,17620400.0,18000000.0,17620400.0,18000000.0,1613062
20190320 20:00,17950000.0,18237500.0,17876900.0,18202500.0,1443066
20190321 20:00,18222700.0,18230000.0,17606000.0,17648500.0,1653302
20190324 20:00,17440000.0,17827000.0,17439200.0,17792000.0,1248525
20190325 20:00,17850000.0,18058200.0,17731500.0,17800000.0,1329454
20190326 20:00,17900000.0,17920100.0,17456400.0,17592000.0,1075510
20190327 20:00,17646800.0,17790100.0,17535100.0,17790100.0,821767
20190328 20:00,17815500.0,17928700.0,17754300.0,17817500.0,1107244
20190331 20:00,18048200.0,18157900.0,17964400.0,18150000.0,1249422
20190401 20:00,18142000.0,18200000.0,18050800.0,18136500.0,975771
20190402 20:00,18231000.0,18316000.0,18140000.0,18220000.0,1159413
20190403 20:00,18170000.0,18288200.0,18041400.0,18181000.0,1060545
20190404 20:00,18228000.0,18399900.0,18221300.0,18399900.0,1006516
20190407 20:00,18360000.0,18520000.0,18251100.0,18520000.0,1125659
20190408 20:00,18490000.0,18534900.0,18317900.0,18350000.0,992011
20190409 20:00,18410000.0,18503400.0,18290000.0,18503400.0,845258
20190410 20:00,18473500.0,18510000.0,18300900.0,18388900.0,804340
20190411 20:00,18430900.0,18524900.0,18413800.0,18430000.0,938737
20190414 20:00,18429900.0,18468500.0,18189000.0,18461000.0,1057509
20190415 20:00,18507900.0,18698000.0,18479900.0,18591000.0,832897
20190416 20:00,18640000.0,18763900.0,18603000.0,18636000.0,797761
20190417 20:00,18594600.0,18713600.0,18547700.0,18620800.0,978947
20190421 20:00,18571300.0,18923900.0,18456400.0,18919800.0,792211
20190422 20:00,18907300.0,19292200.0,18842500.0,19260000.0,1253921
20190423 20:00,19234600.0,19330000.0,18981600.0,19215000.0,1013438
20190424 20:00,19201600.0,19700000.0,18820000.0,19138800.0,1574690
20190425 20:00,19210000.0,19510200.0,18980000.0,19496000.0,2171932
20190428 20:00,19534000.0,19564500.0,19240000.0,19240000.0,1227448
20190429 20:00,19270000.0,19354900.0,19070000.0,19332300.0,1097784
20190430 20:00,19361900.0,19438600.0,19100000.0,19146800.0,965671
20190501 20:00,19160700.0,19289900.0,18819900.0,19289900.0,1094135
20190502 20:00,19300000.0,19643900.0,19300000.0,19631000.0,1901081
20190505 20:00,19130000.0,19590000.0,18950000.0,19434500.0,1468427
20190506 20:00,19480000.0,19499900.0,19034200.0,19161000.0,1622673
20190507 20:00,19210000.0,19354400.0,19079700.0,19150000.0,1110614
20190508 20:00,18977400.0,19094000.0,18760000.0,18975000.0,1597040
20190509 20:00,18950000.0,19063800.0,18559900.0,18915400.0,1604187
20190512 20:00,18480000.0,18555000.0,18153500.0,18153500.0,1560530
20190513 20:00,18393900.0,18524600.0,18157500.0,18404800.0,1310082
20190514 20:00,18474900.0,18770000.0,18222600.0,18732400.0,1352717
20190515 20:00,18650000.0,19175000.0,18649000.0,19074700.0,1293156
20190516 20:00,19040000.0,19104900.0,18670000.0,18709400.0,1454709
20190519 20:00,18780000.0,18793700.0,18355400.0,18640000.0,1026008
20190520 20:00,18700000.0,18820000.0,18470000.0,18585000.0,1277518
20190521 20:00,18575200.0,18711900.0,18450000.0,18578000.0,779570
20190522 20:00,18400000.0,18448800.0,18041900.0,18131300.0,1247033
20190523 20:00,18196000.0,18418000.0,18178200.0,18200000.0,1042525
20190527 20:00,18340000.0,18492500.0,18231100.0,18369400.0,994800
20190528 20:00,18230000.0,18297000.0,18076300.0,18191000.0,1192786
20190529 20:00,18317800.0,18317800.0,17978300.0,18000000.0,846703
20190530 20:00,17799500.0,17955500.0,17713800.0,17751500.0,1385030
20190602 20:00,17752000.0,17752000.0,16719400.0,16900000.0,2492802
20190603 20:00,17052400.0,17459000.0,16808900.0,17400000.0,1552906
20190604 20:00,17493500.0,17530000.0,17152600.0,17278600.0,1113552
20190605 20:00,17445500.0,17600000.0,17231500.0,17510000.0,948670
20190606 20:00,17605000.0,18062500.0,17490000.0,18033600.0,1404666
20190609 20:00,18040300.0,18849900.0,18040300.0,18630000.0,1654788
20190610 20:00,18720000.0,18936700.0,18560000.0,18560000.0,1139497
20190611 20:00,18550000.0,18650000.0,18444000.0,18600000.0,773828
20190612 20:00,18600000.0,18833300.0,18600000.0,18674400.0,712706
20190613 20:00,18650000.0,18760000.0,18563400.0,18695000.0,803578
20190616 20:00,18750000.0,18957000.0,18712600.0,18880000.0,754938
20190617 20:00,18860300.0,19216800.0,18860300.0,19058000.0,1249162
20190618 20:00,19060100.0,19195500.0,18922200.0,19175500.0,803673
20190619 20:00,19330000.0,19420800.0,19055600.0,19136600.0,981648
20190620 20:00,19100000.0,19260000.0,19013600.0,19040000.0,1684355
20190623 20:00,19160000.0,19222900.0,19013000.0,19135000.0,683716
20190624 20:00,19100000.0,19164400.0,18724200.0,18790000.0,903149
20190625 20:00,18840000.0,19037800.0,18820100.0,18960200.0,836257
20190626 20:00,19060000.0,19150000.0,18981000.0,19068900.0,602778
20190627 20:00,19070000.0,19128000.0,18840000.0,18891300.0,1168485
20190630 20:00,19090000.0,19298100.0,19073200.0,19155000.0,991779
20190701 20:00,19180000.0,19364500.0,19066300.0,19355000.0,877848
20190702 20:00,19370000.0,19415700.0,19304800.0,19375300.0,564099
20190704 20:00,19392500.0,19459300.0,19251000.0,19432100.0,831523
20190707 20:00,19360000.0,19560000.0,19285200.0,19509500.0,881231
20190708 20:00,19430000.0,19902500.0,19370000.0,19875000.0,1291657
20190709 20:00,19830000.0,20249500.0,19810500.0,20207300.0,1424184
20190710 20:00,20201700.0,20357600.0,19952900.0,20030000.0,1146453
20190711 20:00,20044500.0,20169000.0,20038800.0,20125000.0,712934
20190714 20:00,20160000.0,20230000.0,20015700.0,20192000.0,803350
20190715 20:00,20200000.0,20262500.0,20012500.0,20052600.0,690541
20190716 20:00,20105000.0,20153600.0,19785300.0,19800000.0,707643
20190717 20:00,19740000.0,19900000.0,19516600.0,19870100.0,917896
20190718 20:00,19901000.0,19973500.0,19583500.0,19609400.0,990388
20190721 20:00,19669000.0,19910000.0,19586100.0,19910000.0,810791
20190722 20:00,19920000.0,19978000.0,19600000.0,19743800.0,706237
20190723 20:00,19753700.0,20140000.0,19652700.0,20025000.0,677573
20190724 20:00,20020000.0,20070000.0,19000000.0,19416000.0,1190580
20190725 20:00,19405000.0,19580000.0,19245000.0,19387500.0,1439492
20190728 20:00,19419900.0,19427900.0,18905800.0,19121200.0,1260651
20190729 20:00,19100000.0,19100000.0,18834300.0,18985000.0,857938
20190730 20:00,19050000.0,19150300.0,18492600.0,18626100.0,1338834
20190731 20:00,18729100.0,18979200.0,18443100.0,18500000.0,1356350
20190801 20:00,18399900.0,18520200.0,18080100.0,18237500.0,1375209
20190804 20:00,17920000.0,17920000.0,17180000.0,17200000.0,1853633
20190805 20:00,17710000.0,17937700.0,17534000.0,17840000.0,1354294
20190806 20:00,17939700.0,18061200.0,17564600.0,17922200.0,1293531
20190807 20:00,18050000.0,18344100.0,17981500.0,18257000.0,1080949
20190808 20:00,18260000.0,18314100.0,18020800.0,18041000.0,880922
20190811 20:00,18190000.0,18190000.0,17767400.0,17833000.0,916235
20190812 20:00,17791100.0,18319400.0,17700000.0,18270000.0,1240902
20190813 20:00,18215000.0,18287900.0,17571600.0,17680000.0,1505066
20190814 20:00,17720000.0,17880000.0,17370000.0,17810000.0,1095998
20190815 20:00,17945600.0,18050000.0,17844400.0,17900600.0,1024861
20190818 20:00,18090000.0,18260000.0,18090000.0,18140000.0,776164
20190819 20:00,18201100.0,18220500.0,17986700.0,18013000.0,615222
20190820 20:00,18150500.0,18299100.0,18099900.0,18299100.0,601609
20190821 20:00,18235400.0,18307300.0,18003100.0,18045100.0,867304
20190822 20:00,18140900.0,18169900.0,17451000.0,17451000.0,1614958
20190825 20:00,17689900.0,17847900.0,17435500.0,17653000.0,933442
20190826 20:00,17599000.0,17793900.0,17466500.0,17630000.0,843038
20190827 20:00,17656200.0,17678800.0,17445000.0,17600000.0,673603
20190828 20:00,17772300.0,17985500.0,17762500.0,17848600.0,844585
20190829 20:00,17960000.0,18038400.0,17645600.0,17757500.0,987245
20190902 20:00,17629900.0,18007000.0,17549000.0,17863300.0,1149366
20190903 20:00,18160000.0,18160000.0,17963000.0,18020000.0,707217
20190904 20:00,18150000.0,18477500.0,18130000.0,18465200.0,1085082
20190905 20:00,18430000.0,18469900.0,18264800.0,18359000.0,754023
20190908 20:00,18408000.0,18500000.0,18249500.0,18321000.0,901243
20190909 20:00,18250400.0,18284800.0,18054900.0,18180100.0,849986
20190910 20:00,18250000.0,18444400.0,17911600.0,18430000.0,772664
20190911 20:00,18330000.0,18537300.0,18320000.0,18455100.0,918589
20190912 20:00,18484600.0,18506000.0,18351700.0,18375000.0,611278
20190915 20:00,18260000.0,18297200.0,18002200.0,18092000.0,1312616
20190916 20:00,18090000.0,18238700.0,18020000.0,18219500.0,634703
20190917 20:00,18220000.0,18238400.0,17955000.0,18160000.0,772284
20190918 20:00,18150000.0,18325200.0,18095100.0,18223000.0,631457
20190919 20:00,18230000.0,18306300.0,17808900.0,17827900.0,2332601
20190922 20:00,17900000.0,17953900.0,17674600.0,17953900.0,847545
20190923 20:00,17940000.0,17979000.0,17356000.0,17443800.0,1349393
20190924 20:00,17349900.0,17730000.0,17230000.0,17647500.0,1075686
20190925 20:00,17680000.0,17751100.0,17314600.0,17380000.0,997082
20190926 20:00,17404500.0,17497900.0,17136500.0,17252500.0,1019211
20190929 20:00,17313100.0,17388800.0,17092100.0,17383800.0,754713
20190930 20:00,17422300.0,17555400.0,17283100.0,17400000.0,832168
20191001 20:00,17290000.0,17290000.0,17050500.0,17130000.0,1024419
20191002 20:00,17200000.0,17250000.0,16850700.0,17244200.0,895830
20191003 20:00,17251100.0,17453000.0,17167000.0,17453000.0,733431
20191006 20:00,17330000.0,17477700.0,17240200.0,17327500.0,619103
20191007 20:00,17320200.0,17350000.0,17030000.0,17040000.0,731718
20191008 20:00,17179800.0,17299500.0,17020000.0,17105000.0,649474
20191009 20:00,17219900.0,17382800.0,17136300.0,17290000.0,706979
20191010 20:00,17310000.0,17455000.0,17298400.0,17335000.0,916035
20191013 20:00,17319200.0,17418400.0,17220000.0,17392500.0,492140
20191014 20:00,17450200.0,17765000.0,17390500.0,17680000.0,783090
20191015 20:00,17640000.0,17863000.0,17640000.0,17858000.0,719269
20191016 20:00,17870000.0,18006700.0,17820200.0,17888800.0,761524
20191017 20:00,17850000.0,17939800.0,17492000.0,17615200.0,976676
20191020 20:00,17640000.0,17860000.0,17638400.0,17825000.0,669933
20191021 20:00,17814800.0,17897700.0,17602600.0,17628000.0,627431
20191022 20:00,17630000.0,17702200.0,17422500.0,17670000.0,632817
20191023 20:00,17738600.0,17883700.0,16178000.0,16610000.0,1385350
20191024 20:00,16700100.0,17642100.0,16631400.0,17477100.0,2538639
20191027 20:00,17520000.0,17787000.0,17420000.0,17771700.0,993025
20191028 20:00,17770000.0,17770000.0,17556700.0,17628800.0,603418
20191029 20:00,17630000.0,17858300.0,17599000.0,17845400.0,649397
20191030 20:00,17850000.0,17920000.0,17717700.0,17770000.0,896742
20191031 20:00,17830000.0,17973900.0,17795000.0,17894800.0,837062
20191103 19:00,17970000.0,18151500.0,17954000.0,18088900.0,755802
20191104 19:00,18120000.0,18132500.0,17941300.0,17990200.0,550206
20191105 19:00,18020000.0,18030000.0,17881500.0,17957500.0,590294
20191106 19:00,18062500.0,18090000.0,17834600.0,17900600.0,701512
20191107 19:00,17854000.0,17898800.0,17741900.0,17850600.0,676132
20191110 19:00,17770000.0,17828800.0,17671200.0,17722400.0,529697
20191111 19:00,17740000.0,17862500.0,17700000.0,17761500.0,586643
20191112 19:00,17690000.0,17752000.0,17474200.0,17516000.0,803861
20191113 19:00,17510000.0,17665500.0,17495300.0,17560000.0,604056
20191114 19:00,17617400.0,17644800.0,17329000.0,17370000.0,1173224
20191117 19:00,17440000.0,17537000.0,17227000.0,17524900.0,726965
20191118 19:00,17580000.0,17622500.0,17430300.0,17490700.0,726296
20191119 19:00,17440000.0,17625000.0,17341500.0,17417700.0,820642
20191120 19:00,17430000.0,17480000.0,17303300.0,17340000.0,793108
20191121 19:00,17380000.0,17482500.0,17310300.0,17460000.0,627474
20191124 19:00,17520000.0,17775000.0,17500000.0,17740000.0,980519
20191125 19:00,17725000.0,17971900.0,17725000.0,17951900.0,910391
20191126 19:00,18019900.0,18245000.0,17973400.0,18107300.0,758976
20191128 19:00,18150000.0,18246000.0,17945500.0,17988100.0,529868
20191201 19:00,18100000.0,18147800.0,17625100.0,17760200.0,1111158
20191202 19:00,17860000.0,17898400.0,17470000.0,17700000.0,944749
20191203 19:00,17786700.0,17891500.0,17532600.0,17540000.0,803263
20191204 19:00,17606700.0,17728800.0,17400000.0,17415000.0,834820
20191205 19:00,17460000.0,17585200.0,17401900.0,17515000.0,896905
20191208 19:00,17479900.0,17667050.0,17450000.0,17472500.0,603935
20191209 19:00,17436700.0,17536400.0,17350000.0,17399800.0,707114
20191210 19:00,17402100.0,17500000.0,17357600.0,17500000.0,618807
20191211 19:00,17520000.0,17649500.0,17460000.0,17649500.0,948534
20191212 19:00,17729900.0,17729900.0,17549900.0,17591500.0,762442
20191215 19:00,17678800.0,17696500.0,17570500.0,17685600.0,881193
20191216 19:00,17692100.0,17920000.0,17688000.0,17886700.0,1033893
20191217 19:00,17940000.0,17981700.0,17815000.0,17815000.0,773122
20191218 19:00,17820000.0,17928900.0,17742200.0,17918500.0,650578
20191219 19:00,17919900.0,18040000.0,17841500.0,17860000.0,1961485
20191222 19:00,17880000.0,17940000.0,17845600.0,17930000.0,547451
20191223 19:00,17930000.0,17988800.0,17874100.0,17892100.0,220820
20191225 19:00,17930000.0,18735000.0,17910000.0,18720000.0,1309490
20191226 19:00,18730000.0,19015000.0,18659500.0,18699000.0,1486663
20191229 19:00,18720200.0,18840000.0,18405300.0,18464500.0,907955
20191230 19:00,18470000.0,18532600.0,18329000.0,18499900.0,737192
20200101 19:00,18610000.0,19002600.0,18610000.0,18995000.0,1123936
20200102 19:00,18730000.0,18863800.0,18581500.0,18728000.0,1027769
20200105 19:00,18570000.0,19033300.0,18525000.0,18999500.0,1129524
20200106 19:00,19060100.0,19139000.0,18728400.0,18760000.0,995475
20200107 19:00,18922000.0,19108600.0,18865900.0,18947500.0,863713
20200108 19:00,19020100.0,19178200.0,18959900.0,19005100.0,760538
20200109 19:00,19035000.0,19084800.0,18799400.0,18821200.0,785076
20200112 19:00,18940000.0,18973400.0,18807400.0,18924000.0,786123
20200113 19:00,18860000.0,18919600.0,18586600.0,18680000.0,1056405
20200114 19:00,18670000.0,18788800.0,18550900.0,18656700.0,745450
20200115 19:00,18700000.0,18855000.0,18662000.0,18784200.0,713892
20200116 19:00,18810000.0,18867400.0,18571500.0,18645000.0,1247075
20200120 19:00,18540000.0,18942400.0,18517500.0,18920100.0,1162377
20200121 19:00,19047900.0,19047900.0,18833400.0,18853700.0,883078
20200122 19:00,18836900.0,18899300.0,18727000.0,18878300.0,762859
20200123 19:00,18910000.0,18949600.0,18474400.0,18583100.0,1034755
20200126 19:00,18360000.0,18410000.0,18150000.0,18304500.0,1162169
20200127 19:00,18360000.0,18613300.0,18302600.0,18549400.0,817407
20200128 19:00,18569600.0,18747200.0,18480000.0,18614100.0,595415
20200129 19:00,18530000.0,21332100.0,18450500.0,20555000.0,2040336
20200130 19:00,20320000.0,20880000.0,20023200.0,20070700.0,4564025
20200202 19:00,20198900.0,20484000.0,20002500.0,20032000.0,1937533
20200203 19:00,20240000.0,20594100.0,20152900.0,20470100.0,1709342
20200204 19:00,20613000.0,20756200.0,20320100.0,20410000.0,1416770
20200205 19:00,20541100.0,20563000.0,20246900.0,20525000.0,1003303
20200206 19:00,20499699.0,20986800.0,20357100.0,20788100.0,1251885
20200209 19:00,20780000.0,21360000.0,20750000.0,21352800.0,1342876
20200210 19:00,21468000.0,21859699.0,21355000.0,21525000.0,1353702
20200211 19:00,21610000.0,21802500.0,21497900.0,21503300.0,927800
20200212 19:00,21480000.0,21701800.0,21301100.0,21498700.0,778641
20200213 19:00,21570000.0,21610000.0,21258900.0,21350000.0,668727
20200217 19:00,21240000.0,21661400.0,21181000.0,21594000.0,803101
20200218 19:00,21647100.0,21851000.0,21590000.0,21725000.0,636395
20200219 19:00,21750000.0,21768200.0,21280000.0,21402199.0,823086
20200220 19:00,21370000.0,21484200.0,20878600.0,20959500.0,1247999
20200223 19:00,20500000.0,20500000.0,19876200.0,20162000.0,1971732
20200224 19:00,20249000.0,20360000.0,19580400.0,19824400.0,1577075
20200225 19:00,19431000.0,20146600.0,19302700.0,19729900.0,1431029
20200226 19:00,19655700.0,19755400.0,18619000.0,18780000.0,2267475
20200227 19:00,18350000.0,18940000.0,18091000.0,18910000.0,3204074
20200301 19:00,19382800.0,19551800.0,18512200.0,19530000.0,2163661
20200302 19:00,19620000.0,19960000.0,18882600.0,18980000.0,2337203
20200303 19:00,19410000.0,19780100.0,19221000.0,19640000.0,1484683
20200304 19:00,19476000.0,19605000.0,19100000.0,19255200.0,1594090
20200305 19:00,19040300.0,19108700.0,18580000.0,18922100.0,1686947
20200308 20:00,18000000.0,18630400.0,17611100.0,18435000.0,2533993
20200309 20:00,18535000.0,18950000.0,18180000.0,18560000.0,2089099
20200310 20:00,18522000.0,18715000.0,18016800.0,18195900.0,1683369
20200311 20:00,17480000.0,17649900.0,16260800.0,16330000.0,3510296
20200312 20:00,17211800.0,17873100.0,16813000.0,17574400.0,2853449
20200315 20:00,16600000.0,17591000.0,16230000.0,17471000.0,2918959
20200316 20:00,18150000.0,18573300.0,16892500.0,17655000.0,3241356
20200317 20:00,17390000.0,18735500.0,17190000.0,18690000.0,2920202
20200318 20:00,18290000.0,19450000.0,18021000.0,18730000.0,2937887
20200319 20:00,19702000.0,19976500.0,18206700.0,18300100.0,3323142
20200322 20:00,17813600.0,19290000.0,17813600.0,19220100.0,2234066
20200323 20:00,19600000.0,19833900.0,19005000.0,19190000.0,2367381
20200324 20:00,19650000.0,19857500.0,18857800.0,18960000.0,2088991
20200325 20:00,18676700.0,19561800.0,18630000.0,19540000.0,1984727
20200326 20:00,19341700.0,19397900.0,18965400.0,18975500.0,1759182
20200329 20:00,18930000.0,19736300.0,18890000.0,19610000.0,2040229
20200330 20:00,19820000.0,19931000.0,19370000.0,19379000.0,1576753
20200331 20:00,19187900.0,19447400.0,18930000.0,19102500.0,1242085
20200401 20:00,19340000.0,19340000.0,18900000.0,19105000.0,1178173
20200402 20:00,19028300.0,19263300.0,18892000.0,19011100.0,1110946
20200405 20:00,19540000.0,19984900.0,19300100.0,19900000.0,1787641
20200406 20:00,20160000.0,20357200.0,19975900.0,20126700.0,1385848
20200407 20:00,20150000.0,20499500.0,20039800.0,20490000.0,1128220
20200408 20:00,20578000.0,20600000.0,20176700.0,20490000.0,1262510
20200412 20:00,20326500.0,21849800.0,20326500.0,21849000.0,1615130
20200413 20:00,21833500.0,22920000.0,21790000.0,22705000.0,1998876
20200414 20:00,22685000.0,23333100.0,22400000.0,22970000.0,1564567
20200415 20:00,23410000.0,24610000.0,23242100.0,23920000.0,2719922
20200416 20:00,24130000.0,24170000.0,23162100.0,23694500.0,2188233
20200419 20:00,23707100.0,24450000.0,23701400.0,24063700.0,1456952
20200420 20:00,23936100.0,24282100.0,22790100.0,23477500.0,1936568
20200421 20:00,23700000.0,23939300.0,23480000.0,23598600.0,1131401
20200422 20:00,23608900.0,24242800.0,23608900.0,23890000.0,1408963
20200423 20:00,23894500.0,24220000.0,23815600.0,24109500.0,977273
20200426 20:00,24327700.0,24471100.0,23633300.0,23790000.0,1391943
20200427 20:00,23950000.0,23987900.0,23060000.0,23505000.0,1346587
20200428 20:00,23600100.0,24210000.0,23091000.0,24190000.0,1313535
20200429 20:00,24140000.0,24750000.0,23102000.0,23555000.0,2899788
20200430 20:00,23450000.0,23716600.0,22584400.0,22709699.0,2626507
20200503 20:00,22640000.0,23263900.0,22440000.0,23080000.0,1293186
20200504 20:00,23336300.0,23512500.0,23073000.0,23245000.0,960162
20200505 20:00,23300000.0,23576200.0,23201900.0,23450000.0,832008
20200506 20:00,23590000.0,23800000.0,23431100.0,23668000.0,1040563
20200507 20:00,23744899.0,23870900.0,23569000.0,23792900.0,837957
20200510 20:00,23875000.0,24198000.0,23680000.0,24060600.0,879985
20200511 20:00,24089800.0,24193000.0,23410000.0,23410000.0,883039
20200512 20:00,23565600.0,24077000.0,23372700.0,23710000.0,1247997
20200513 20:00,23679200.0,23913700.0,23461100.0,23871900.0,1189460
20200514 20:00,23919800.0,24110500.0,23569699.0,23990000.0,1250670
20200517 20:00,24126500.0,24325400.0,23840100.0,24230000.0,1169188
20200518 20:00,24329400.0,24846800.0,24222100.0,24540000.0,1103642
20200519 20:00,24650000.0,25037500.0,24624000.0,25037500.0,1146240
20200520 20:00,24920000.0,25254500.0,24426100.0,24525000.0,1510656
20200521 20:00,24313100.0,24698400.0,24300200.0,24355100.0,784435
20200525 20:00,24665000.0,24700000.0,24140900.0,24160000.0,1105888
20200526 20:00,24400000.0,24439000.0,23294000.0,24048000.0,1440830
20200527 20:00,24060000.0,24372000.0,23780100.0,23995000.0,977507
20200528 20:00,24050000.0,24449000.0,23909500.0,24440000.0,1361592
20200531 20:00,24423700.0,24765500.0,24310000.0,24630000.0,810341
20200601 20:00,24700000.0,24826900.0,24455200.0,24720400.0,768397
20200602 20:00,24750000.0,24883700.0,24611700.0,24750000.0,876754
20200603 20:00,24758600.0,25079200.0,24500000.0,24572700.0,912123
20200604 20:00,24701200.0,24886900.0,24370000.0,24799800.0,1100347
20200607 20:00,24765000.0,25299899.0,24750000.0,25240600.0,1299194
20200608 20:00,25180000.0,26268800.0,25110000.0,26140000.0,1590362
20200609 20:00,26122900.0,26700000.0,26100000.0,26320000.0,1468876
20200610 20:00,26160000.0,26715400.0,25541700.0,25869600.0,1859036
20200611 20:00,25850000.0,26214899.0,25031600.0,25365000.0,1533164
20200614 20:00,25140000.0,25890000.0,25071600.0,25890000.0,1206798
20200615 20:00,25956700.0,26230000.0,25761300.0,26225000.0,1184833
20200616 20:00,26300000.0,26550000.0,26200100.0,26360000.0,920722
20200617 20:00,26440100.0,26648600.0,26365100.0,26620000.0,755076
20200618 20:00,26679400.0,26975100.0,26594899.0,26682300.0,2497465
20200621 20:00,26880700.0,27235000.0,26690300.0,27230000.0,975804
20200622 20:00,27314300.0,27830900.0,27184100.0,27620000.0,1228329
20200623 20:00,27644500.0,27956400.0,27203900.0,27240000.0,1220344
20200624 20:00,27279699.0,27600000.0,27120700.0,27580000.0,913780
20200625 20:00,27550000.0,27850000.0,26882199.0,26900000.0,2189376
20200628 20:00,27056400.0,27110000.0,26301200.0,26920000.0,1083857
20200629 20:00,26941800.0,27695000.0,26749300.0,27540000.0,1281920
20200630 20:00,27588200.0,28950000.0,27470100.0,28825000.0,1767203
20200701 20:00,28954800.0,29558900.0,28711100.0,28839300.0,1833248
20200705 20:00,29402300.0,30755500.0,29294800.0,30730000.0,1687755
20200706 20:00,30560000.0,30736600.0,29900000.0,30130000.0,1400482
20200707 20:00,30250000.0,30979800.0,30102700.0,30960000.0,1387048
20200708 20:00,30941000.0,31957199.0,30727900.0,31930000.0,1585011
20200709 20:00,31800000.0,32144500.0,31357000.0,32030000.0,1379166
20200712 20:00,32310000.0,33443100.0,30672000.0,31180000.0,2065041
20200713 20:00,31250000.0,31590000.0,29500000.0,30862500.0,2012517
20200714 20:00,31096700.0,31096700.0,29734100.0,29980000.0,1582709
20200715 20:00,29939899.0,30312000.0,29183900.0,29680000.0,1523304
20200716 20:00,29809000.0,30242399.0,29487000.0,29630000.0,1414508
20200719 20:00,29617000.0,32150100.0,29570000.0,32070000.0,1904763
20200720 20:00,32320000.0,32690000.0,31070000.0,31400000.0,1480645
20200721 20:00,31383000.0,31650000.0,30652199.0,30850000.0,1031327
20200722 20:00,31150000.0,31201200.0,29702300.0,29881000.0,1534381
20200723 20:00,29700000.0,30315700.0,28870000.0,30030000.0,1539679
20200726 20:00,30350000.0,30982100.0,30153900.0,30590000.0,1084418
20200727 20:00,30740000.0,30768900.0,29957500.0,30060000.0,917206
20200728 20:00,30220000.0,30499000.0,29967500.0,30478000.0,881763
20200729 20:00,30187000.0,32660000.0,30000000.0,32045000.0,1675486
20200730 20:00,32059899.0,32468200.0,31506500.0,31575000.0,2581776
20200802 20:00,31800000.0,31930000.0,31040000.0,31120200.0,1628898
20200803 20:00,31150000.0,31671500.0,30810000.0,31350000.0,1342678
20200804 20:00,31602000.0,32136000.0,31271800.0,31938300.0,978232
20200805 20:00,32039899.0,32474699.0,31654300.0,32220000.0,1019233
20200806 20:00,32114400.0,32410000.0,31406600.0,31630000.0,1089090
20200809 20:00,31707399.0,31830000.0,31011100.0,31398800.0,839228
20200810 20:00,31600000.0,31722000.0,30721000.0,30890000.0,1088937
20200811 20:00,31051100.0,31742000.0,30943100.0,31592000.0,1057299
20200812 20:00,31590000.0,32174300.0,31500000.0,31666000.0,873549
20200813 20:00,31660000.0,31811800.0,31194300.0,31488000.0,857691
20200816 20:00,31520000.0,31948900.0,31520000.0,31875500.0,865990
20200817 20:00,31840000.0,33200000.0,31840000.0,33180000.0,1531430
20200818 20:00,33200000.0,33266700.0,32456000.0,32460000.0,1246033
20200819 20:00,32560000.0,33124800.0,32376900.0,33019899.0,1029278
20200820 20:00,33009899.0,33142199.0,32751000.0,32823500.0,1036416
20200823 20:00,33170000.0,33809100.0,32570700.0,33109800.0,1346572
20200824 20:00,33250000.0,33579100.0,32670100.0,33480000.0,1022757
20200825 20:00,33506600.0,34519700.0,33431100.0,34280000.0,1690991
20200826 20:00,34380000.0,34578000.0,33785000.0,34080000.0,1106623
20200827 20:00,34079600.0,34330000.0,33866000.0,34021500.0,799467
20200830 20:00,34250000.0,34950000.0,34020900.0,34690000.0,1342394
20200831 20:00,34840000.0,35150000.0,34677700.0,35150000.0,992076
20200901 20:00,35299900.0,35522500.0,34865900.0,35290000.0,1259150
20200902 20:00,35308800.0,35314600.0,33030000.0,33180000.0,2337868
20200903 20:00,33100000.0,33872000.0,31111300.0,32630000.0,2447544
20200907 20:00,32750000.0,32750000.0,31200000.0,31384800.0,1885494
20200908 20:00,31920000.0,33033300.0,31820000.0,32800000.0,1569494
20200909 20:00,32470100.0,33497600.0,31705500.0,31910000.0,1608125
20200910 20:00,32137500.0,32327300.0,30839000.0,31110000.0,1415523
20200913 20:00,31810000.0,31872300.0,30955900.0,31100000.0,1284435
20200914 20:00,31260000.0,31751500.0,31086200.0,31567500.0,1179298
20200915 20:00,31770900.0,31970000.0,30740900.0,30850000.0,1613790
20200916 20:00,30450100.0,30590000.0,29728900.0,30050000.0,1915583
20200917 20:00,30200000.0,30480000.0,29050900.0,29489000.0,3501688
20200920 20:00,29185300.0,29820000.0,28719500.0,29790000.0,1688914
20200921 20:00,29900000.0,31339899.0,29878000.0,31190700.0,1953778
20200922 20:00,31300000.0,31500000.0,29699000.0,29750000.0,1750185
20200923 20:00,29900000.0,30694000.0,29582500.0,30468800.0,1519943
20200924 20:00,30335700.0,31014000.0,29989800.0,30899899.0,1470767
20200927 20:00,31244600.0,31900000.0,31172800.0,31897100.0,1272708
20200928 20:00,31774899.0,31890300.0,31328600.0,31492600.0,1016542
20200929 20:00,31200000.0,32127399.0,31070000.0,31623200.0,1671903
20200930 20:00,31801800.0,32240000.0,31722100.0,32170000.0,1233126
20201001 20:00,31650000.0,31955800.0,31132000.0,31132000.0,1625420
20201004 20:00,31485300.0,32028000.0,31332000.0,31740000.0,1060136
20201005 20:00,31780000.0,31980500.0,30790100.0,30960000.0,1568893
20201006 20:00,31201000.0,32000000.0,31110000.0,31991000.0,1236629
20201007 20:00,32100000.0,32338000.0,31747100.0,31990000.0,848713
20201008 20:00,32050000.0,32988900.0,31962500.0,32964000.0,1422776
20201011 20:00,33120000.0,34962400.0,33120000.0,34620000.0,2303222
20201012 20:00,34429300.0,34980000.0,34243500.0,34548800.0,1548775
20201013 20:00,34572400.0,34665400.0,33400000.0,33500000.0,1488488
20201014 20:00,33127399.0,33560000.0,32657000.0,33435000.0,1457630
20201015 20:00,33510000.0,33996200.0,31587800.0,32657500.0,1849289
20201018 20:00,33171700.0,33290000.0,31923300.0,32320000.0,1500056
20201019 20:00,32460000.0,32660000.0,31920100.0,32269899.0,1147396
20201020 20:00,32240000.0,32336200.0,31600000.0,31798400.0,1213598
20201021 20:00,31696800.0,32059800.0,31215000.0,31837500.0,1157651
20201022 20:00,31850600.0,32150500.0,31397700.0,32150500.0,944727
20201025 20:00,31847900.0,32823800.0,31530400.0,32066600.0,1536765
20201026 20:00,32230000.0,32959000.0,32113000.0,32719000.0,1052469
20201027 20:00,32689000.0,32719000.0,31624899.0,31810000.0,1733978
20201028 20:00,32050000.0,33238400.0,31429899.0,31530000.0,1754764
20201029 20:00,31405400.0,31750000.0,30188300.0,30379800.0,2293106
20201101 19:00,30700000.0,30948800.0,29501200.0,30028800.0,2151856
20201102 19:00,30227100.0,30749400.0,29805400.0,30535700.0,1406848
20201103 19:00,31327000.0,32519899.0,31012100.0,32420000.0,1992837
20201104 19:00,33030000.0,33668200.0,32888800.0,33220000.0,1535610
20201105 19:00,32806000.0,33223200.0,32323200.0,33110100.0,1151425
20201108 19:00,33860000.0,33880200.0,31116500.0,31643500.0,1963362
20201109 19:00,31490000.0,31493700.0,30190100.0,30306000.0,1744570
20201110 19:00,30754699.0,31433500.0,30500000.0,31406400.0,1106712
20201111 19:00,31315400.0,31754699.0,30863400.0,31130000.0,920734
20201112 19:00,31262600.0,31419100.0,30852100.0,31259000.0,979192
20201115 19:00,31356000.0,31487500.0,30730700.0,31251200.0,1114586
20201116 19:00,31310600.0,32232800.0,31250000.0,31359899.0,881297
20201117 19:00,31460000.0,31612500.0,31029500.0,31070000.0,748883
20201118 19:00,31050000.0,31250000.0,30806400.0,31104800.0,832218
20201119 19:00,31210700.0,31329500.0,30976900.0,31009600.0,1089372
20201122 19:00,31160000.0,31393500.0,30650200.0,31153000.0,1140031
20201123 19:00,31064400.0,31344200.0,30864300.0,31265200.0,940869
20201124 19:00,31258500.0,31980700.0,31229400.0,31910000.0,934351
20201126 19:00,32233000.0,32250000.0,31901500.0,31967500.0,605201
20201129 19:00,32040000.0,32283600.0,31255000.0,31795500.0,1128153
20201130 19:00,31869000.0,32489000.0,31571800.0,32185000.0,1117699
20201201 19:00,32165500.0,32402000.0,31733000.0,32022300.0,798880
20201202 19:00,32035300.0,32290000.0,31816600.0,31897000.0,817535
20201203 19:00,31852199.0,31999100.0,31572399.0,31596000.0,848321
20201206 19:00,31600000.0,31807700.0,31415600.0,31530000.0,686165
20201207 19:00,31580000.0,31844300.0,31203200.0,31783300.0,771078
20201208 19:00,31772900.0,31776000.0,30880000.0,31042000.0,1129324
20201209 19:00,31050000.0,31422800.0,30737199.0,31003200.0,766083
20201210 19:00,30895400.0,31186700.0,30728100.0,31120000.0,826100
20201213 19:00,31324699.0,31905400.0,31195100.0,31575200.0,1248717
20201214 19:00,31745500.0,31881300.0,31305000.0,31622300.0,863413
20201215 19:00,31810000.0,32469699.0,31637500.0,32420000.0,1226205
20201216 19:00,32500000.0,32650000.0,32210000.0,32368500.0,888654
20201217 19:00,32360800.0,32524400.0,31713000.0,32210200.0,2607867
20201220 19:00,32050000.0,32268700.0,31675000.0,32045000.0,1106946
20201221 19:00,32061800.0,32218900.0,31800600.0,32060000.0,610888
20201222 19:00,32031900.0,32103100.0,31839100.0,31899200.0,659003
20201223 19:00,32000000.0,32020000.0,31670000.0,31709699.0,421560
20201227 19:00,31900000.0,33040000.0,31725000.0,32865500.0,1307952
20201228 19:00,32970500.0,33513300.0,32812399.0,33221300.0,1052268
20201229 19:00,33220000.0,33446900.0,32826400.0,32872000.0,741462
20201230 19:00,32800000.0,32850000.0,32413500.0,32558000.0,870858
20210103 19:00,32760000.0,32850000.0,31441900.0,31789699.0,1215945
20210104 19:00,31871700.0,32235600.0,31620100.0,32144400.0,727771
20210105 19:00,31650000.0,31973700.0,31311000.0,31482000.0,1206899
20210106 19:00,31540000.0,32090000.0,31450100.0,31719800.0,1256347
20210107 19:00,31801100.0,31907199.0,31422000.0,31804000.0,1033661
20210110 19:00,31799800.0,31799800.0,31100000.0,31190000.0,1061623
20210111 19:00,31209200.0,31424600.0,30855500.0,31360000.0,1056757
20210112 19:00,31310000.0,31897800.0,31140200.0,31659899.0,950310
20210113 19:00,31687500.0,31779300.0,31205100.0,31377600.0,877295
20210114 19:00,31350000.0,31434500.0,30956100.0,30996700.0,1353178
20210118 19:00,31350000.0,31450800.0,30960000.0,31371000.0,881517
20210119 19:00,31380000.0,32800000.0,31380000.0,32648900.0,1544415
20210120 19:00,32750800.0,33485400.0,32702000.0,33001000.0,1286067
20210121 19:00,32901800.0,33213100.0,32750900.0,32915100.0,848747
20210124 19:00,33250000.0,33638900.0,32432300.0,32890600.0,1045599
20210125 19:00,32918100.0,33979700.0,32823700.0,33686900.0,771662
20210126 19:00,33599900.0,33680500.0,31950000.0,32100000.0,1401795
20210127 19:00,31990000.0,33019600.0,31828300.0,32390000.0,1071056
20210128 19:00,32189300.0,32408500.0,31861500.0,32055100.0,1423439
20210131 19:00,32400000.0,33626700.0,32356900.0,33610000.0,1304106
20210201 19:00,33800000.0,34780000.0,32500000.0,33930000.0,1939725
20210202 19:00,33828300.0,34722700.0,33085800.0,33188400.0,1872051
20210203 19:00,33400000.0,33480000.0,32773200.0,33270000.0,1037295
20210204 19:00,33434800.0,33775900.0,33025850.0,33492399.0,963627
20210207 19:00,33597700.0,33680000.0,33040000.0,33180000.0,931638
20210208 19:00,33165000.0,33378500.0,32976600.0,33000000.0,596517
20210209 19:00,33138400.0,33180000.0,32539100.0,32771100.0,770232
20210210 19:00,32841300.0,32994699.0,32480100.0,32595800.0,613763
20210211 19:00,32574500.0,32818500.0,32333100.0,32777500.0,678879
20210215 19:00,32850000.0,33083000.0,32528300.0,32620700.0,761323
20210216 19:00,32720000.0,33209500.0,32530100.0,33102100.0,960606
20210217 19:00,33014899.0,33380000.0,32738500.0,33226000.0,839971
20210218 19:00,33282300.0,33426900.0,32457500.0,32499800.0,1229913
20210221 19:00,32180000.0,32310500.0,31722600.0,31812500.0,1063861
20210222 19:00,31750000.0,32046800.0,30850000.0,31890000.0,1183146
20210223 19:00,31902800.0,32144300.0,31253100.0,31636300.0,891246
20210224 19:00,31563300.0,31778700.0,30400000.0,30450000.0,1298032
20210225 19:00,30676500.0,31221200.0,30317500.0,30840000.0,1343507
20210228 19:00,31480000.0,31495500.0,30975300.0,31460000.0,860848
20210301 19:00,31196000.0,31630000.0,30871100.0,31002399.0,801313
20210302 19:00,31257300.0,31260000.0,29950000.0,29990200.0,1218833
20210303 19:00,30080000.0,30582900.0,29450000.0,29800000.0,1533251
20210304 19:00,29727500.0,30160000.0,28815500.0,30020000.0,1444130
20210307 19:00,29550000.0,30640000.0,29416200.0,29705000.0,1169200
20210308 19:00,30100000.0,30909800.0,29949100.0,30650000.0,1094043
20210309 19:00,30649500.0,31160900.0,30302000.0,30600000.0,830946
20210310 19:00,30992800.0,31312199.0,30825600.0,31210000.0,784496
20210311 19:00,30745300.0,30989800.0,30455000.0,30870000.0,739749
20210314 20:00,30762900.0,31000000.0,30328100.0,30730000.0,867961
20210315 20:00,30830000.0,31287300.0,30771600.0,30887500.0,780331
20210316 20:00,30928200.0,31731500.0,30570000.0,31440000.0,984580
20210317 20:00,31080600.0,31250000.0,30250300.0,30337600.0,1128923
20210318 20:00,30575500.0,30774000.0,30166800.0,30540000.0,1870511
20210321 20:00,30710000.0,31266500.0,30600000.0,31089600.0,867911
20210322 20:00,30980900.0,31826000.0,30980900.0,31380000.0,1133921
20210323 20:00,31400000.0,31719400.0,30770000.0,30865000.0,889193
20210324 20:00,30870700.0,31099699.0,30371200.0,30485600.0,1098442
20210325 20:00,30600000.0,30619400.0,29960100.0,30490000.0,1032397
20210328 20:00,30400000.0,30909899.0,30284600.0,30759800.0,810530
20210329 20:00,30590000.0,30739800.0,30337399.0,30530000.0,761450
20210330 20:00,30552900.0,31191900.0,30484899.0,30974699.0,1101182
20210331 20:00,31214000.0,31675000.0,31105200.0,31669300.0,984911
20210404 20:00,31600000.0,32355500.0,31515800.0,32349000.0,1036173
20210405 20:00,32099500.0,32474300.0,32059899.0,32280200.0,750973
20210406 20:00,32230500.0,33037900.0,32157700.0,32880000.0,931896
20210407 20:00,33060000.0,33244500.0,32923100.0,33100000.0,778721
20210408 20:00,32993000.0,33722800.0,32850600.0,33677700.0,1187300
20210411 20:00,33596400.0,34050000.0,33510000.0,33906000.0,1001013
20210412 20:00,33791700.0,34320400.0,33791700.0,33951000.0,943656
20210413 20:00,33940000.0,34130000.0,33257900.0,33335000.0,742402
20210414 20:00,33520000.0,33962000.0,33505900.0,33777300.0,1019489
20210415 20:00,33689500.0,34066000.0,33556000.0,33978800.0,1004915
20210418 20:00,33979700.0,34361000.0,33600200.0,33732100.0,690613
20210419 20:00,33762700.0,33830000.0,33033300.0,33161000.0,711258
20210420 20:00,33240000.0,33628600.0,33040000.0,33560000.0,659164
20210421 20:00,33600000.0,33768200.0,33014400.0,33102600.0,706164
20210422 20:00,33169600.0,33749900.0,33083200.0,33450500.0,891626
20210425 20:00,33430000.0,34429200.0,33309400.0,34370200.0,1044420
20210426 20:00,34323000.0,34600200.0,33980000.0,34220600.0,976973
20210427 20:00,34170000.0,34900000.0,34133900.0,34896500.0,1060865
20210428 20:00,34980000.0,36610000.0,34352200.0,35530000.0,1788358
20210429 20:00,35521300.0,35672500.0,34625500.0,34670000.0,1789439
20210502 20:00,34800000.0,34880000.0,33723100.0,33795000.0,1377085
20210503 20:00,33820000.0,33840000.0,32720200.0,33035000.0,1526843
20210504 20:00,33260000.0,33551900.0,32646300.0,32700000.0,1067183
20210505 20:00,32770000.0,33144699.0,32470000.0,33068400.0,1297855
20210506 20:00,33168600.0,33620000.0,32890000.0,32900800.0,1251325
20210509 20:00,32871700.0,32905400.0,31805000.0,31805000.0,1314157
20210510 20:00,31540000.0,32381700.0,31171300.0,32175000.0,1204435
20210511 20:00,32179600.0,32200100.0,31333300.0,31589800.0,1214490
20210512 20:00,31423300.0,32030000.0,31331000.0,31620000.0,876318
20210513 20:00,31819899.0,32288700.0,31800000.0,32277500.0,913395
20210516 20:00,32281000.0,32921500.0,32196300.0,32800000.0,810802
20210517 20:00,32925100.0,33115300.0,32250300.0,32256000.0,696490
20210518 20:00,32090000.0,32347900.0,31838000.0,32200200.0,787038
20210519 20:00,32324000.0,32598200.0,32190000.0,32518200.0,749240
20210520 20:00,32550000.0,32629800.0,31969899.0,31985600.0,1184224
20210523 20:00,32100000.0,32579200.0,32060100.0,32483900.0,715947
20210524 20:00,32710000.0,32795000.0,32137700.0,32640000.0,892957
20210525 20:00,32650000.0,32959200.0,32584300.0,32660000.0,711515
20210526 20:00,32531300.0,32665000.0,32300400.0,32420000.0,984939
20210527 20:00,32441200.0,32500000.0,32194200.0,32245000.0,815122
20210531 20:00,32295900.0,32510000.0,32092800.0,32159899.0,666810
20210601 20:00,32186500.0,32369699.0,32075600.0,32329600.0,668301
20210602 20:00,32338800.0,32338800.0,31837700.0,31862700.0,698381
20210603 20:00,31930200.0,32213000.0,31510000.0,32057800.0,675163
20210606 20:00,31990000.0,32121200.0,31724400.0,32071300.0,657058
20210607 20:00,32039800.0,32800000.0,31878900.0,32680000.0,846380
20210608 20:00,32690000.0,32975000.0,32667199.0,32787800.0,691241
20210609 20:00,32784300.0,33549899.0,32650000.0,33535000.0,877384
20210610 20:00,33482000.0,33666600.0,33333500.0,33449899.0,800615
20210613 20:00,33476700.0,33849400.0,33358000.0,33810000.0,747580
20210614 20:00,33838700.0,33967800.0,33631800.0,33788800.0,648881
20210615 20:00,33820000.0,34265000.0,33617700.0,34022000.0,1081398
20210616 20:00,34000000.0,34972700.0,33882700.0,34940000.0,1259870
20210617 20:00,34892400.0,35072400.0,34632100.0,34815000.0,1752274
20210620 20:00,34850000.0,34969900.0,34340000.0,34525000.0,737067
20210621 20:00,34401600.0,35237500.0,34314400.0,35094800.0,808235
20210622 20:00,35091900.0,35208600.0,34832200.0,35030000.0,718845
20210623 20:00,35042400.0,35246900.0,34307700.0,34470400.0,1014140
20210624 20:00,34490800.0,34670000.0,33947200.0,34006400.0,1197844
20210627 20:00,34105300.0,34480000.0,34031000.0,34411700.0,645313
20210628 20:00,34435700.0,34564100.0,34235200.0,34493500.0,493087
20210629 20:00,34503300.0,34717800.0,34300000.0,34380000.0,645847
20210630 20:00,34550000.0,34571000.0,34094500.0,34290900.0,549266
20210701 20:00,34329700.0,35125000.0,34249200.0,35100000.0,829895
20210705 20:00,35090000.0,36855000.0,35031300.0,36799900.0,1558377
20210706 20:00,36959300.0,37342100.0,36784800.0,36970000.0,1225831
20210707 20:00,36620000.0,37595700.0,36211200.0,37220000.0,1231008
20210708 20:00,37420000.0,37461600.0,36933600.0,37174900.0,1008659
20210711 20:00,37193400.0,37570000.0,36964400.0,37127500.0,718261
20210712 20:00,37180000.0,37730200.0,36713300.0,36725000.0,883658
20210713 20:00,36900000.0,37180100.0,36610000.0,36855000.0,851892
20210714 20:00,36919900.0,37046000.0,36206600.0,36221000.0,810898
20210715 20:00,36312000.0,36493000.0,35690900.0,35698500.0,1094490
20210718 20:00,35652100.0,35694000.0,35032800.0,35569700.0,963077
20210719 20:00,35695000.0,35920300.0,35178100.0,35768800.0,938803
20210720 20:00,35785200.0,35930000.0,35440000.0,35898600.0,686763
20210721 20:00,35893200.0,36500000.0,35820000.0,36500000.0,630200
20210722 20:00,36460000.0,36662000.0,36220000.0,36480200.0,715991
20210725 20:00,36535000.0,37118400.0,36470000.0,36900000.0,863419
20210726 20:00,36900000.0,37040000.0,35861500.0,36140300.0,1115806
20210727 20:00,36360000.0,36581000.0,36013000.0,36285000.0,708841
20210728 20:00,36399500.0,36450000.0,33250000.0,33310000.0,1445217
20210729 20:00,33570000.0,33869400.0,33071400.0,33330000.0,2666753
20210801 20:00,33600000.0,33633600.0,33169000.0,33282500.0,891257
20210802 20:00,33431700.0,33907500.0,32987300.0,33580800.0,1032770
20210803 20:00,33700000.0,33887400.0,33455600.0,33545000.0,595595
20210804 20:00,33560000.0,33890400.0,33406700.0,33750000.0,690146
20210805 20:00,33760000.0,33811400.0,33293700.0,33390000.0,775701
20210808 20:00,33439600.0,33543700.0,33285800.0,33386500.0,622181
20210809 20:00,33361800.0,33580000.0,33150000.0,33194800.0,595527
20210810 20:00,33153600.0,33375000.0,32775200.0,32910000.0,801355
20210811 20:00,32922300.0,33145200.0,32693600.0,33017500.0,629879
20210812 20:00,33050000.0,33092800.0,32832399.0,32884899.0,557852
20210815 20:00,32910000.0,33020000.0,32116900.0,32955000.0,903351
20210816 20:00,32827800.0,32900000.0,32253500.0,32355000.0,935220
20210817 20:00,32490000.0,32544300.0,31990000.0,32040100.0,749207
20210818 20:00,31917100.0,32332399.0,31716500.0,31870800.0,852078
20210819 20:00,31820000.0,32080000.0,31757700.0,32031300.0,893767
20210822 20:00,32121900.0,32804200.0,32100100.0,32730000.0,996530
20210823 20:00,32850000.0,33157500.0,32730000.0,33017300.0,652366
20210824 20:00,33110000.0,33207700.0,32860100.0,32996300.0,471330
20210825 20:00,32933000.0,33320200.0,32810100.0,33149899.0,520829
20210826 20:00,33210000.0,33525900.0,33130000.0,33520000.0,702413
20210829 20:00,33498400.0,34450000.0,33497199.0,34190000.0,829987
20210830 20:00,34352000.0,34745800.0,33960800.0,34725800.0,1807597
20210831 20:00,34741100.0,35262500.0,34650000.0,34795800.0,981977
20210901 20:00,34864500.0,35119200.0,34531200.0,34567500.0,758355
20210902 20:00,34631200.0,34886500.0,34363600.0,34731100.0,736557
20210906 20:00,34815000.0,35280900.0,34635000.0,35115000.0,782750
20210907 20:00,35000000.0,35453500.0,34898000.0,35180000.0,819321
20210908 20:00,35123700.0,35497900.0,34800000.0,34846000.0,670520
20210909 20:00,34958100.0,35083000.0,34622100.0,34650000.0,720012
20210912 20:00,34670900.0,34981500.0,34390700.0,34601500.0,686634
20210913 20:00,34650000.0,34870600.0,34376100.0,34480000.0,592436
20210914 20:00,34512000.0,34860000.0,34023200.0,34765000.0,867564
20210915 20:00,34710000.0,34926100.0,34456100.0,34830000.0,765528
20210916 20:00,34854800.0,35020000.0,34522700.0,34550100.0,1957431
20210919 20:00,34490000.0,34490000.0,33048800.0,33530000.0,1399036
20210920 20:00,33870000.0,33887200.0,33322000.0,33350000.0,727024
20210921 20:00,33502300.0,33890000.0,33410000.0,33820600.0,665995
20210922 20:00,34010100.0,34286800.0,33799800.0,34160000.0,651973
20210923 20:00,34090000.0,34295800.0,33915000.0,34265500.0,591271
20210926 20:00,34276100.0,34296000.0,33393600.0,33990000.0,896532
20210927 20:00,33596400.0,33720900.0,32901000.0,33220000.0,1201772
20210928 20:00,33501000.0,33518000.0,32972900.0,33100500.0,643485
20210929 20:00,33253300.0,33282199.0,32738800.0,32890000.0,826760
20210930 20:00,32700000.0,33087900.0,32558800.0,32801100.0,791241
20211003 20:00,32600000.0,32835700.0,31762600.0,31941000.0,1239779
20211004 20:00,32060000.0,32609500.0,31970000.0,32185200.0,817978
20211005 20:00,31900000.0,32847399.0,31762500.0,32748700.0,731296
20211006 20:00,32930000.0,33983000.0,32833600.0,33070000.0,705606
20211007 20:00,32990000.0,33251600.0,32875000.0,32879899.0,638287
20211010 20:00,32806000.0,32926000.0,32380000.0,32381000.0,575168
20211011 20:00,32430000.0,32677300.0,32364000.0,32400100.0,544984
20211012 20:00,32587100.0,32927000.0,32510000.0,32906500.0,835004
20211013 20:00,33060000.0,33150000.0,32905000.0,33050000.0,612671
20211014 20:00,33095000.0,34110000.0,33038000.0,34093900.0,1390566
20211017 20:00,33890000.0,34492400.0,33843900.0,34465000.0,870820
20211018 20:00,34500000.0,34590000.0,34218700.0,34462300.0,637664
20211019 20:00,34350000.0,34617900.0,34005000.0,34086200.0,610171
20211020 20:00,34092500.0,34402800.0,34020000.0,34240700.0,537265
20211021 20:00,34274700.0,34353000.0,33311000.0,33313000.0,841875
20211024 20:00,33499899.0,33551800.0,32977100.0,33350000.0,610566
20211025 20:00,33420000.0,34160000.0,33420000.0,33810000.0,682487
20211026 20:00,33875300.0,34370000.0,33626900.0,34080000.0,674689
20211027 20:00,34067900.0,34790000.0,32552500.0,33070000.0,1404645
20211028 20:00,33000000.0,33834000.0,32733700.0,33830000.0,1696257
20211031 20:00,33825000.0,33861900.0,32917500.0,33140300.0,885464
20211101 20:00,33182199.0,33312700.0,32830100.0,33080000.0,704835
20211102 20:00,33130000.0,33948500.0,32974500.0,33870000.0,944624
20211103 20:00,33840000.0,34987100.0,33650000.0,34750000.0,1448250
20211104 20:00,34720000.0,35665100.0,34615200.0,35115000.0,1296365
20211107 19:00,35136400.0,35790500.0,34878600.0,34930000.0,788004
20211108 19:00,34895000.0,35938400.0,34895000.0,35820000.0,1008806
20211109 19:00,35718600.0,36054500.0,34638300.0,34858500.0,1035952
20211110 19:00,34990900.0,35434400.0,34671400.0,34794900.0,523113
20211111 19:00,34869900.0,35406000.0,34470500.0,35241300.0,680735
20211114 19:00,35313000.0,35938600.0,35252500.0,35461300.0,620260
20211115 19:00,35474500.0,35755200.0,35250000.0,35421300.0,578495
20211116 19:00,35452300.0,35872400.0,35407000.0,35564000.0,648344
20211117 19:00,35621300.0,37042000.0,35601300.0,37009800.0,1439210
20211118 19:00,37119400.0,37626800.0,36720000.0,36723000.0,1252305
20211121 19:00,36950000.0,37133800.0,35672600.0,35770000.0,1239405
20211122 19:00,35619200.0,36213000.0,35276900.0,35790000.0,941053
20211123 19:00,35828800.0,36140000.0,35364800.0,35826800.0,559847
20211125 19:00,35544700.0,36314900.0,35000000.0,35020000.0,887862
20211128 19:00,35451900.0,35963500.0,35229800.0,35680000.0,861850
20211129 19:00,35510000.0,35860000.0,34920100.0,35115200.0,1211162
20211130 19:00,35420000.0,35705000.0,34356000.0,34578500.0,1017617
20211201 19:00,34624200.0,34923200.0,34233300.0,34330000.0,905453
20211202 19:00,34399800.0,34683200.0,33389000.0,33860000.0,1067141
20211205 19:00,33988100.0,34739000.0,33384200.0,34316000.0,916344
20211206 19:00,34831500.0,35499900.0,34666800.0,35235100.0,953307
20211207 19:00,35460000.0,35499900.0,34945500.0,35200000.0,647250
20211208 19:00,35195000.0,35390100.0,34800000.0,34865000.0,738821
20211209 19:00,34863500.0,35248800.0,34100000.0,34424900.0,894334
20211212 19:00,34518000.0,34658700.0,33824700.0,33909500.0,769908
20211213 19:00,33913500.0,33946400.0,33284000.0,33800300.0,767613
20211214 19:00,33854100.0,34715700.0,33037700.0,34709900.0,1080263
20211215 19:00,34843200.0,34946000.0,33641000.0,33658300.0,856336
20211216 19:00,33759000.0,34182000.0,33124100.0,33994300.0,1872400
20211219 19:00,33490000.0,33649900.0,33119800.0,33550000.0,892873
20211220 19:00,33577500.0,34140300.0,33124699.0,34040000.0,698905
20211221 19:00,33944600.0,34411400.0,33716000.0,34195600.0,646097
20211222 19:00,34135600.0,34395100.0,34026500.0,34180000.0,558808
20211226 19:00,34280000.0,34584200.0,33849300.0,33895000.0,745820
20211227 19:00,34020000.0,34437500.0,33824900.0,34207500.0,625311
20211228 19:00,34237500.0,34262000.0,33732800.0,33817500.0,453208
20211229 19:00,33840200.0,34177500.0,33707700.0,33777000.0,450761
20211230 19:00,33777500.0,33871200.0,33311800.0,33340000.0,684478
20220102 19:00,33500000.0,34137700.0,33228600.0,34079200.0,829783
20220103 19:00,34019300.0,34286000.0,33265000.0,33437500.0,984477
20220104 19:00,33457500.0,33527900.0,32790000.0,32900000.0,1003670
20220105 19:00,32910000.0,32965600.0,32388800.0,32759000.0,679212
20220106 19:00,32640000.0,33039100.0,32406200.0,32497399.0,658230
20220109 19:00,32480000.0,32610000.0,31260000.0,32341200.0,1225132
20220110 19:00,32373000.0,33274300.0,32134500.0,33050000.0,873216
20220111 19:00,33020000.0,33375600.0,32895000.0,33030000.0,711797
20220112 19:00,33060000.0,33242700.0,32193200.0,32220000.0,775682
20220113 19:00,32317399.0,32459100.0,31957300.0,32408000.0,653163
20220117 19:00,31899000.0,32050000.0,31532700.0,31740000.0,1073730
20220118 19:00,31669200.0,31966200.0,31193300.0,31198000.0,831875
20220119 19:00,31300000.0,31600000.0,29820000.0,30010000.0,906011
20220120 19:00,30294000.0,30294000.0,28360200.0,28376800.0,2340316
20220123 19:00,28720000.0,28978100.0,27070200.0,28880000.0,2072364
20220124 19:00,28393900.0,28719500.0,27450000.0,28200000.0,1232207
20220125 19:00,28360000.0,29039899.0,27459600.0,28010000.0,1415283
20220126 19:00,27800000.0,28845900.0,27699699.0,28120000.0,1094742
20220127 19:00,28150400.0,28830000.0,27587700.0,28803200.0,1166373
20220130 19:00,29010000.0,29952900.0,28773100.0,29877700.0,1229290
20220131 19:00,30020000.0,30888000.0,29535900.0,30760000.0,830275
20220201 19:00,30953000.0,31170000.0,28971300.0,28980000.0,1127348
20220202 19:00,29172199.0,33000000.0,27250000.0,31835000.0,3168942
20220203 19:00,31500000.0,32244300.0,30121300.0,31451000.0,3263101
20220206 19:00,31509800.0,32530000.0,31428000.0,31680000.0,1280521
20220207 19:00,31630000.0,32358000.0,31110000.0,32350000.0,909154
20220208 19:00,32492000.0,32767900.0,32046100.0,32239000.0,875435
20220209 19:00,32063400.0,32250000.0,31550000.0,31729600.0,912153
20220210 19:00,31576600.0,31841200.0,30542600.0,30640000.0,984485
20220213 19:00,30200000.0,31691200.0,30120000.0,31200500.0,1013163
20220214 19:00,31452000.0,31800000.0,30932100.0,31250000.0,777418
20220215 19:00,31410000.0,32039000.0,30940000.0,31780000.0,681342
20220216 19:00,31590000.0,32065400.0,30850100.0,31000000.0,849338
20220217 19:00,31183800.0,31218200.0,30177500.0,30320000.0,855473
20220221 19:00,29762000.0,30603500.0,29578100.0,30270000.0,901720
20220222 19:00,30462300.0,30600000.0,28880000.0,28959000.0,973077
20220223 19:00,28304000.0,30352000.0,27750000.0,30000000.0,1494213
20220224 19:00,29900600.0,30796900.0,29800400.0,30732000.0,831007
20220227 19:00,30236000.0,30890000.0,30160000.0,30750000.0,946110
20220228 19:00,30580000.0,30817000.0,29982600.0,30270000.0,734402
20220301 19:00,30100000.0,30593300.0,29750000.0,30348900.0,669894
20220302 19:00,30320000.0,30773500.0,29370900.0,29595000.0,832403
20220303 19:00,29360000.0,29589000.0,28765800.0,29079000.0,884304
20220306 19:00,28698000.0,29235600.0,27280000.0,27310700.0,1254161
20220307 19:00,27512300.0,28140000.0,26715200.0,27167500.0,1089190
20220308 19:00,27566500.0,30930700.0,27365600.0,29734500.0,1146646
20220309 19:00,29800000.0,29840600.0,28800000.0,29393000.0,1743505
20220310 19:00,29422000.0,29940800.0,29074300.0,29150000.0,1007276
20220313 20:00,29220600.0,29492600.0,28170200.0,28530000.0,982123
20220314 20:00,28390600.0,29595900.0,28200000.0,29548400.0,1050454
20220315 20:00,29840000.0,30730000.0,29470700.0,30650000.0,1024014
20220316 20:00,30590000.0,31500000.0,30304800.0,31310000.0,931045
20220317 20:00,31318900.0,32319699.0,31200000.0,32270000.0,1887474
20220320 20:00,32159899.0,32618400.0,31907600.0,32275000.0,764610
20220321 20:00,32359000.0,33232199.0,32259000.0,32997900.0,838443
20220322 20:00,32967300.0,33277300.0,32531600.0,32701000.0,758003
20220323 20:00,32720000.0,32955400.0,32006800.0,32611000.0,769116
20220324 20:00,32649899.0,33074899.0,32453800.0,32946800.0,591091
20220327 20:00,32800000.0,33814700.0,32800000.0,33780000.0,835091
20220328 20:00,33810000.0,34176700.0,33580000.0,33815000.0,905956
20220329 20:00,33790000.0,33798000.0,33097000.0,33390000.0,780490
20220330 20:00,33400000.0,33449500.0,32590700.0,32799400.0,1121343
20220331 20:00,32799400.0,33170000.0,32463400.0,32690000.0,822803
20220403 20:00,32690000.0,33703800.0,32640400.0,33668800.0,690407
20220404 20:00,33678600.0,33770000.0,32653400.0,32822500.0,692522
20220405 20:00,32531000.0,32630000.0,31451000.0,31599899.0,1023055
20220406 20:00,31751200.0,32015800.0,30905100.0,31593100.0,793308
20220407 20:00,31759600.0,31800000.0,30810000.0,30820600.0,564080
20220410 20:00,30750600.0,30818000.0,30105000.0,30195000.0,633437
20220411 20:00,30184000.0,31012700.0,30078200.0,30250000.0,636011
20220412 20:00,30450200.0,31201400.0,29922800.0,31177500.0,620519
20220413 20:00,31165000.0,31192700.0,30295000.0,30322199.0,760207
20220417 20:00,30200000.0,30816500.0,30022500.0,30750000.0,504597
20220418 20:00,30700000.0,31730400.0,30314000.0,31190500.0,725921
20220419 20:00,31300000.0,31623100.0,30722100.0,30915000.0,738995
20220420 20:00,31133000.0,31354400.0,29500000.0,29630000.0,800207
20220421 20:00,29750000.0,29918400.0,28739400.0,28816000.0,1034620
20220424 20:00,28760000.0,29244899.0,28466500.0,29183400.0,848705
20220425 20:00,29113900.0,29199000.0,27370000.0,28133800.0,1090110
20220426 20:00,28350000.0,28449899.0,27165100.0,28230000.0,1005162
20220427 20:00,28368900.0,29180000.0,25213800.0,26300000.0,1470201
20220428 20:00,26599100.0,26599100.0,24316700.0,24783100.0,3315304
20220501 20:00,24924200.0,25000000.0,23675200.0,24785000.0,1759454
20220502 20:00,24900000.0,25245300.0,24562900.0,24810000.0,965855
20220503 20:00,24819000.0,25204500.0,23833700.0,25113900.0,1320641
20220504 20:00,24973900.0,25006100.0,23016500.0,23390000.0,1878231
20220505 20:00,23309200.0,23806100.0,22613400.0,22897500.0,1623028
20220508 20:00,22749000.0,22800100.0,21592600.0,21700000.0,1558839
20220509 20:00,22096100.0,22528800.0,21437300.0,21780000.0,1317019
20220510 20:00,21971800.0,22189899.0,20887700.0,21070000.0,1333166
20220511 20:00,21000000.0,22155000.0,20473300.0,21540000.0,1441591
20220512 20:00,21850000.0,22750500.0,21549899.0,22690200.0,1211785
20220515 20:00,22500000.0,22798900.0,22075000.0,22200000.0,784701
20220516 20:00,22424000.0,23164899.0,22270000.0,23090000.0,902258
20220517 20:00,22920000.0,22993900.0,21120000.0,21120000.0,1208552
20220518 20:00,21190000.0,22010000.0,21003800.0,21595000.0,992268
20220519 20:00,21865000.0,21979699.0,21001000.0,21580000.0,1212904
20220522 20:00,21895300.0,21895300.0,20790000.0,21062500.0,1183261
20220523 20:00,21040000.0,21183700.0,20250500.0,20970000.0,1254062
20220524 20:00,20900000.0,21639200.0,20600000.0,21295900.0,961164
20220525 20:00,21444699.0,22532300.0,21311500.0,22260000.0,1009179
20220526 20:00,22219899.0,23150000.0,22170000.0,23150000.0,1181566
20220530 20:00,23080000.0,24396000.0,22903400.0,24305000.0,1834676
20220531 20:00,24237000.0,25035000.0,24035500.0,24215900.0,1385342
20220601 20:00,24410000.0,25398600.0,24008900.0,25370000.0,1101971
20220602 20:00,25137000.0,25189800.0,24208100.0,24484500.0,1131558
20220605 20:00,1247900.0,1289900.0,1225000.0,1252000.0,22993848
20220606 20:00,1247000.0,1247500.0,1206300.0,1223000.0,16505993
20220607 20:00,1225000.0,1237500.0,1207500.0,1212100.0,11663760
20220608 20:00,1211800.0,1219600.0,1160000.0,1161700.0,14961725
20220609 20:00,1163400.0,1169500.0,1090500.0,1096500.0,19862786
20220612 20:00,1069700.0,1071600.0,1018700.0,1040500.0,23735037
20220613 20:00,1057400.0,1057400.0,1014300.0,1029800.0,17422390
20220614 20:00,1034300.0,1093800.0,1026600.0,1093500.0,18265574
20220615 20:00,1078700.0,1078700.0,1020100.0,1039400.0,20084756
20220616 20:00,1050000.0,1069800.0,1022500.0,1058500.0,37631149
20220620 20:00,1084500.0,1116200.0,1075800.0,1081700.0,16093161
20220621 20:00,1060000.0,1121300.0,1058200.0,1081000.0,13655723
20220622 20:00,1086000.0,1130000.0,1079400.0,1121600.0,14285470
20220623 20:00,1132500.0,1167100.0,1114200.0,1165500.0,21333126
20220626 20:00,1177000.0,1181300.0,1127000.0,1135000.0,17171521
20220627 20:00,1137000.0,1148500.0,1071300.0,1074800.0,17255807
20220628 20:00,1078100.0,1109900.0,1066200.0,1085600.0,12858894
20220629 20:00,1074600.0,1084000.0,1025200.0,1067400.0,23598374
20220630 20:00,1058100.0,1097500.0,1052000.0,1096200.0,14524507
20220704 20:00,1098200.0,1140700.0,1063300.0,1132000.0,15893694
20220705 20:00,1138600.0,1154800.0,1120100.0,1144900.0,12043470
20220706 20:00,1146000.0,1169900.0,1134900.0,1157100.0,12437418
20220707 20:00,1157500.0,1165800.0,1137000.0,1153500.0,9097411
20220710 20:00,1145100.0,1148800.0,1108800.0,1118000.0,12653720
20220711 20:00,1112000.0,1132300.0,1083400.0,1092500.0,12340942
20220712 20:00,1093000.0,1117800.0,1060100.0,1096000.0,13492560
20220713 20:00,1095000.0,1116600.0,1075800.0,1112500.0,10601888
20220714 20:00,1107300.0,1155900.0,1104500.0,1136000.0,20948909
20220717 20:00,1150000.0,1172400.0,1131400.0,1140900.0,12880391
20220718 20:00,1140000.0,1192200.0,1137100.0,1188500.0,14559426
20220719 20:00,1187400.0,1234700.0,1179900.0,1224000.0,14714869
20220720 20:00,1221400.0,1248500.0,1212700.0,1235500.0,12883280
20220721 20:00,1237300.0,1254900.0,1213600.0,1223000.0,11520461
20220724 20:00,1224200.0,1237100.0,1156500.0,1164200.0,11613549
20220725 20:00,1169700.0,1182000.0,1145300.0,1174000.0,14985541
20220726 20:00,1174000.0,1219100.0,1162100.0,1206200.0,15038616
20220727 20:00,1201900.0,1394500.0,1180900.0,1389500.0,17893596
20220728 20:00,1379000.0,1383899.0,1324199.0,1348800.0,33702475
20220731 20:00,1350300.0,1388300.0,1335200.0,1350800.0,15105643
20220801 20:00,1347000.0,1374400.0,1335000.0,1342900.0,12823636
20220802 20:00,1344000.0,1404900.0,1340200.0,1392200.0,17205601
20220803 20:00,1394900.0,1435600.0,1392000.0,1430000.0,14640520
20220804 20:00,1430100.0,1432900.0,1396000.0,1406699.0,11060421
20220807 20:00,1414700.0,1442200.0,1382900.0,1400000.0,10399333
20220808 20:00,1392200.0,1400900.0,1362100.0,1379900.0,8983481
20220809 20:00,1378400.0,1442200.0,1374000.0,1426500.0,14534402
20220810 20:00,1432000.0,1445000.0,1397600.0,1409100.0,10291711
20220811 20:00,1413899.0,1436200.0,1401200.0,1434199.0,13365868
20220814 20:00,1426399.0,1437600.0,1414900.0,1428000.0,9406901
20220815 20:00,1426900.0,1465700.0,1420100.0,1447200.0,11250284
20220816 20:00,1443899.0,1443899.0,1407800.0,1412500.0,10079391
20220817 20:00,1414700.0,1429500.0,1403899.0,1422400.0,8643348
20220818 20:00,1412000.0,1412000.0,1375100.0,1375900.0,13352152
20220821 20:00,1360700.0,1365000.0,1328500.0,1340400.0,12433333
20220822 20:00,1335000.0,1349900.0,1329500.0,1335000.0,8190258
20220823 20:00,1329900.0,1354600.0,1321000.0,1338300.0,10563507
20220824 20:00,1356000.0,1374199.0,1342700.0,1371900.0,8768045
20220825 20:00,1368000.0,1380900.0,1300800.0,1302400.0,15522897
20220828 20:00,1293800.0,1319400.0,1285300.0,1302900.0,11106598
20220829 20:00,1308600.0,1320900.0,1268600.0,1287000.0,11403123
20220830 20:00,1293400.0,1305900.0,1253500.0,1253800.0,15309785
20220831 20:00,1253700.0,1284800.0,1236600.0,1282000.0,12959061
20220901 20:00,1280300.0,1313800.0,1264000.0,1277500.0,14153609
20220905 20:00,1283200.0,1289800.0,1247500.0,1261000.0,10582445
20220906 20:00,1263300.0,1297500.0,1254100.0,1293200.0,12928258
20220907 20:00,1291600.0,1304500.0,1271000.0,1304500.0,10081799
20220908 20:00,1308500.0,1336399.0,1306500.0,1332600.0,10448719
20220911 20:00,1340500.0,1367100.0,1334700.0,1365700.0,12224513
20220912 20:00,1369199.0,1378400.0,1262800.0,1276800.0,19070735
20220913 20:00,1274500.0,1291200.0,1263300.0,1290000.0,10753200
20220914 20:00,1290600.0,1303700.0,1228000.0,1238800.0,11797258
20220915 20:00,1233000.0,1244000.0,1207000.0,1243500.0,43953102
20220918 20:00,1226000.0,1254400.0,1218000.0,1254400.0,10111159
20220919 20:00,1249000.0,1249800.0,1211400.0,1221300.0,10319269
20220920 20:00,1220500.0,1237500.0,1170700.0,1173000.0,14169249
20220921 20:00,1183800.0,1192200.0,1162700.0,1174300.0,12224359
20220922 20:00,1165500.0,1169000.0,1120700.0,1139100.0,13377760
20220925 20:00,1135200.0,1173300.0,1127500.0,1155600.0,14033928
20220926 20:00,1174000.0,1183200.0,1130500.0,1145800.0,12562278
20220927 20:00,1135000.0,1187000.0,1120000.0,1177500.0,12577966
20220928 20:00,1161400.0,1171400.0,1130600.0,1150900.0,14337904
20220929 20:00,1159900.0,1169200.0,1128500.0,1130300.0,17770446
20221002 20:00,1125000.0,1169000.0,1117700.0,1162500.0,12836114
20221003 20:00,1177400.0,1230000.0,1177400.0,1206700.0,13894492
20221004 20:00,1204600.0,1218800.0,1176900.0,1218000.0,9661268
20221005 20:00,1209100.0,1215300.0,1195200.0,1200000.0,9700752
20221006 20:00,1197600.0,1204000.0,1138900.0,1145400.0,14278821
20221009 20:00,1142000.0,1162500.0,1124400.0,1139400.0,9175759
20221010 20:00,1128000.0,1154800.0,1103950.0,1121800.0,11962729
20221011 20:00,1128500.0,1138700.0,1114000.0,1131000.0,10561929
20221012 20:00,1128400.0,1144100.0,1053400.0,1122000.0,19710404
20221013 20:00,1127700.0,1149600.0,1065200.0,1066000.0,15523140
20221016 20:00,1086100.0,1151900.0,1081300.0,1151200.0,16227388
20221017 20:00,1161600.0,1195000.0,1147900.0,1180000.0,12394804
20221018 20:00,1172900.0,1177400.0,1132200.0,1140000.0,10555523
20221019 20:00,1138800.0,1182350.0,1134800.0,1143900.0,11143583
20221020 20:00,1144900.0,1198600.0,1131900.0,1198600.0,14782475
20221023 20:00,1190100.0,1210700.0,1165700.0,1190000.0,11663910
20221024 20:00,1195000.0,1213100.0,1147500.0,1152300.0,12660528
20221025 20:00,1167200.0,1193400.0,1142000.0,1158500.0,15595041
20221026 20:00,1156000.0,1162400.0,875900.0,968400.0,28869814
20221027 20:00,964700.0,1039599.0,948100.0,1038900.0,43928492
20221030 20:00,1038500.0,1048700.0,1007400.0,1024200.0,18953713
20221031 20:00,1030000.0,1045800.0,960600.0,967700.0,24928741
20221101 20:00,971000.0,977300.0,918800.0,927300.0,22564848
20221102 20:00,927300.0,934900.0,890200.0,892800.0,26787567
20221103 20:00,897099.0,924300.0,880500.0,911500.0,23593764
20221106 19:00,916000.0,923000.0,890400.0,903000.0,13860060
20221107 19:00,906600.0,917099.0,882400.0,901100.0,16993434
20221108 19:00,901600.0,906000.0,858800.0,862000.0,19670782
20221109 19:00,866300.0,985800.0,863000.0,969000.0,38873910
20221110 19:00,983400.0,1011800.0,966600.0,1007400.0,20026819
20221113 19:00,1007900.0,1007900.0,973300.0,988000.0,18964136
20221114 19:00,995300.0,1037900.0,973400.0,987500.0,18713454
20221115 19:00,994100.0,996500.0,955400.0,975600.0,15694110
20221116 19:00,976500.0,977800.0,940300.0,951100.0,15970728
20221117 19:00,951400.0,965300.0,924900.0,939100.0,14499346
20221120 19:00,937900.0,950200.0,905900.0,924100.0,16429566
20221121 19:00,923000.0,933450.0,908800.0,930699.0,11310891
20221122 19:00,934200.0,945800.0,928300.0,944500.0,9885127
20221124 19:00,946900.0,948900.0,930699.0,935699.0,5994984
20221127 19:00,930000.0,960500.0,921600.0,939100.0,13681328
20221128 19:00,946000.0,951500.0,914500.0,922000.0,11475658
20221129 19:00,927200.0,969500.0,915300.0,966800.0,26588348
20221130 19:00,966200.0,972800.0,949300.0,952500.0,13001080
20221201 19:00,956000.0,964400.0,929900.0,940500.0,14960018
20221204 19:00,947400.0,947500.0,908199.0,910699.0,12856714
20221205 19:00,913000.0,915200.0,879400.0,884800.0,14377518
20221206 19:00,885900.0,898900.0,874800.0,885000.0,13362782
20221207 19:00,889500.0,908550.0,878800.0,904800.0,14037532
20221208 19:00,908600.0,913500.0,881800.0,889000.0,15386671
20221211 19:00,894500.0,905900.0,878700.0,905900.0,13890624
20221212 19:00,907500.0,962400.0,905200.0,926700.0,21503073
20221213 19:00,927099.0,934500.0,901300.0,916900.0,15110637
20221214 19:00,905600.0,906000.0,874700.0,882900.0,17525037
20221215 19:00,875699.0,893450.0,867300.0,876200.0,64772435
20221218 19:00,880699.0,884200.0,845200.0,850900.0,19314857
20221219 19:00,849800.0,866050.0,843300.0,859200.0,11981042
20221220 19:00,861500.0,872200.0,852099.0,867900.0,10734093
20221221 19:00,870400.0,871500.0,822500.0,836600.0,16296344
20221222 19:00,836400.0,857800.0,829350.0,851100.0,10261923
20221226 19:00,859300.0,859900.0,829300.0,830100.0,10260645
20221227 19:00,831000.0,834800.0,816900.0,820000.0,10443108
20221228 19:00,823500.0,845450.0,823500.0,841600.0,12336590
20221229 19:00,837800.0,841400.0,824800.0,839100.0,13801543
20230102 19:00,848700.0,869599.0,840800.0,861300.0,19410466
20230103 19:00,865600.0,870000.0,833700.0,867000.0,14384509
20230104 19:00,865600.0,876500.0,830200.0,831500.0,14876562
20230105 19:00,832400.0,863900.0,814300.0,861200.0,18047439
20230108 19:00,864000.0,894700.0,863100.0,872000.0,14027179
20230109 19:00,873900.0,901800.0,867500.0,899400.0,14232043
20230110 19:00,899900.0,956500.0,899000.0,952500.0,20865443
20230111 19:00,949000.0,971900.0,935000.0,952099.0,16716870
20230112 19:00,952700.0,983700.0,930600.0,980699.0,15337024
20230116 19:00,982900.0,988900.0,955800.0,956300.0,14218243
20230117 19:00,963800.0,993150.0,950200.0,953100.0,14259985
20230118 19:00,951600.0,954300.0,928650.0,938199.0,14231579
20230119 19:00,942900.0,973700.0,932099.0,973700.0,18036476
20230122 19:00,972500.0,983800.0,958700.0,974200.0,14134681
20230123 19:00,975200.0,999000.0,941400.0,947500.0,12793525
20230124 19:00,953000.0,975800.0,915300.0,972000.0,17371453
20230125 19:00,973400.0,994900.0,969200.0,985200.0,14339057
20230126 19:00,985000.0,1034800.0,984100.0,1021600.0,16819834
20230129 19:00,1009100.0,1017700.0,990100.0,1008400.0,12789699
20230130 19:00,1000100.0,1033450.0,994100.0,1025400.0,14915973
20230131 19:00,1029500.0,1095500.0,1012500.0,1089400.0,16093344
20230201 19:00,1096200.0,1174400.0,1054500.0,1079500.0,29320254
20230202 19:00,1062800.0,1092800.0,1025200.0,1029500.0,28155252
20230205 19:00,1027500.0,1039400.0,1006500.0,1020500.0,16183757
20230206 19:00,1021400.0,1027300.0,980900.0,1018500.0,25491636
20230207 19:00,1017800.0,1026600.0,987800.0,999500.0,16592990
20230208 19:00,1006600.0,1018800.0,975750.0,982300.0,14225559
20230209 19:00,984400.0,988100.0,962350.0,975800.0,12016827
20230212 19:00,975800.0,996750.0,969200.0,993800.0,12825570
20230213 19:00,993400.0,1009200.0,975200.0,994200.0,11771880
20230214 19:00,993199.0,1014100.0,984599.0,1010800.0,10324053
20230215 19:00,1010200.0,1012700.0,974900.0,976300.0,13405550
20230216 19:00,972900.0,984500.0,956500.0,972000.0,15249435
20230220 19:00,960000.0,966900.0,942750.0,948600.0,12526057
20230221 19:00,945500.0,970000.0,943500.0,960800.0,13547105
20230222 19:00,966100.0,967300.0,936700.0,955000.0,11036490
20230223 19:00,950000.0,952600.0,923199.0,932600.0,15327530
20230226 19:00,938400.0,947800.0,931400.0,936000.0,10396529
20230227 19:00,933500.0,947300.0,929200.0,939300.0,11570095
20230228 19:00,945000.0,951000.0,916000.0,920600.0,10504640
20230301 19:00,916400.0,922300.0,904000.0,918600.0,11361878
20230302 19:00,924000.0,949900.0,921000.0,948800.0,12587991
20230305 19:00,951700.0,965400.0,936300.0,937900.0,10804802
20230306 19:00,942300.0,950800.0,927800.0,935500.0,9966604
20230307 19:00,935600.0,941600.0,921800.0,937900.0,9154451
20230308 19:00,933800.0,962000.0,920000.0,922200.0,13313258
20230309 19:00,920500.0,935699.0,902500.0,908000.0,17553653
20230312 20:00,922500.0,940200.0,881200.0,926100.0,18617134
20230313 20:00,927000.0,950650.0,923300.0,947500.0,17173097
20230314 20:00,947400.0,966700.0,926300.0,962500.0,18755012
20230315 20:00,964800.0,1009800.0,950000.0,999300.0,19274677
20230316 20:00,1001000.0,1006600.0,974550.0,987700.0,32262837
20230319 20:00,981000.0,989500.0,957050.0,974900.0,13761639
20230320 20:00,978000.0,1008400.0,975400.0,1005000.0,12526216
20230321 20:00,1004000.0,1020900.0,984500.0,988199.0,12204717
20230322 20:00,997600.0,1010600.0,976150.0,988199.0,12540505
20230323 20:00,990000.0,994700.0,964000.0,984800.0,13852494
20230326 20:00,979900.0,993400.0,970800.0,982600.0,10242574
20230327 20:00,978000.0,984400.0,962900.0,973500.0,8123628
20230328 20:00,979200.0,1004300.0,978000.0,1000200.0,12560556
20230329 20:00,1005100.0,1030400.0,1002600.0,1019500.0,10667099
20230330 20:00,1020000.0,1034200.0,1014300.0,1033100.0,16562189
20230402 20:00,1024900.0,1032900.0,1014300.0,1023500.0,9127496
20230403 20:00,1022900.0,1042300.0,1021100.0,1042300.0,11370714
20230404 20:00,1035300.0,1042300.0,1007550.0,1009400.0,10479168
20230405 20:00,1010500.0,1023800.0,998100.0,1018900.0,9509715
20230409 20:00,1018000.0,1022900.0,995800.0,1021700.0,7449678
20230410 20:00,1021000.0,1026300.0,990100.0,999200.0,12743164
20230411 20:00,999100.0,1019000.0,976100.0,977500.0,11701559
20230412 20:00,981000.0,1025600.0,975600.0,1020800.0,14677831
20230413 20:00,1020900.0,1032000.0,1011100.0,1027500.0,10209347
20230416 20:00,1027000.0,1037300.0,1015900.0,1025500.0,9314613
20230417 20:00,1027500.0,1042000.0,1015200.0,1023000.0,8786605
20230418 20:00,1020000.0,1051200.0,1009300.0,1038900.0,10976754
20230419 20:00,1034000.0,1052400.0,1028100.0,1043199.0,13338431
20230420 20:00,1035800.0,1081450.0,1035100.0,1072900.0,16691035
20230423 20:00,1066200.0,1092300.0,1050700.0,1058400.0,12915154
20230424 20:00,1054200.0,1084500.0,1025050.0,1070200.0,16100847
20230425 20:00,1062900.0,1069800.0,1041000.0,1069800.0,16683660
20230426 20:00,1073800.0,1226900.0,1053000.0,1075500.0,32188415
20230427 20:00,1078100.0,1094800.0,1043300.0,1050000.0,23488513
20230430 20:00,1050500.0,1054400.0,1010500.0,1011000.0,14411359
20230501 20:00,1018000.0,1039000.0,1011500.0,1036300.0,15832464
20230502 20:00,1038000.0,1059650.0,1030500.0,1037500.0,12832263
20230503 20:00,1040500.0,1053800.0,1033199.0,1043000.0,10049412
20230504 20:00,1043000.0,1057600.0,1035500.0,1054800.0,13328271
20230507 20:00,1056200.0,1060900.0,1047099.0,1056900.0,10609871
20230508 20:00,1056300.0,1067850.0,1051550.0,1066900.0,8554221
20230509 20:00,1064900.0,1106700.0,1058100.0,1102400.0,18363972
20230510 20:00,1104600.0,1132800.0,1103100.0,1120500.0,13875964
20230511 20:00,1122400.0,1126400.0,1093200.0,1098800.0,11776245
20230514 20:00,1103300.0,1122900.0,1092450.0,1111000.0,10115295
20230515 20:00,1111100.0,1147800.0,1105500.0,1131500.0,13863289
20230516 20:00,1132000.0,1158200.0,1129200.0,1152900.0,14988284
20230517 20:00,1155600.0,1186500.0,1154600.0,1183900.0,14661361
20230518 20:00,1183500.0,1187500.0,1157100.0,1160900.0,12800149
20230521 20:00,1162900.0,1172800.0,1142500.0,1151100.0,13128460
20230522 20:00,1149600.0,1171400.0,1137900.0,1154700.0,10477195
20230523 20:00,1151300.0,1182000.0,1148000.0,1171900.0,12605082
20230524 20:00,1168600.0,1174000.0,1143200.0,1149300.0,16339816
20230525 20:00,1149900.0,1215000.0,1145600.0,1207100.0,21205053
20230529 20:00,1216000.0,1229100.0,1198600.0,1221600.0,14073995
20230530 20:00,1214700.0,1220300.0,1191700.0,1204900.0,21356636
20230531 20:00,1207900.0,1235000.0,1199400.0,1231500.0,12556891
20230601 20:00,1232100.0,1263900.0,1232000.0,1241100.0,13137933
20230604 20:00,1239500.0,1257900.0,1230300.0,1250400.0,9848445
20230605 20:00,1253400.0,1274000.0,1249500.0,1264600.0,9475264
20230606 20:00,1264200.0,1274500.0,1206300.0,1214000.0,24632959
20230607 20:00,1214600.0,1256200.0,1209800.0,1240200.0,11970921
20230608 20:00,1241300.0,1258000.0,1219200.0,1230500.0,12446571
20230611 20:00,1241500.0,1270000.0,1235200.0,1270000.0,15552314
20230612 20:00,1276000.0,1288200.0,1251850.0,1268000.0,10837698
20230613 20:00,1268900.0,1273000.0,1241300.0,1261600.0,12666227
20230614 20:00,1261600.0,1276900.0,1243200.0,1267900.0,14623199
20230615 20:00,1268500.0,1281500.0,1253100.0,1255900.0,35438347
20230619 20:00,1251400.0,1272500.0,1241700.0,1258000.0,13366137
20230620 20:00,1254500.0,1267200.0,1238600.0,1244200.0,14461383
20230621 20:00,1245000.0,1312000.0,1240200.0,1310700.0,16809976
20230622 20:00,1297900.0,1308400.0,1282800.0,1290200.0,17146465
20230625 20:00,1294700.0,1314900.0,1271100.0,1280400.0,15587251
20230626 20:00,1281000.0,1300800.0,1275500.0,1289900.0,11225770
20230627 20:00,1290100.0,1314800.0,1284500.0,1293300.0,11680085
20230628 20:00,1294100.0,1297000.0,1272600.0,1278500.0,9924772
20230629 20:00,1283700.0,1312400.0,1282400.0,1301399.0,16764987
20230702 20:00,1307300.0,1318500.0,1300100.0,1304400.0,7139010
20230704 20:00,1295100.0,1313899.0,1292000.0,1304300.0,9040919
20230705 20:00,1298600.0,1299000.0,1273700.0,1282500.0,11305295
20230706 20:00,1281500.0,1309700.0,1278100.0,1300500.0,11804235
20230709 20:00,1292300.0,1301300.0,1259200.0,1271800.0,14819850
20230710 20:00,1276000.0,1297700.0,1273200.0,1288800.0,10686814
20230711 20:00,1291200.0,1312600.0,1288400.0,1312200.0,13744976
20230712 20:00,1314700.0,1346699.0,1314700.0,1345000.0,13619902
20230713 20:00,1346500.0,1366450.0,1337100.0,1345900.0,11828379
20230716 20:00,1347000.0,1356100.0,1332150.0,1333700.0,11552149
20230717 20:00,1335500.0,1338600.0,1313600.0,1327200.0,14801844
20230718 20:00,1330300.0,1359850.0,1325300.0,1345000.0,12416321
20230719 20:00,1345600.0,1347900.0,1293400.0,1309100.0,17984351
20230720 20:00,1311300.0,1319500.0,1284150.0,1299000.0,56128923
20230723 20:00,1303600.0,1316500.0,1283500.0,1286100.0,9556691
20230724 20:00,1291300.0,1297000.0,1258600.0,1263300.0,9898273
20230725 20:00,1266300.0,1296699.0,1261100.0,1283500.0,12808219
20230726 20:00,1293200.0,1326200.0,1277900.0,1287500.0,12457408
20230727 20:00,1293500.0,1330000.0,1290400.0,1328000.0,12047021
20230730 20:00,1324400.0,1339700.0,1323200.0,1338899.0,10770445
20230731 20:00,1336000.0,1337800.0,1308700.0,1312700.0,9676828
20230801 20:00,1300500.0,1309700.0,1268300.0,1290800.0,13996034
20230802 20:00,1279400.0,1428899.0,1264100.0,1402400.0,18280139
20230803 20:00,1399199.0,1436250.0,1393200.0,1395000.0,33319859
20230806 20:00,1407500.0,1425400.0,1389500.0,1419700.0,13999903
20230807 20:00,1413300.0,1416500.0,1384199.0,1398400.0,11262614
20230808 20:00,1405000.0,1405800.0,1371000.0,1381500.0,12460687
20230809 20:00,1391500.0,1404100.0,1374950.0,1389000.0,10896946
20230810 20:00,1387900.0,1393300.0,1371500.0,1384000.0,9042364
20230813 20:00,1386900.0,1411800.0,1377500.0,1410000.0,12338521
20230814 20:00,1399400.0,1412800.0,1372300.0,1377800.0,10441607
20230815 20:00,1382600.0,1384700.0,1345500.0,1345500.0,10106542
20230816 20:00,1349300.0,1368100.0,1334100.0,1335600.0,10617495
20230817 20:00,1327800.0,1340700.0,1311600.0,1333800.0,12738946
20230820 20:00,1335500.0,1352000.0,1327100.0,1343600.0,11015261
20230821 20:00,1353200.0,1359000.0,1337400.0,1342000.0,8133698
20230822 20:00,1351200.0,1378600.0,1332200.0,1370600.0,11430081
20230823 20:00,1372500.0,1378200.0,1314100.0,1318800.0,11990573
20230824 20:00,1319100.0,1338700.0,1305800.0,1330500.0,11066609
20230827 20:00,1332200.0,1343400.0,1318600.0,1333600.0,7532600
20230828 20:00,1333000.0,1351600.0,1327000.0,1350000.0,9430535
20230829 20:00,1347100.0,1356800.0,1339199.0,1351200.0,8445616
20230830 20:00,1350800.0,1390000.0,1348000.0,1384000.0,13151771
20230831 20:00,1384500.0,1399500.0,1368800.0,1377100.0,12098062
20230904 20:00,1378100.0,1378500.0,1358200.0,1365900.0,10977550
20230905 20:00,1363300.0,1374500.0,1346100.0,1358500.0,9503435
20230906 20:00,1348100.0,1380400.0,1331800.0,1377800.0,11986040
20230907 20:00,1379000.0,1388500.0,1365900.0,1382500.0,8914210
20230910 20:00,1389199.0,1436200.0,1384800.0,1424199.0,13744766
20230911 20:00,1421300.0,1430000.0,1406200.0,1412700.0,9619454
20230912 20:00,1409199.0,1457600.0,1400000.0,1456500.0,17236789
20230913 20:00,1456500.0,1459900.0,1429600.0,1442700.0,18390241
20230914 20:00,1447500.0,1447800.0,1401000.0,1402000.0,47240014
20230917 20:00,1410300.0,1417200.0,1392250.0,1400600.0,14081363
20230918 20:00,1400600.0,1402900.0,1355700.0,1374500.0,16466858
20230919 20:00,1376800.0,1393700.0,1350000.0,1350000.0,10432990
20230920 20:00,1350800.0,1350800.0,1286900.0,1291699.0,17670186
20230921 20:00,1303700.0,1320300.0,1285200.0,1293000.0,13449734
20230924 20:00,1301500.0,1317800.0,1287800.0,1315600.0,9394370
20230925 20:00,1306800.0,1311000.0,1252800.0,1260300.0,14095414
20230926 20:00,1261000.0,1274800.0,1241300.0,1265100.0,12725330
20230927 20:00,1262000.0,1265800.0,1230400.0,1262500.0,10012428
20230928 20:00,1267600.0,1291500.0,1263200.0,1271100.0,15605227
20231001 20:00,1285200.0,1304600.0,1265400.0,1295300.0,10626565
20231002 20:00,1294100.0,1299300.0,1242550.0,1249300.0,11225560
20231003 20:00,1242700.0,1273600.0,1239100.0,1267200.0,10690167
20231004 20:00,1264500.0,1276200.0,1243400.0,1256000.0,9131673
20231005 20:00,1264000.0,1284450.0,1231900.0,1280500.0,9557903
20231008 20:00,1261100.0,1287850.0,1247600.0,1281000.0,7632929
20231009 20:00,1282700.0,1307300.0,1280000.0,1295000.0,8965587
20231010 20:00,1297600.0,1322500.0,1295400.0,1322500.0,9581043
20231011 20:00,1323600.0,1344800.0,1312400.0,1320000.0,10662759
20231012 20:00,1324600.0,1333100.0,1289600.0,1296000.0,9927952
20231015 20:00,1295500.0,1330700.0,1292700.0,1325700.0,9690959
20231016 20:00,1324500.0,1325800.0,1287100.0,1310600.0,10598307
20231017 20:00,1309400.0,1310500.0,1275200.0,1286200.0,9406349
20231018 20:00,1281500.0,1322400.0,1274750.0,1279000.0,13230141
20231019 20:00,1280500.0,1285000.0,1248500.0,1249600.0,15129647
20231022 20:00,1251700.0,1278850.0,1238300.0,1273100.0,10553310
20231023 20:00,1278100.0,1313500.0,1261500.0,1270000.0,10096417
20231024 20:00,1267600.0,1275000.0,1190500.0,1191000.0,15363670
20231025 20:00,1189800.0,1266600.0,1179900.0,1259000.0,23423803
20231026 20:00,1256400.0,1300200.0,1251200.0,1277300.0,25082074
20231029 20:00,1285600.0,1329900.0,1282900.0,1325800.0,15057882
20231030 20:00,1318899.0,1335700.0,1315500.0,1329000.0,13500674
20231031 20:00,1327100.0,1373500.0,1325200.0,1371900.0,14291275
20231101 20:00,1374199.0,1389199.0,1364800.0,1378100.0,13066671
20231102 20:00,1382500.0,1394900.0,1374600.0,1384100.0,10885156
20231105 19:00,1387500.0,1407300.0,1383500.0,1394000.0,10498979
20231106 19:00,1395500.0,1433700.0,1390000.0,1429600.0,12169932
20231107 19:00,1427100.0,1434500.0,1412200.0,1416100.0,9444003
20231108 19:00,1418000.0,1426500.0,1398400.0,1401399.0,8917477
20231109 19:00,1402700.0,1436699.0,1396200.0,1432000.0,13508909
20231112 19:00,1429400.0,1432200.0,1406699.0,1427200.0,8077677
20231113 19:00,1433899.0,1472500.0,1429000.0,1462100.0,14624670
20231114 19:00,1466000.0,1480900.0,1425900.0,1434400.0,14185887
20231115 19:00,1434700.0,1436500.0,1395200.0,1429000.0,10432385
20231116 19:00,1433800.0,1457200.0,1422200.0,1453200.0,11573290
20231119 19:00,1448400.0,1466300.0,1447300.0,1461699.0,9070480
20231120 19:00,1462100.0,1464500.0,1415050.0,1429500.0,14600644
20231121 19:00,1431800.0,1477400.0,1431800.0,1467300.0,10985350
20231123 19:00,1466800.0,1472900.0,1453300.0,1466800.0,4742281
20231126 19:00,1467400.0,1492600.0,1466699.0,1477300.0,12961676
20231127 19:00,1476200.0,1479400.0,1455300.0,1466600.0,10214012
20231128 19:00,1472500.0,1485300.0,1459800.0,1464000.0,8466188
20231129 19:00,1464199.0,1469300.0,1443400.0,1459199.0,23623471
20231130 19:00,1460000.0,1472450.0,1455000.0,1471100.0,9759460
20231203 19:00,1463700.0,1466699.0,1428100.0,1447600.0,12977118
20231204 19:00,1441900.0,1485700.0,1431200.0,1469000.0,10664308
20231205 19:00,1471100.0,1480400.0,1442900.0,1445700.0,9945406
20231206 19:00,1447200.0,1479199.0,1444500.0,1465100.0,11632949
20231207 19:00,1469000.0,1478400.0,1451800.0,1475200.0,11716779
20231210 19:00,1467000.0,1469100.0,1436500.0,1457800.0,13784330
20231211 19:00,1462300.0,1479700.0,1451000.0,1478800.0,10805613
20231212 19:00,1477600.0,1494600.0,1468300.0,1489100.0,13287426
20231213 19:00,1497800.0,1505400.0,1455200.0,1475000.0,16770498
20231214 19:00,1477200.0,1505500.0,1475500.0,1500500.0,55268053
20231217 19:00,1500200.0,1548500.0,1496200.0,1538899.0,13398399
20231218 19:00,1539100.0,1551100.0,1526900.0,1535200.0,11081916
20231219 19:00,1533100.0,1556200.0,1515600.0,1524400.0,13364105
20231220 19:00,1528800.0,1540000.0,1521100.0,1536600.0,8198258
20231221 19:00,1533100.0,1543500.0,1527100.0,1532800.0,7560676
20231225 19:00,1534800.0,1540900.0,1530350.0,1532600.0,5950771
20231226 19:00,1534800.0,1547800.0,1531200.0,1533400.0,8102188
20231227 19:00,1536900.0,1540900.0,1529500.0,1533600.0,6689301
20231228 19:00,1536100.0,1538800.0,1510300.0,1517900.0,10809853
