20190101 19:00,609200.0,638500.0,604400.0,633700.0,927758
20190102 19:00,633400.0,636700.0,616600.0,622100.0,810626
20190103 19:00,626500.0,639000.0,626300.0,637400.0,1236620
20190106 19:00,640000.0,642600.0,626900.0,634700.0,1023021
20190107 19:00,637600.0,645699.0,634700.0,643000.0,1147157
20190108 19:00,649800.0,667400.0,646100.0,665800.0,1088056
20190109 19:00,657000.0,682099.0,655300.0,680000.0,1399116
20190110 19:00,673400.0,673400.0,657900.0,663400.0,951617
20190113 19:00,658600.0,663199.0,653400.0,655800.0,625209
20190114 19:00,660500.0,669200.0,657700.0,669200.0,617601
20190115 19:00,659000.0,662600.0,654900.0,656500.0,691799
20190116 19:00,650200.0,671600.0,649500.0,670450.0,921053
20190117 19:00,676800.0,683100.0,671500.0,681100.0,863738
20190121 19:00,669900.0,672300.0,655800.0,662000.0,925975
20190122 19:00,662200.0,664599.0,651600.0,658700.0,872532
20190123 19:00,656100.0,667300.0,654400.0,661300.0,610628
20190124 19:00,665900.0,676300.0,665900.0,670000.0,639191
20190127 19:00,662000.0,662000.0,648900.0,653700.0,744989
20190128 19:00,659100.0,662900.0,652500.0,653000.0,852283
20190129 19:00,658199.0,661000.0,651200.0,656800.0,1031142
20190130 19:00,670000.0,683000.0,659700.0,676800.0,1444937
20190131 19:00,677099.0,694599.0,676700.0,687000.0,932990
20190203 19:00,689500.0,700100.0,682400.0,699200.0,709249
20190204 19:00,695699.0,699599.0,691100.0,692600.0,606981
20190205 19:00,692400.0,695400.0,685100.0,691000.0,500407
20190206 19:00,685000.0,687900.0,672600.0,674700.0,805710
20190207 19:00,670000.0,670699.0,652600.0,662600.0,842342
20190210 19:00,655800.0,670699.0,655800.0,667400.0,628936
20190211 19:00,679700.0,682900.0,672400.0,674500.0,648672
20190212 19:00,676200.0,688300.0,676200.0,677800.0,871924
20190213 19:00,679100.0,696800.0,675000.0,691000.0,694553
20190214 19:00,698100.0,703100.0,694800.0,701700.0,655521
20190218 19:00,696200.0,700100.0,691850.0,695000.0,647515
20190219 19:00,694000.0,707500.0,694000.0,706500.0,967057
20190220 19:00,692300.0,708199.0,692300.0,702400.0,786458
20190221 19:00,709900.0,710000.0,698700.0,698700.0,653858
20190224 19:00,695800.0,700100.0,692350.0,692500.0,634460
20190225 19:00,690000.0,695300.0,687400.0,689400.0,633736
20190226 19:00,692300.0,703300.0,687600.0,692099.0,806126
20190227 19:00,691200.0,691200.0,676550.0,678900.0,978881
20190228 19:00,679500.0,690900.0,679500.0,689599.0,894141
20190303 19:00,695699.0,700600.0,687300.0,699000.0,923061
20190304 19:00,697800.0,700400.0,685200.0,690000.0,1084126
20190305 19:00,686400.0,686400.0,679400.0,682800.0,1003348
20190306 19:00,683500.0,684000.0,675550.0,679599.0,820419
20190307 19:00,670200.0,670200.0,649200.0,654400.0,1262139
20190310 20:00,661100.0,663400.0,653500.0,658800.0,1352905
20190311 20:00,661700.0,664200.0,651500.0,656300.0,1518388
20190312 20:00,660800.0,673600.0,660500.0,673500.0,1178370
20190313 20:00,671700.0,678600.0,669800.0,670300.0,857459
20190314 20:00,667700.0,679900.0,666900.0,679700.0,948920
20190317 20:00,678199.0,683000.0,670400.0,670400.0,919932
20190318 20:00,682000.0,684900.0,671100.0,673600.0,670087
20190319 20:00,673700.0,681550.0,666700.0,675500.0,1087132
20190320 20:00,678400.0,682800.0,672600.0,680200.0,859704
20190321 20:00,679800.0,679800.0,654100.0,660900.0,1026231
20190324 20:00,659400.0,674900.0,655500.0,670699.0,948052
20190325 20:00,678600.0,695900.0,678600.0,685600.0,1019273
20190326 20:00,688600.0,690699.0,675800.0,679100.0,772568
20190327 20:00,675000.0,676100.0,667600.0,673750.0,988533
20190328 20:00,682000.0,685300.0,665800.0,668100.0,1127418
20190331 20:00,674400.0,681200.0,673400.0,677200.0,929538
20190401 20:00,678000.0,678199.0,660900.0,663600.0,903794
20190402 20:00,666300.0,669599.0,651800.0,655100.0,790882
20190403 20:00,656500.0,657500.0,649700.0,651700.0,932346
20190404 20:00,655100.0,661900.0,652600.0,661100.0,1441691
20190407 20:00,661000.0,675100.0,661000.0,666900.0,748328
20190408 20:00,661300.0,662700.0,654500.0,657200.0,606607
20190409 20:00,661000.0,671750.0,660300.0,670000.0,916701
20190410 20:00,665900.0,675900.0,657300.0,662099.0,1113631
20190411 20:00,684300.0,684700.0,672200.0,672200.0,1184715
20190414 20:00,674900.0,674900.0,662099.0,663600.0,722622
20190415 20:00,668900.0,669100.0,658400.0,659900.0,893469
20190416 20:00,664300.0,665699.0,657800.0,657800.0,821718
20190417 20:00,659400.0,663850.0,655200.0,659100.0,675566
20190421 20:00,667600.0,672900.0,663400.0,671000.0,863269
20190422 20:00,670400.0,674100.0,663100.0,663100.0,917219
20190423 20:00,667500.0,667500.0,645100.0,645100.0,911653
20190424 20:00,647099.0,647099.0,639300.0,641800.0,908799
20190425 20:00,636300.0,636300.0,620900.0,627700.0,1017096
20190428 20:00,628300.0,631100.0,623700.0,628000.0,896905
20190429 20:00,635000.0,646200.0,625600.0,638800.0,879294
20190430 20:00,642000.0,645250.0,626500.0,626500.0,1835788
20190501 20:00,622800.0,632800.0,612900.0,613800.0,1349016
20190502 20:00,615000.0,628800.0,615000.0,621500.0,737253
20190505 20:00,619500.0,623400.0,609800.0,618900.0,912845
20190506 20:00,612800.0,613400.0,603000.0,609800.0,891736
20190507 20:00,611400.0,621400.0,609800.0,616300.0,659554
20190508 20:00,608100.0,618250.0,606500.0,615400.0,956681
20190509 20:00,612500.0,622700.0,604700.0,621500.0,785209
20190512 20:00,615500.0,619000.0,608200.0,611900.0,571684
20190513 20:00,614300.0,628800.0,613600.0,623600.0,654446
20190514 20:00,619500.0,623200.0,613100.0,620400.0,694807
20190515 20:00,622600.0,631300.0,622400.0,625700.0,650266
20190516 20:00,620300.0,625700.0,618200.0,620800.0,630242
20190519 20:00,619800.0,625400.0,619100.0,624500.0,502888
20190520 20:00,626400.0,639600.0,626400.0,636200.0,692365
20190521 20:00,634600.0,637000.0,627400.0,630500.0,611314
20190522 20:00,614900.0,618800.0,592200.0,596700.0,1315672
20190523 20:00,599100.0,603900.0,589300.0,599000.0,990000
20190527 20:00,600000.0,606400.0,597800.0,600700.0,600241
20190528 20:00,591000.0,603400.0,589400.0,601500.0,853644
20190529 20:00,599900.0,603200.0,586200.0,589400.0,805145
20190530 20:00,580600.0,594000.0,578800.0,590800.0,755441
20190602 20:00,590500.0,601900.0,590200.0,593100.0,771018
20190603 20:00,598500.0,600000.0,589600.0,590100.0,1016388
20190604 20:00,590300.0,593000.0,569200.0,569200.0,1669946
20190605 20:00,571000.0,585300.0,571000.0,583600.0,1114635
20190606 20:00,582100.0,593000.0,581500.0,590000.0,880243
20190609 20:00,590600.0,596900.0,588000.0,594000.0,631730
20190610 20:00,597500.0,598700.0,586700.0,587300.0,789913
20190611 20:00,578500.0,586000.0,578500.0,585400.0,785642
20190612 20:00,595800.0,596100.0,588600.0,592200.0,662861
20190613 20:00,591900.0,593900.0,587000.0,588200.0,514138
20190616 20:00,584500.0,591000.0,582800.0,590000.0,491535
20190617 20:00,594300.0,602100.0,592200.0,599400.0,775476
20190618 20:00,597200.0,602900.0,593900.0,596600.0,631815
20190619 20:00,608700.0,611900.0,604100.0,607100.0,1136385
20190620 20:00,613300.0,613300.0,602800.0,602800.0,908694
20190623 20:00,601800.0,607700.0,601800.0,606000.0,526079
20190624 20:00,605000.0,608600.0,597600.0,597800.0,785907
20190625 20:00,608400.0,633000.0,608000.0,627500.0,1265144
20190626 20:00,627000.0,628300.0,608850.0,612700.0,809758
20190627 20:00,612200.0,616900.0,606900.0,610000.0,649483
20190630 20:00,619900.0,628050.0,617100.0,621200.0,1054355
20190701 20:00,622500.0,623400.0,599200.0,601000.0,1219887
20190702 20:00,605400.0,607600.0,599900.0,605000.0,653007
20190704 20:00,600700.0,605300.0,595900.0,599900.0,764533
20190707 20:00,597600.0,605400.0,597300.0,597300.0,1017694
20190708 20:00,599000.0,601800.0,590000.0,599000.0,1054268
20190709 20:00,603900.0,613600.0,602500.0,612500.0,865270
20190710 20:00,614300.0,614700.0,607600.0,613300.0,612671
20190711 20:00,614800.0,619700.0,610500.0,618500.0,577253
20190714 20:00,618300.0,619300.0,605800.0,606700.0,837343
20190715 20:00,606500.0,608300.0,595000.0,595000.0,863371
20190716 20:00,601800.0,605500.0,597700.0,598600.0,1115976
20190717 20:00,598100.0,604300.0,597900.0,603700.0,851088
20190718 20:00,601000.0,605750.0,593700.0,603300.0,762449
20190721 20:00,603200.0,609500.0,599700.0,607900.0,541528
20190722 20:00,606000.0,606000.0,598400.0,602800.0,793759
20190723 20:00,602000.0,607100.0,599000.0,602200.0,797593
20190724 20:00,606100.0,606200.0,589000.0,590400.0,683373
20190725 20:00,591000.0,593600.0,584700.0,587000.0,1178444
20190728 20:00,587000.0,587900.0,574800.0,583000.0,1019476
20190729 20:00,577000.0,598600.0,569500.0,595000.0,846763
20190730 20:00,596500.0,597400.0,583900.0,591000.0,1159935
20190731 20:00,590000.0,602700.0,578900.0,588100.0,1484927
20190801 20:00,590100.0,593000.0,563200.0,564000.0,1321687
20190804 20:00,551800.0,556900.0,542400.0,545500.0,1082273
20190805 20:00,548700.0,552500.0,539200.0,540100.0,1032740
20190806 20:00,535400.0,537100.0,523000.0,533400.0,1590480
20190807 20:00,537300.0,550900.0,533100.0,550800.0,1016085
20190808 20:00,544900.0,554700.0,539900.0,540000.0,897605
20190811 20:00,536300.0,538800.0,528600.0,531200.0,645633
20190812 20:00,529400.0,548300.0,524700.0,538700.0,1080621
20190813 20:00,528800.0,528800.0,515200.0,517900.0,996549
20190814 20:00,515000.0,520100.0,505900.0,509000.0,1055329
20190815 20:00,521200.0,521200.0,508200.0,513400.0,723387
20190818 20:00,525000.0,543000.0,522500.0,538200.0,1304116
20190819 20:00,539400.0,539400.0,525100.0,525100.0,909764
20190820 20:00,533000.0,536400.0,523900.0,526400.0,836872
20190821 20:00,529200.0,533400.0,522100.0,522100.0,534285
20190822 20:00,515000.0,522000.0,501300.0,507900.0,1050632
20190825 20:00,512500.0,517100.0,507000.0,513900.0,856527
20190826 20:00,516599.0,518300.0,505200.0,509750.0,626586
20190827 20:00,514500.0,522299.0,512600.0,519500.0,921451
20190828 20:00,525600.0,529450.0,522100.0,522900.0,1076767
20190829 20:00,522000.0,529300.0,516100.0,520100.0,834094
20190902 20:00,512900.0,521200.0,507500.0,520300.0,792644
20190903 20:00,527800.0,534700.0,526000.0,532900.0,986837
20190904 20:00,535900.0,542350.0,532900.0,534400.0,1022481
20190905 20:00,530500.0,537900.0,526900.0,536400.0,766075
20190908 20:00,542200.0,550500.0,538700.0,549800.0,1046685
20190909 20:00,552300.0,574800.0,552300.0,563500.0,1507885
20190910 20:00,567500.0,574850.0,562900.0,571900.0,1323119
20190911 20:00,567100.0,569700.0,556500.0,566900.0,970592
20190912 20:00,567600.0,577000.0,567600.0,573400.0,1259468
20190915 20:00,609100.0,631400.0,605100.0,626500.0,2449482
20190916 20:00,625500.0,632000.0,602100.0,611100.0,2020227
20190917 20:00,604700.0,604700.0,592800.0,600000.0,1337864
20190918 20:00,606800.0,607300.0,597500.0,600000.0,846656
20190919 20:00,602000.0,612100.0,601500.0,606500.0,1312240
20190922 20:00,603000.0,607000.0,598600.0,603000.0,919529
20190923 20:00,600000.0,600600.0,583500.0,593100.0,1118335
20190924 20:00,584800.0,595000.0,583200.0,594800.0,915411
20190925 20:00,589800.0,591000.0,572950.0,576800.0,1148756
20190926 20:00,568200.0,583400.0,568100.0,578700.0,736212
20190929 20:00,577800.0,579300.0,567000.0,570300.0,916503
20190930 20:00,575700.0,576800.0,550200.0,551500.0,862952
20191001 20:00,550600.0,550600.0,530000.0,530000.0,997253
20191002 20:00,527000.0,538100.0,523200.0,536800.0,577462
20191003 20:00,536900.0,539700.0,527050.0,536700.0,650123
20191006 20:00,540400.0,556300.0,538100.0,548800.0,1262824
20191007 20:00,540500.0,553700.0,537700.0,544900.0,1133671
20191008 20:00,548800.0,553450.0,543000.0,549400.0,1230563
20191009 20:00,548300.0,560000.0,548300.0,558800.0,899077
20191010 20:00,567700.0,569800.0,562200.0,562200.0,1031971
20191013 20:00,559500.0,564400.0,556200.0,561200.0,644559
20191014 20:00,561100.0,564850.0,554200.0,560400.0,1088429
20191015 20:00,552100.0,557400.0,545600.0,548200.0,735147
20191016 20:00,548400.0,548600.0,539900.0,546000.0,799982
20191017 20:00,543700.0,548550.0,539600.0,539600.0,880040
20191020 20:00,541500.0,561300.0,539500.0,561300.0,907749
20191021 20:00,560000.0,576500.0,559200.0,572700.0,962725
20191022 20:00,566000.0,568150.0,555800.0,563900.0,849368
20191023 20:00,565700.0,568550.0,557350.0,562600.0,545775
20191024 20:00,561600.0,567000.0,556000.0,563400.0,641762
20191027 20:00,565100.0,569300.0,548600.0,556300.0,963422
20191028 20:00,558500.0,579600.0,544100.0,570500.0,1196795
20191029 20:00,575500.0,575500.0,549600.0,552400.0,932824
20191030 20:00,549300.0,553100.0,541300.0,553100.0,589328
20191031 20:00,555000.0,574900.0,554800.0,571200.0,1110968
20191103 19:00,581500.0,585600.0,572200.0,578400.0,827365
20191104 19:00,585000.0,593200.0,583600.0,585100.0,1438211
20191105 19:00,581000.0,590600.0,573500.0,575300.0,1106387
20191106 19:00,584000.0,596300.0,582000.0,595400.0,1524922
20191107 19:00,587200.0,592900.0,579300.0,590300.0,904199
20191110 19:00,586400.0,592300.0,583100.0,590000.0,631885
20191111 19:00,589500.0,594500.0,579400.0,582500.0,937975
20191112 19:00,578100.0,580000.0,572300.0,577700.0,792585
20191113 19:00,579200.0,580500.0,569600.0,572500.0,519014
20191114 19:00,575000.0,582800.0,575000.0,582600.0,565442
20191117 19:00,576100.0,577400.0,564000.0,566100.0,794794
20191118 19:00,570000.0,575300.0,563000.0,571800.0,1169255
20191119 19:00,570500.0,595400.0,567700.0,593900.0,1816278
20191120 19:00,595000.0,605400.0,594250.0,600600.0,1304710
20191121 19:00,604400.0,613800.0,596400.0,602500.0,1098671
20191124 19:00,600600.0,611600.0,592200.0,610500.0,1303119
20191125 19:00,609100.0,613600.0,599600.0,599600.0,1415673
20191126 19:00,609900.0,610000.0,592800.0,603400.0,754786
20191128 19:00,596000.0,602900.0,594300.0,597800.0,704797
20191201 19:00,602550.0,613000.0,600250.0,602200.0,1117777
20191202 19:00,595600.0,599100.0,586200.0,589000.0,833853
20191203 19:00,595000.0,610500.0,592000.0,606300.0,1248887
20191204 19:00,608950.0,612400.0,594500.0,604800.0,694555
20191205 19:00,602800.0,621250.0,601400.0,621100.0,870206
20191208 19:00,615200.0,622100.0,613800.0,618000.0,697934
20191209 19:00,616300.0,620000.0,613300.0,617000.0,595572
20191210 19:00,614100.0,618350.0,610300.0,615600.0,440978
20191211 19:00,618800.0,629500.0,613700.0,625800.0,745900
20191212 19:00,630200.0,640600.0,618400.0,618400.0,830666
20191215 19:00,630800.0,635650.0,625300.0,627800.0,794325
20191216 19:00,630000.0,637800.0,629300.0,634900.0,767434
20191217 19:00,635400.0,639550.0,631600.0,632200.0,961880
20191218 19:00,631500.0,633700.0,629050.0,632100.0,624567
20191219 19:00,634700.0,640200.0,632700.0,637100.0,879498
20191222 19:00,636100.0,648300.0,634700.0,646000.0,598005
20191223 19:00,647900.0,655000.0,646100.0,648700.0,223868
20191225 19:00,649000.0,657350.0,648300.0,648300.0,666746
20191226 19:00,652000.0,656300.0,646200.0,650500.0,530835
20191229 19:00,651100.0,652300.0,645300.0,646400.0,425211
20191230 19:00,643500.0,653600.0,639600.0,650300.0,343730
20200101 19:00,655100.0,656700.0,648800.0,654599.0,586060
20200102 19:00,667500.0,671200.0,650900.0,657099.0,949659
20200105 19:00,661900.0,669350.0,658800.0,665699.0,1045791
20200106 19:00,663500.0,669900.0,657500.0,669900.0,775414
20200107 19:00,667400.0,667500.0,645200.0,648199.0,885060
20200108 19:00,648900.0,661450.0,643000.0,659000.0,760164
20200109 19:00,660000.0,662000.0,653300.0,656600.0,606820
20200112 19:00,654000.0,655100.0,648800.0,651600.0,422343
20200113 19:00,652099.0,653300.0,646700.0,653199.0,657433
20200114 19:00,650000.0,653199.0,644400.0,648199.0,494952
20200115 19:00,653000.0,656100.0,647600.0,652200.0,495961
20200116 19:00,650699.0,654300.0,648500.0,650600.0,485024
20200120 19:00,646700.0,648400.0,639450.0,639800.0,667765
20200121 19:00,638000.0,638000.0,628400.0,629600.0,971123
20200122 19:00,627200.0,633550.0,616300.0,631900.0,1025066
20200123 19:00,631400.0,631400.0,620500.0,626200.0,646788
20200126 19:00,613400.0,618300.0,608200.0,608200.0,700136
20200127 19:00,616200.0,616600.0,609000.0,611800.0,489315
20200128 19:00,613400.0,616700.0,602700.0,604900.0,500903
20200129 19:00,597500.0,609900.0,594900.0,608900.0,967889
20200130 19:00,605000.0,605000.0,591100.0,592700.0,1305453
20200202 19:00,594300.0,603300.0,588200.0,588200.0,830708
20200203 19:00,604000.0,604000.0,564400.0,564900.0,1553386
20200204 19:00,569400.0,589450.0,568400.0,587800.0,870013
20200205 19:00,590000.0,590400.0,579300.0,585900.0,652584
20200206 19:00,580000.0,583700.0,576400.0,578300.0,520741
20200209 19:00,574100.0,581300.0,572100.0,577400.0,553745
20200210 19:00,582500.0,590100.0,582100.0,589800.0,568630
20200211 19:00,595000.0,611400.0,595000.0,597600.0,646401
20200212 19:00,589000.0,594300.0,586000.0,588500.0,750025
20200213 19:00,590600.0,591000.0,581900.0,586150.0,500809
20200217 19:00,579000.0,585800.0,577200.0,583000.0,430139
20200218 19:00,589800.0,593600.0,585000.0,592600.0,510461
20200219 19:00,595000.0,595700.0,585800.0,588700.0,673950
20200220 19:00,585000.0,586000.0,577700.0,584400.0,582655
20200223 19:00,565800.0,569400.0,555500.0,561500.0,1065646
20200224 19:00,566200.0,566700.0,535600.0,539100.0,1053609
20200225 19:00,540000.0,542300.0,510800.0,510800.0,1545829
20200226 19:00,500000.0,500000.0,465100.0,470400.0,1935606
20200227 19:00,456500.0,498200.0,451200.0,497100.0,1799291
20200301 19:00,480400.0,493800.0,469200.0,492299.0,1224618
20200302 19:00,497400.0,514500.0,474500.0,485300.0,1420214
20200303 19:00,494000.0,496000.0,477500.0,493400.0,1166675
20200304 19:00,489300.0,490000.0,467849.0,477400.0,800350
20200305 19:00,467000.0,467000.0,446800.0,453500.0,1562699
20200308 20:00,380300.0,380300.0,320000.0,349500.0,3150846
20200309 20:00,373000.0,374099.0,330000.0,341500.0,2463392
20200310 20:00,344000.0,344000.0,315100.0,326500.0,2609595
20200311 20:00,313000.0,314000.0,278000.0,281800.0,2626517
20200312 20:00,304000.0,318900.0,275900.0,309000.0,1834713
20200315 20:00,282500.0,311500.0,259150.0,270400.0,1738296
20200316 20:00,264600.0,268300.0,244300.0,257900.0,2146982
20200317 20:00,247700.0,255799.0,208400.0,232300.0,2153186
20200318 20:00,234500.0,263100.0,210000.0,258600.0,2134887
20200319 20:00,272200.0,283600.0,257300.0,267600.0,2586251
20200322 20:00,267200.0,277600.0,233500.0,256300.0,2735584
20200323 20:00,265700.0,308000.0,260300.0,305700.0,1975614
20200324 20:00,310400.0,325700.0,294900.0,306600.0,1667602
20200325 20:00,300600.0,324400.0,300500.0,320600.0,2175376
20200326 20:00,310000.0,319800.0,288000.0,290500.0,1448959
20200329 20:00,285000.0,301400.0,275300.0,297400.0,1547083
20200330 20:00,313400.0,319200.0,297800.0,301000.0,1919913
20200331 20:00,300000.0,305200.0,288350.0,298800.0,1705192
20200401 20:00,320000.0,353900.0,305700.0,338700.0,2163296
20200402 20:00,347400.0,350000.0,316100.0,329099.0,1794573
20200405 20:00,330900.0,338000.0,318000.0,325200.0,1705620
20200406 20:00,343500.0,359300.0,330100.0,331000.0,1475008
20200407 20:00,335000.0,368700.0,335000.0,368700.0,1224517
20200408 20:00,370000.0,380000.0,332900.0,351500.0,2113104
20200412 20:00,351500.0,360000.0,337700.0,349000.0,1417069
20200413 20:00,346100.0,352500.0,336800.0,341000.0,1407144
20200414 20:00,335700.0,336200.0,307350.0,318500.0,1616694
20200415 20:00,322500.0,327500.0,305400.0,323900.0,1692233
20200416 20:00,320600.0,353600.0,313300.0,350100.0,1411526
20200419 20:00,337200.0,356599.0,324000.0,348000.0,1905670
20200420 20:00,330200.0,341300.0,319000.0,336300.0,2411906
20200421 20:00,332600.0,355300.0,332600.0,350600.0,1952504
20200422 20:00,356500.0,371900.0,353700.0,358200.0,1767189
20200423 20:00,360000.0,372900.0,357800.0,362000.0,1591643
20200426 20:00,361100.0,374000.0,346900.0,372000.0,1014288
20200427 20:00,373300.0,389799.0,373300.0,386900.0,1416011
20200428 20:00,396900.0,437900.0,395500.0,430100.0,1769981
20200429 20:00,430000.0,440100.0,408700.0,415000.0,2139407
20200430 20:00,410000.0,413000.0,387100.0,391500.0,1163616
20200503 20:00,384400.0,404000.0,380100.0,403000.0,1198942
20200504 20:00,418100.0,435600.0,406599.0,414700.0,1373065
20200505 20:00,417000.0,418400.0,398300.0,403500.0,936022
20200506 20:00,417299.0,433500.0,414300.0,426900.0,1403510
20200507 20:00,425000.0,433500.0,420700.0,431500.0,865958
20200510 20:00,424500.0,432800.0,420900.0,425100.0,759871
20200511 20:00,423600.0,432500.0,410100.0,411800.0,865584
20200512 20:00,415800.0,424799.0,395400.0,402400.0,1269170
20200513 20:00,400000.0,404900.0,378000.0,402400.0,893608
20200514 20:00,398900.0,415450.0,395000.0,412800.0,1032463
20200517 20:00,425100.0,446100.0,425000.0,438000.0,980007
20200518 20:00,434600.0,442700.0,425200.0,428500.0,735735
20200519 20:00,436500.0,447900.0,433100.0,443000.0,661258
20200520 20:00,443000.0,448500.0,436200.0,439900.0,777853
20200521 20:00,433800.0,435400.0,423000.0,435300.0,680036
20200525 20:00,450000.0,451100.0,433700.0,437600.0,1026970
20200526 20:00,442200.0,451500.0,429600.0,444600.0,923766
20200527 20:00,445700.0,450000.0,427700.0,434700.0,675309
20200528 20:00,428100.0,428100.0,416700.0,421900.0,1215703
20200531 20:00,419799.0,436900.0,416400.0,430200.0,1211208
20200601 20:00,440900.0,446800.0,437000.0,441100.0,987099
20200602 20:00,444600.0,452200.0,440200.0,450600.0,972327
20200603 20:00,451000.0,451400.0,441800.0,445100.0,890758
20200604 20:00,452700.0,487700.0,452600.0,485300.0,1997532
20200607 20:00,500000.0,518800.0,488100.0,504900.0,1889799
20200608 20:00,470300.0,494600.0,470000.0,484600.0,1624790
20200609 20:00,482900.0,487800.0,454099.0,454099.0,1677136
20200610 20:00,427700.0,442500.0,418100.0,421300.0,1643705
20200611 20:00,423300.0,454799.0,421200.0,434900.0,1382345
20200614 20:00,417700.0,439099.0,408600.0,435100.0,1659580
20200615 20:00,443900.0,457900.0,435950.0,441100.0,1607933
20200616 20:00,452000.0,452000.0,439099.0,441500.0,1245663
20200617 20:00,436000.0,448400.0,431800.0,447299.0,1216255
20200618 20:00,456500.0,460900.0,433100.0,435800.0,1441061
20200621 20:00,437000.0,439700.0,426599.0,436599.0,976976
20200622 20:00,445200.0,445300.0,436000.0,438100.0,835251
20200623 20:00,432299.0,435000.0,409400.0,412800.0,1290734
20200624 20:00,409099.0,421700.0,401599.0,421100.0,1293677
20200625 20:00,419600.0,419600.0,401599.0,404900.0,1253009
20200628 20:00,409799.0,414200.0,399300.0,414099.0,964589
20200629 20:00,413000.0,423100.0,402900.0,417299.0,1104686
20200630 20:00,415100.0,428300.0,406300.0,408900.0,1122956
20200701 20:00,415000.0,425100.0,414300.0,417900.0,922654
20200705 20:00,427900.0,429700.0,413600.0,416500.0,930568
20200706 20:00,414000.0,416300.0,405700.0,408000.0,878837
20200707 20:00,408000.0,415600.0,403000.0,413300.0,848255
20200708 20:00,413500.0,413500.0,382950.0,384200.0,1389805
20200709 20:00,383300.0,398800.0,375000.0,396900.0,1190206
20200712 20:00,399400.0,405000.0,390100.0,398500.0,1232827
20200713 20:00,397100.0,419300.0,391599.0,419300.0,981616
20200714 20:00,424200.0,428200.0,410500.0,416500.0,1190581
20200715 20:00,415800.0,420600.0,406700.0,414799.0,853296
20200716 20:00,414000.0,416599.0,397800.0,400000.0,1008870
20200719 20:00,397000.0,403400.0,392450.0,395700.0,1419543
20200720 20:00,400200.0,420800.0,400000.0,416599.0,1304680
20200721 20:00,409900.0,414799.0,403200.0,406200.0,1045812
20200722 20:00,405600.0,411200.0,402299.0,406000.0,1047727
20200723 20:00,416000.0,416000.0,401300.0,406599.0,1161026
20200726 20:00,403500.0,404799.0,394400.0,397900.0,1018899
20200727 20:00,397700.0,399700.0,388050.0,391400.0,879799
20200728 20:00,394500.0,400000.0,386000.0,400000.0,1241782
20200729 20:00,386200.0,389900.0,359000.0,378500.0,2560792
20200730 20:00,382500.0,390000.0,367100.0,374500.0,1459900
20200802 20:00,373500.0,374700.0,366900.0,367100.0,1531420
20200803 20:00,367100.0,380600.0,364799.0,379300.0,971377
20200804 20:00,384000.0,386900.0,377100.0,381500.0,1371853
20200805 20:00,378000.0,384300.0,376650.0,383900.0,1384211
20200806 20:00,381200.0,384500.0,373600.0,383100.0,834931
20200809 20:00,385600.0,396700.0,384300.0,395200.0,908671
20200810 20:00,400100.0,411500.0,395750.0,398200.0,1680698
20200811 20:00,404900.0,417000.0,403500.0,417000.0,1979181
20200812 20:00,415500.0,418100.0,405500.0,408500.0,1506002
20200813 20:00,402900.0,409900.0,401700.0,409700.0,646867
20200816 20:00,407600.0,408900.0,399099.0,407000.0,1132200
20200817 20:00,405000.0,413200.0,401350.0,403200.0,865979
20200818 20:00,402500.0,403200.0,395300.0,396500.0,739067
20200819 20:00,393900.0,394799.0,387299.0,387700.0,654200
20200820 20:00,387600.0,388100.0,379500.0,380600.0,919874
20200823 20:00,386200.0,395600.0,380900.0,389000.0,904167
20200824 20:00,390000.0,394500.0,384400.0,389900.0,691660
20200825 20:00,390300.0,390300.0,375200.0,376900.0,1141808
20200826 20:00,378000.0,384700.0,375000.0,384700.0,1458992
20200827 20:00,382600.0,384600.0,378800.0,383000.0,1011192
20200830 20:00,384000.0,384500.0,375700.0,378800.0,1214060
20200831 20:00,377500.0,378800.0,366150.0,372800.0,1143808
20200901 20:00,372800.0,373600.0,363200.0,365300.0,1307834
20200902 20:00,361599.0,368700.0,357700.0,357700.0,1716388
20200903 20:00,361100.0,366800.0,356700.0,358300.0,1680514
20200907 20:00,355700.0,357000.0,337500.0,340000.0,1929603
20200908 20:00,343600.0,349300.0,342150.0,344600.0,991397
20200909 20:00,343000.0,348100.0,328600.0,330500.0,1310270
20200910 20:00,333200.0,334900.0,326400.0,331100.0,1186543
20200913 20:00,332900.0,338650.0,330300.0,337400.0,899739
20200914 20:00,339000.0,342500.0,336200.0,338400.0,1073057
20200915 20:00,339400.0,355250.0,336500.0,351200.0,1468662
20200916 20:00,345100.0,362400.0,341700.0,360900.0,2260315
20200917 20:00,364000.0,364400.0,354099.0,355200.0,1653024
20200920 20:00,348300.0,350800.0,340900.0,345000.0,1534056
20200921 20:00,346700.0,348100.0,340200.0,345300.0,1266945
20200922 20:00,343500.0,345900.0,327500.0,330500.0,1324815
20200923 20:00,330000.0,342600.0,324600.0,337400.0,1480882
20200924 20:00,336500.0,339900.0,328800.0,337000.0,976333
20200927 20:00,341100.0,347400.0,336150.0,337400.0,1805867
20200928 20:00,337400.0,338700.0,321800.0,327700.0,1157974
20200929 20:00,325600.0,332900.0,325450.0,328800.0,1154652
20200930 20:00,332800.0,332800.0,317000.0,324099.0,1364858
20201001 20:00,319200.0,332849.0,312400.0,329000.0,1082494
20201004 20:00,332000.0,343100.0,332000.0,342500.0,583403
20201005 20:00,344500.0,350700.0,331100.0,331300.0,798522
20201006 20:00,333400.0,345200.0,333200.0,344900.0,858497
20201007 20:00,349000.0,357100.0,343000.0,356500.0,1046661
20201008 20:00,357200.0,359700.0,348350.0,352100.0,629772
20201011 20:00,350500.0,358300.0,347299.0,356900.0,800161
20201012 20:00,355100.0,360000.0,347100.0,348800.0,966922
20201013 20:00,348000.0,355200.0,339300.0,346300.0,1247424
20201014 20:00,341500.0,356900.0,336700.0,356900.0,868558
20201015 20:00,350600.0,352000.0,337000.0,337299.0,747149
20201018 20:00,339799.0,348000.0,326500.0,327600.0,3969358
20201019 20:00,327000.0,330700.0,320800.0,327900.0,2758627
20201020 20:00,325500.0,325500.0,304500.0,307500.0,2931130
20201021 20:00,307800.0,319900.0,304600.0,315800.0,2279857
20201022 20:00,319900.0,331850.0,319900.0,322500.0,3085783
20201025 20:00,322500.0,322500.0,300800.0,303300.0,1730830
20201026 20:00,305000.0,306800.0,299600.0,301000.0,1665948
20201027 20:00,295300.0,298000.0,285600.0,290000.0,2479126
20201028 20:00,290000.0,291800.0,275400.0,291400.0,2785443
20201029 20:00,290000.0,290000.0,276400.0,286400.0,2096243
20201101 19:00,283300.0,305500.0,283300.0,302500.0,1908878
20201102 19:00,308100.0,309700.0,291400.0,293000.0,1415541
20201103 19:00,295700.0,306200.0,292000.0,304900.0,2065334
20201104 19:00,304000.0,309100.0,300400.0,301200.0,1421251
20201105 19:00,300000.0,306500.0,290300.0,292000.0,1075057
20201108 19:00,298500.0,347800.0,298500.0,333100.0,2639393
20201109 19:00,340700.0,358500.0,335800.0,357000.0,2002809
20201110 19:00,360200.0,362000.0,350600.0,352800.0,2597924
20201111 19:00,352600.0,352800.0,336000.0,342800.0,1449986
20201112 19:00,342500.0,355600.0,341300.0,353000.0,1586302
20201115 19:00,357000.0,382500.0,357000.0,381000.0,2021708
20201116 19:00,380800.0,391200.0,372100.0,387700.0,1767546
20201117 19:00,395700.0,408700.0,386700.0,391800.0,2925783
20201118 19:00,390200.0,396000.0,383800.0,394000.0,1729234
20201119 19:00,395400.0,399200.0,390300.0,395400.0,1406571
20201122 19:00,402400.0,428500.0,401000.0,427800.0,1551151
20201123 19:00,435000.0,453500.0,430600.0,445000.0,2238315
20201124 19:00,441800.0,444300.0,433549.0,435900.0,2344649
20201126 19:00,436700.0,439099.0,424000.0,428100.0,555518
20201129 19:00,421000.0,425400.0,395100.0,399300.0,1758791
20201130 19:00,400000.0,410200.0,392000.0,392000.0,1998451
20201201 19:00,390400.0,409650.0,388300.0,400900.0,2256559
20201202 19:00,400000.0,421400.0,396400.0,412700.0,1949176
20201203 19:00,420000.0,443600.0,417500.0,442500.0,1461557
20201206 19:00,437100.0,440800.0,425300.0,428200.0,1636790
20201207 19:00,424099.0,434400.0,417100.0,427299.0,1551991
20201208 19:00,430000.0,434900.0,417200.0,425900.0,1520484
20201209 19:00,429700.0,442800.0,424500.0,442800.0,1517154
20201210 19:00,436300.0,438200.0,431700.0,434799.0,1518559
20201213 19:00,439700.0,446500.0,422100.0,423000.0,1704623
20201214 19:00,427100.0,429799.0,417100.0,429099.0,1056789
20201215 19:00,429900.0,430300.0,421300.0,423100.0,1188323
20201216 19:00,427299.0,427700.0,416150.0,420400.0,1289728
20201217 19:00,419500.0,421800.0,407299.0,409799.0,1331510
20201220 19:00,390000.0,409200.0,380000.0,401100.0,1623603
20201221 19:00,400000.0,402800.0,388850.0,390500.0,957982
20201222 19:00,394000.0,407100.0,393000.0,400800.0,861028
20201223 19:00,402299.0,402299.0,389600.0,395000.0,479445
20201227 19:00,396100.0,404700.0,391000.0,392800.0,725098
20201228 19:00,399000.0,399300.0,387800.0,390700.0,992626
20201229 19:00,394600.0,400400.0,388200.0,400100.0,704799
20201230 19:00,397800.0,402800.0,396300.0,399099.0,824354
20210103 19:00,399900.0,406400.0,391900.0,395500.0,1350527
20210104 19:00,398700.0,428600.0,397000.0,417299.0,1797206
20210105 19:00,425800.0,439400.0,419300.0,435200.0,1543180
20210106 19:00,439799.0,449850.0,436100.0,447000.0,1625143
20210107 19:00,449900.0,454750.0,441950.0,447600.0,1300268
20210110 19:00,441800.0,457400.0,434099.0,456900.0,1913459
20210111 19:00,459799.0,476599.0,457350.0,474200.0,2040862
20210112 19:00,474000.0,474799.0,466000.0,470300.0,1480445
20210113 19:00,472700.0,482900.0,467800.0,480600.0,1745156
20210114 19:00,465000.0,476700.0,445250.0,449700.0,4706918
20210118 19:00,456000.0,462400.0,448200.0,461800.0,1906053
20210119 19:00,465300.0,468000.0,452200.0,453700.0,1799239
20210120 19:00,454200.0,457000.0,427100.0,431900.0,2242208
20210121 19:00,420500.0,429700.0,417600.0,427500.0,1071721
20210124 19:00,427400.0,427500.0,412500.0,426000.0,1196209
20210125 19:00,427000.0,437100.0,415300.0,417000.0,856776
20210126 19:00,415300.0,420900.0,402100.0,405500.0,1624102
20210127 19:00,405600.0,416400.0,403800.0,408000.0,1196508
20210128 19:00,414700.0,414700.0,399799.0,400000.0,1580198
20210131 19:00,406000.0,409799.0,397050.0,407100.0,1546417
20210201 19:00,408200.0,423000.0,408200.0,412200.0,1093624
20210202 19:00,417700.0,436200.0,410000.0,433700.0,1569099
20210203 19:00,433200.0,440400.0,425900.0,440400.0,1441396
20210204 19:00,445000.0,449400.0,440950.0,443100.0,1460697
20210207 19:00,449400.0,472250.0,447700.0,469700.0,2010660
20210208 19:00,467800.0,474350.0,458600.0,468600.0,922834
20210209 19:00,468700.0,479900.0,464200.0,472500.0,1372642
20210210 19:00,468500.0,468500.0,452100.0,463000.0,1267127
20210211 19:00,464200.0,472700.0,454700.0,472400.0,1597469
20210215 19:00,477400.0,492500.0,477400.0,490900.0,1353361
20210216 19:00,492400.0,497400.0,482800.0,495000.0,1326366
20210217 19:00,486400.0,492200.0,476350.0,476700.0,975452
20210218 19:00,470300.0,485600.0,470300.0,484099.0,1025241
20210221 19:00,483000.0,516700.0,480000.0,510600.0,1788891
20210222 19:00,507100.0,525200.0,496700.0,519099.0,2007366
20210223 19:00,521000.0,548900.0,514600.0,547000.0,1956390
20210224 19:00,548000.0,555000.0,520200.0,527400.0,1987199
20210225 19:00,525900.0,530600.0,508700.0,519900.0,2008559
20210228 19:00,537000.0,539500.0,521800.0,529000.0,1018241
20210301 19:00,520300.0,532800.0,520300.0,520400.0,1049831
20210302 19:00,529000.0,547600.0,522100.0,534000.0,1260430
20210303 19:00,530400.0,569900.0,530400.0,557400.0,2348943
20210304 19:00,555000.0,594900.0,555000.0,583600.0,3454889
20210307 19:00,585900.0,599400.0,570600.0,590000.0,1574474
20210308 19:00,591600.0,595900.0,574600.0,578600.0,1524913
20210309 19:00,579000.0,597700.0,573900.0,595500.0,1952695
20210310 19:00,595500.0,611400.0,592700.0,598100.0,1238710
20210311 19:00,594000.0,604500.0,589800.0,592400.0,1026428
20210314 20:00,595000.0,595000.0,569800.0,581600.0,1519923
20210315 20:00,577000.0,577000.0,559700.0,565100.0,1069119
20210316 20:00,562000.0,571300.0,555200.0,569000.0,1914757
20210317 20:00,570000.0,572000.0,531100.0,534500.0,1783779
20210318 20:00,541200.0,541300.0,523500.0,528000.0,2061458
20210321 20:00,529700.0,530100.0,520400.0,522100.0,1354254
20210322 20:00,516900.0,527850.0,505300.0,518600.0,1815547
20210323 20:00,526600.0,539550.0,525500.0,532400.0,1246923
20210324 20:00,531400.0,540500.0,515700.0,540500.0,1184140
20210325 20:00,542000.0,551300.0,540300.0,550500.0,1251524
20210328 20:00,550600.0,550600.0,531300.0,538100.0,1074322
20210329 20:00,535100.0,541550.0,530400.0,534300.0,1060138
20210330 20:00,534800.0,539100.0,526500.0,529700.0,885310
20210331 20:00,532100.0,540350.0,525300.0,540200.0,1475810
20210404 20:00,540300.0,540300.0,519600.0,522800.0,1475644
20210405 20:00,527100.0,536400.0,523600.0,527000.0,850947
20210406 20:00,529800.0,531600.0,521450.0,523300.0,2300693
20210407 20:00,522900.0,525800.0,510400.0,513000.0,1495873
20210408 20:00,512500.0,519900.0,509150.0,511500.0,923913
20210411 20:00,513000.0,522400.0,507299.0,508600.0,1355421
20210412 20:00,508100.0,513300.0,503900.0,511700.0,893054
20210413 20:00,513500.0,535550.0,511400.0,528500.0,1349866
20210414 20:00,529900.0,531200.0,517750.0,521100.0,818847
20210415 20:00,522500.0,523500.0,510100.0,510900.0,887725
20210418 20:00,512100.0,517299.0,505850.0,509400.0,887022
20210419 20:00,508500.0,508500.0,484200.0,486000.0,1763956
20210420 20:00,485000.0,501300.0,478700.0,499000.0,1155447
20210421 20:00,499799.0,502600.0,491900.0,494600.0,1022680
20210422 20:00,495900.0,500000.0,491599.0,495000.0,730793
20210425 20:00,498000.0,509200.0,493800.0,502800.0,879383
20210426 20:00,505400.0,516900.0,503800.0,512500.0,1149399
20210427 20:00,513000.0,533400.0,513000.0,530300.0,1293380
20210428 20:00,533600.0,544950.0,528500.0,531300.0,1383379
20210429 20:00,525100.0,530100.0,509750.0,511800.0,1150274
20210502 20:00,515600.0,529800.0,515000.0,528900.0,1130796
20210503 20:00,535700.0,540000.0,512299.0,530000.0,1214435
20210504 20:00,537300.0,556750.0,532300.0,555500.0,1374243
20210505 20:00,554400.0,559000.0,536900.0,559000.0,1108474
20210506 20:00,564100.0,573400.0,543600.0,572900.0,1042315
20210509 20:00,579800.0,593300.0,568200.0,570000.0,1209744
20210510 20:00,565600.0,567200.0,551700.0,557200.0,1555988
20210511 20:00,561900.0,577100.0,554600.0,556900.0,1074805
20210512 20:00,548000.0,554200.0,535800.0,543200.0,933460
20210513 20:00,549400.0,566400.0,548100.0,565500.0,786058
20210516 20:00,564600.0,583500.0,559900.0,583200.0,1246298
20210517 20:00,584500.0,586400.0,569600.0,572800.0,1176424
20210518 20:00,565000.0,565200.0,548200.0,555800.0,1325503
20210519 20:00,549100.0,556800.0,546600.0,554600.0,1093446
20210520 20:00,559900.0,564300.0,555700.0,556500.0,722066
20210523 20:00,560000.0,564800.0,552700.0,561100.0,656772
20210524 20:00,560100.0,563600.0,547700.0,549900.0,1045482
20210525 20:00,550000.0,555550.0,546700.0,554300.0,986753
20210526 20:00,551000.0,563200.0,550300.0,555300.0,802151
20210527 20:00,558800.0,560900.0,553200.0,557200.0,707554
20210531 20:00,562800.0,584700.0,562800.0,584300.0,1269437
20210601 20:00,585000.0,594100.0,577400.0,589100.0,793921
20210602 20:00,589900.0,600000.0,582000.0,594700.0,1035153
20210603 20:00,597100.0,601300.0,589050.0,598500.0,706993
20210606 20:00,597700.0,605100.0,594800.0,594800.0,661364
20210607 20:00,591900.0,606400.0,586400.0,604300.0,1141814
20210608 20:00,604700.0,608700.0,593000.0,595000.0,905257
20210609 20:00,598200.0,612800.0,592800.0,601100.0,1543682
20210610 20:00,606900.0,609300.0,598000.0,599700.0,1137639
20210613 20:00,602900.0,610700.0,598500.0,602600.0,1048894
20210614 20:00,603900.0,615500.0,603600.0,612600.0,1004751
20210615 20:00,611700.0,617700.0,605600.0,609500.0,1354848
20210616 20:00,611300.0,615700.0,585600.0,590100.0,1899883
20210617 20:00,590000.0,592100.0,572300.0,572400.0,2045709
20210620 20:00,578200.0,606200.0,578100.0,605400.0,1096960
20210621 20:00,604700.0,611200.0,596600.0,607900.0,921696
20210622 20:00,609000.0,623500.0,599100.0,607700.0,909533
20210623 20:00,611900.0,615100.0,603300.0,615000.0,715687
20210624 20:00,616500.0,617800.0,610000.0,612000.0,924732
20210627 20:00,613000.0,613000.0,593700.0,595700.0,974321
20210628 20:00,595800.0,602400.0,588350.0,592900.0,860232
20210629 20:00,590500.0,610000.0,588000.0,610000.0,1090754
20210630 20:00,620100.0,635700.0,611300.0,628900.0,1521633
20210701 20:00,628800.0,631600.0,616000.0,627000.0,1029744
20210705 20:00,637900.0,640000.0,601500.0,601600.0,1557332
20210706 20:00,610000.0,613700.0,586400.0,591800.0,1180268
20210707 20:00,579900.0,596400.0,575700.0,593500.0,1443577
20210708 20:00,599800.0,604600.0,593400.0,602000.0,805640
20210711 20:00,599400.0,604400.0,588000.0,598000.0,941802
20210712 20:00,600000.0,600000.0,588100.0,594700.0,936608
20210713 20:00,590200.0,606000.0,573400.0,576000.0,1171697
20210714 20:00,570600.0,582200.0,567700.0,571000.0,1140098
20210715 20:00,572900.0,579000.0,553100.0,554000.0,1124150
20210718 20:00,550000.0,554400.0,528300.0,538400.0,1976344
20210719 20:00,540500.0,552500.0,532900.0,544100.0,1208780
20210720 20:00,555400.0,574100.0,549100.0,571400.0,1326222
20210721 20:00,573500.0,575800.0,561800.0,568800.0,962906
20210722 20:00,565600.0,566500.0,547400.0,553900.0,1442297
20210725 20:00,549000.0,573500.0,548200.0,569000.0,935846
20210726 20:00,567100.0,567100.0,553500.0,561100.0,1164747
20210727 20:00,565100.0,571500.0,558150.0,567200.0,900500
20210728 20:00,573400.0,578400.0,568600.0,570900.0,927553
20210729 20:00,571600.0,571900.0,557200.0,561500.0,994560
20210801 20:00,559500.0,577500.0,552000.0,554200.0,989215
20210802 20:00,563000.0,567900.0,543500.0,563200.0,1077034
20210803 20:00,561100.0,564800.0,549000.0,552000.0,915122
20210804 20:00,552900.0,566200.0,550500.0,559500.0,1001935
20210805 20:00,564200.0,571700.0,561100.0,565100.0,638515
20210808 20:00,557300.0,561800.0,552300.0,554500.0,680930
20210809 20:00,559400.0,567700.0,555700.0,564000.0,836937
20210810 20:00,560800.0,573550.0,558600.0,572800.0,774357
20210811 20:00,571900.0,575600.0,565300.0,570400.0,595089
20210812 20:00,570100.0,572500.0,558550.0,559700.0,725546
20210815 20:00,556200.0,556200.0,546100.0,548100.0,925163
20210816 20:00,542700.0,554300.0,541000.0,545000.0,871617
20210817 20:00,548600.0,550600.0,532200.0,535300.0,858729
20210818 20:00,527600.0,530000.0,514099.0,524700.0,1527535
20210819 20:00,517800.0,529900.0,516000.0,527700.0,877825
20210822 20:00,538200.0,551200.0,538200.0,547700.0,950637
20210823 20:00,553100.0,556900.0,546400.0,554100.0,726956
20210824 20:00,555000.0,563900.0,550600.0,559100.0,735140
20210825 20:00,557500.0,560900.0,549600.0,553400.0,684111
20210826 20:00,555800.0,571200.0,555000.0,567500.0,799078
20210829 20:00,569500.0,571400.0,561700.0,562800.0,659448
20210830 20:00,558600.0,563300.0,553000.0,555300.0,1336980
20210831 20:00,557900.0,559900.0,544200.0,546600.0,1079209
20210901 20:00,550100.0,569800.0,550000.0,566500.0,775246
20210902 20:00,566800.0,569500.0,559400.0,562400.0,970147
20210906 20:00,560200.0,564800.0,553300.0,559500.0,832190
20210907 20:00,559000.0,566100.0,551900.0,553600.0,655734
20210908 20:00,550300.0,565400.0,548000.0,555800.0,952977
20210909 20:00,561900.0,567400.0,554550.0,556300.0,589013
20210912 20:00,559400.0,580800.0,559400.0,578000.0,1129014
20210913 20:00,577600.0,582900.0,566000.0,571600.0,1084906
20210914 20:00,575600.0,594600.0,575400.0,593300.0,1533985
20210915 20:00,596600.0,596600.0,587600.0,592000.0,1394606
20210916 20:00,591000.0,599100.0,587800.0,589200.0,1064893
20210919 20:00,580900.0,583200.0,552000.0,573300.0,1439914
20210920 20:00,575000.0,598200.0,575000.0,592000.0,2082088
20210921 20:00,593300.0,628800.0,593300.0,622600.0,2124002
20210922 20:00,621100.0,641200.0,621100.0,639800.0,1442221
20210923 20:00,637600.0,656949.0,632300.0,650200.0,1368767
20210926 20:00,658000.0,670000.0,655900.0,668700.0,1914340
20210927 20:00,672600.0,686350.0,671800.0,676100.0,2227174
20210928 20:00,676100.0,684800.0,666100.0,681100.0,1503374
20210929 20:00,680400.0,688800.0,677200.0,679300.0,1836604
20210930 20:00,677400.0,703250.0,674800.0,701600.0,1757180
20211003 20:00,700000.0,726100.0,700000.0,715500.0,1719096
20211004 20:00,721700.0,728600.0,707099.0,717300.0,1659963
20211005 20:00,716800.0,721400.0,697900.0,718300.0,1505907
20211006 20:00,718500.0,721700.0,706200.0,715400.0,1446119
20211007 20:00,720000.0,750950.0,718500.0,749000.0,1488518
20211010 20:00,750900.0,759900.0,737500.0,739700.0,1418983
20211011 20:00,739100.0,746100.0,730000.0,730000.0,1026565
20211012 20:00,731400.0,737600.0,714500.0,732200.0,1081068
20211013 20:00,737000.0,746000.0,728400.0,739800.0,901824
20211014 20:00,744500.0,749100.0,741300.0,742000.0,680866
20211017 20:00,747000.0,757400.0,741300.0,745100.0,1098560
20211018 20:00,752500.0,758450.0,743800.0,753199.0,834446
20211019 20:00,750500.0,762600.0,745400.0,760100.0,878903
20211020 20:00,755699.0,758600.0,741300.0,747000.0,870818
20211021 20:00,750800.0,760650.0,749000.0,757200.0,903189
20211024 20:00,760800.0,779700.0,760800.0,765699.0,918698
20211025 20:00,768000.0,776200.0,764700.0,770200.0,706630
20211026 20:00,757700.0,766600.0,742550.0,744300.0,1216026
20211027 20:00,749800.0,753400.0,738000.0,749900.0,753281
20211028 20:00,748800.0,752900.0,737600.0,745200.0,922711
20211031 20:00,748000.0,754400.0,744200.0,752000.0,1555145
20211101 20:00,750000.0,753000.0,728199.0,730400.0,1437877
20211102 20:00,724000.0,737000.0,719100.0,727500.0,1401461
20211103 20:00,736100.0,747800.0,728800.0,734000.0,1201473
20211104 20:00,734000.0,758050.0,734000.0,754900.0,906872
20211107 19:00,756100.0,771500.0,753300.0,759900.0,924259
20211108 19:00,759599.0,766900.0,747099.0,759900.0,862154
20211109 19:00,761000.0,761000.0,729200.0,730000.0,1058313
20211110 19:00,731100.0,736600.0,719900.0,722000.0,1330131
20211111 19:00,720300.0,725200.0,715100.0,724200.0,756721
20211114 19:00,721400.0,733900.0,717400.0,727300.0,785052
20211115 19:00,728600.0,738000.0,723100.0,727000.0,726206
20211116 19:00,731000.0,739300.0,717300.0,718100.0,1300403
20211117 19:00,720699.0,732099.0,716100.0,729000.0,1057839
20211118 19:00,723199.0,723199.0,694100.0,698199.0,1326996
20211121 19:00,701000.0,728250.0,696200.0,718900.0,1168982
20211122 19:00,717300.0,747200.0,717300.0,735000.0,1328576
20211123 19:00,739900.0,754700.0,730000.0,748199.0,979656
20211125 19:00,714300.0,720699.0,693600.0,714000.0,1276124
20211128 19:00,722700.0,746700.0,719599.0,721600.0,991031
20211129 19:00,708900.0,722400.0,700000.0,710300.0,1467328
20211130 19:00,714900.0,725000.0,691100.0,697500.0,1740082
20211201 19:00,695200.0,717300.0,682400.0,712600.0,1077305
20211202 19:00,716700.0,729200.0,701800.0,710200.0,865546
20211205 19:00,712700.0,735100.0,709599.0,730800.0,797981
20211206 19:00,740500.0,759650.0,740500.0,748100.0,1042799
20211207 19:00,745699.0,753600.0,736000.0,738500.0,833208
20211208 19:00,741000.0,741000.0,724000.0,725500.0,909458
20211209 19:00,728500.0,736500.0,716000.0,734900.0,926696
20211212 19:00,735100.0,735200.0,705300.0,710000.0,814852
20211213 19:00,713000.0,717000.0,700200.0,706800.0,819589
20211214 19:00,702700.0,712200.0,686700.0,707700.0,751417
20211215 19:00,710900.0,730600.0,704599.0,715400.0,805476
20211216 19:00,713199.0,716600.0,685300.0,688500.0,1428921
20211219 19:00,670000.0,688500.0,660500.0,686500.0,1316267
20211220 19:00,686600.0,709599.0,686600.0,707500.0,740924
20211221 19:00,708300.0,716150.0,698600.0,712800.0,441668
20211222 19:00,712400.0,721200.0,710400.0,711900.0,499690
20211226 19:00,712099.0,732700.0,704800.0,732700.0,435373
20211227 19:00,732700.0,739200.0,729100.0,733700.0,366838
20211228 19:00,735699.0,737700.0,724500.0,728100.0,538321
20211229 19:00,729200.0,736800.0,722000.0,723100.0,417065
20211230 19:00,723100.0,726800.0,715400.0,721900.0,348447
20220102 19:00,722099.0,739550.0,718800.0,737099.0,899148
20220103 19:00,736900.0,773800.0,736900.0,771000.0,1279085
20220104 19:00,771300.0,782500.0,754100.0,756500.0,1270424
20220105 19:00,756200.0,787900.0,756200.0,785100.0,1415858
20220106 19:00,790400.0,809300.0,784300.0,806300.0,1410894
20220109 19:00,800000.0,811500.0,792300.0,810300.0,1000873
20220110 19:00,815400.0,837650.0,806200.0,835600.0,1017357
20220111 19:00,841200.0,846400.0,831000.0,843400.0,860860
20220112 19:00,846100.0,848500.0,831900.0,836200.0,900387
20220113 19:00,833700.0,870000.0,833500.0,869400.0,901230
20220117 19:00,872000.0,891100.0,858199.0,881300.0,1251826
20220118 19:00,877800.0,888300.0,857200.0,867000.0,963545
20220119 19:00,872600.0,884700.0,847000.0,854400.0,1147520
20220120 19:00,851400.0,851400.0,821500.0,823000.0,1327969
20220123 19:00,831600.0,834700.0,787900.0,829500.0,1159535
20220124 19:00,820200.0,872600.0,813100.0,869300.0,969917
20220125 19:00,883600.0,891800.0,863600.0,874000.0,1055674
20220126 19:00,870300.0,902000.0,858900.0,899000.0,1316817
20220127 19:00,900000.0,900100.0,876500.0,893800.0,1412290
20220130 19:00,893600.0,894300.0,869200.0,883800.0,835982
20220131 19:00,870000.0,918800.0,870000.0,912700.0,776408
20220201 19:00,911900.0,926050.0,890000.0,921500.0,983656
20220202 19:00,923700.0,930000.0,894800.0,910200.0,1459885
20220203 19:00,912800.0,949200.0,908800.0,910000.0,1418125
20220206 19:00,914400.0,942400.0,896900.0,931500.0,979780
20220207 19:00,930000.0,931300.0,900100.0,914800.0,1125117
20220208 19:00,920200.0,940100.0,910000.0,930500.0,777260
20220209 19:00,929400.0,943300.0,912900.0,919000.0,864333
20220210 19:00,917500.0,939700.0,911000.0,937400.0,1058571
20220213 19:00,929599.0,940000.0,902200.0,913600.0,845553
20220214 19:00,907900.0,909900.0,877400.0,896800.0,966197
20220215 19:00,898500.0,919000.0,896000.0,900800.0,684969
20220216 19:00,902600.0,918300.0,899500.0,912500.0,747036
20220217 19:00,908100.0,911600.0,887000.0,899800.0,723303
20220221 19:00,924300.0,933000.0,864300.0,884599.0,990739
20220222 19:00,887500.0,894700.0,873500.0,887800.0,906831
20220223 19:00,913600.0,926300.0,852900.0,880100.0,1904219
20220224 19:00,877300.0,915200.0,868600.0,909000.0,1275749
20220227 19:00,909599.0,950100.0,898600.0,949000.0,1740945
20220228 19:00,957200.0,984599.0,948100.0,979700.0,1806998
20220301 19:00,984100.0,999599.0,972000.0,983500.0,2194228
20220302 19:00,993000.0,995000.0,956300.0,974200.0,1060779
20220303 19:00,979000.0,1003400.0,971400.0,1001000.0,1579710
20220306 19:00,1038800.0,1053300.0,991300.0,1011400.0,2094915
20220307 19:00,1025000.0,1043300.0,959000.0,994400.0,2377180
20220308 19:00,1001900.0,1001900.0,927600.0,957500.0,1944446
20220309 19:00,975400.0,999000.0,963800.0,999000.0,1423350
20220310 19:00,1000000.0,1020000.0,980100.0,987700.0,1098873
20220313 20:00,981600.0,981800.0,942200.0,965400.0,1847382
20220314 20:00,934400.0,958500.0,923300.0,945300.0,1499234
20220315 20:00,954300.0,964599.0,941100.0,953000.0,1657134
20220316 20:00,960000.0,990650.0,960000.0,985000.0,1135714
20220317 20:00,988300.0,1001500.0,978900.0,995800.0,1378035
20220320 20:00,1009700.0,1039700.0,1000100.0,1028400.0,890062
20220321 20:00,1024599.0,1032000.0,1003199.0,1018000.0,741275
20220322 20:00,1029400.0,1050200.0,1024300.0,1042000.0,798900
20220323 20:00,1047000.0,1058500.0,1037500.0,1045500.0,818821
20220324 20:00,1057800.0,1078800.0,1035200.0,1077200.0,988583
20220327 20:00,1060900.0,1069300.0,1030100.0,1036000.0,961037
20220328 20:00,1056800.0,1060000.0,978500.0,1010300.0,1585919
20220329 20:00,1002700.0,1027600.0,1002000.0,1013700.0,773083
20220330 20:00,997600.0,1024500.0,975000.0,1001000.0,1159307
20220331 20:00,1002600.0,1016500.0,993000.0,1005000.0,905060
20220403 20:00,1015000.0,1022600.0,996200.0,1007000.0,725199
20220404 20:00,1011500.0,1016600.0,979100.0,982500.0,783742
20220405 20:00,988900.0,1001800.0,968300.0,975400.0,986560
20220406 20:00,975400.0,1001900.0,969200.0,999599.0,841621
20220407 20:00,999700.0,1033100.0,999700.0,1030600.0,795439
20220410 20:00,1015600.0,1030500.0,977900.0,981500.0,996775
20220411 20:00,993199.0,1018900.0,993199.0,1006100.0,1083315
20220412 20:00,1013400.0,1017300.0,989200.0,1002300.0,1133440
20220413 20:00,1001900.0,1023800.0,994900.0,1015000.0,802023
20220417 20:00,1015000.0,1041100.0,1007099.0,1034800.0,711530
20220418 20:00,1029700.0,1035800.0,1010200.0,1016000.0,675231
20220419 20:00,1022700.0,1034599.0,1013700.0,1028000.0,931016
20220420 20:00,1033500.0,1037500.0,983100.0,987500.0,952389
20220421 20:00,973100.0,994400.0,957700.0,960000.0,934689
20220424 20:00,941800.0,941800.0,888199.0,914000.0,2082758
20220425 20:00,915900.0,942800.0,910500.0,912500.0,810169
20220426 20:00,921300.0,939400.0,887700.0,930000.0,1044257
20220427 20:00,931500.0,984599.0,911700.0,974400.0,1344631
20220428 20:00,975100.0,987900.0,949200.0,955600.0,1091005
20220501 20:00,950000.0,966000.0,926100.0,966000.0,1025283
20220502 20:00,953900.0,995200.0,949400.0,989400.0,699401
20220503 20:00,990000.0,1041900.0,990000.0,1041800.0,923459
20220504 20:00,1038800.0,1065800.0,1005200.0,1032500.0,1257203
20220505 20:00,1037099.0,1078500.0,1028199.0,1075900.0,1070441
20220508 20:00,1045000.0,1058200.0,964800.0,971600.0,1327160
20220509 20:00,993900.0,1015200.0,959800.0,980000.0,998992
20220510 20:00,1002000.0,1028900.0,988100.0,990600.0,890272
20220511 20:00,985200.0,996600.0,954800.0,996600.0,983508
20220512 20:00,999200.0,1038100.0,999200.0,1031200.0,787265
20220515 20:00,1028900.0,1070900.0,1024500.0,1066900.0,1063064
20220516 20:00,1063800.0,1082900.0,1056900.0,1069200.0,719812
20220517 20:00,1069000.0,1083000.0,1027600.0,1030100.0,826384
20220518 20:00,1034000.0,1067100.0,1015000.0,1042000.0,872931
20220519 20:00,1060000.0,1075500.0,1021900.0,1053500.0,887958
20220522 20:00,1059700.0,1094300.0,1055600.0,1090200.0,985341
20220523 20:00,1076900.0,1099700.0,1063000.0,1095800.0,628677
20220524 20:00,1098000.0,1115200.0,1095800.0,1106700.0,605321
20220525 20:00,1103900.0,1146000.0,1103900.0,1137000.0,639425
20220526 20:00,1134200.0,1147900.0,1118900.0,1146200.0,743591
20220530 20:00,1163700.0,1179700.0,1113300.0,1130000.0,1640132
20220531 20:00,1136800.0,1173000.0,1134400.0,1154000.0,974751
20220601 20:00,1153000.0,1159500.0,1131500.0,1149600.0,618354
20220602 20:00,1143600.0,1184100.0,1139400.0,1180100.0,503536
20220605 20:00,1186400.0,1189800.0,1166200.0,1179900.0,609967
20220606 20:00,1167900.0,1230000.0,1166200.0,1227000.0,766468
20220607 20:00,1227200.0,1248700.0,1215100.0,1218600.0,728577
20220608 20:00,1214600.0,1220000.0,1184300.0,1185600.0,828442
20220609 20:00,1180200.0,1196400.0,1152900.0,1164000.0,806966
20220612 20:00,1130000.0,1140000.0,1083900.0,1116300.0,990644
20220613 20:00,1134900.0,1161400.0,1100400.0,1117500.0,805711
20220614 20:00,1103500.0,1124700.0,1076200.0,1093300.0,1099217
20220615 20:00,1071200.0,1081700.0,1011400.0,1026000.0,1872978
20220616 20:00,1031000.0,1037500.0,928700.0,934000.0,2249998
20220620 20:00,954500.0,1001000.0,944900.0,994800.0,1361133
20220621 20:00,961100.0,963000.0,914599.0,922000.0,1287975
20220622 20:00,923300.0,941900.0,872700.0,877500.0,1899307
20220623 20:00,891100.0,920400.0,883600.0,910100.0,1429688
20220626 20:00,910900.0,937900.0,909500.0,929599.0,1195234
20220627 20:00,932000.0,970800.0,927000.0,953000.0,1495390
20220628 20:00,950400.0,974500.0,912800.0,915000.0,1183359
20220629 20:00,908800.0,917099.0,882099.0,898400.0,2057770
20220630 20:00,898800.0,923300.0,883100.0,910500.0,974516
20220704 20:00,920900.0,920900.0,830600.0,846600.0,2175145
20220705 20:00,847800.0,856800.0,804300.0,833400.0,2129926
20220706 20:00,840500.0,872099.0,839400.0,863400.0,1312101
20220707 20:00,861800.0,884200.0,846700.0,864599.0,1031200
20220710 20:00,860500.0,865900.0,835900.0,854700.0,721066
20220711 20:00,845000.0,847099.0,816100.0,832600.0,912345
20220712 20:00,840400.0,851900.0,820800.0,831100.0,973349
20220713 20:00,820000.0,820000.0,783000.0,816300.0,1606290
20220714 20:00,826400.0,840000.0,818300.0,830000.0,687121
20220717 20:00,844900.0,863800.0,843199.0,852000.0,902527
20220718 20:00,858800.0,888000.0,849200.0,887600.0,841835
20220719 20:00,876900.0,912200.0,872300.0,907099.0,1140794
20220720 20:00,896500.0,897700.0,868700.0,888000.0,1157700
20220721 20:00,878500.0,901900.0,875400.0,877000.0,852096
20220724 20:00,891000.0,921400.0,878500.0,920500.0,746366
20220725 20:00,931500.0,941700.0,899800.0,910900.0,952628
20220726 20:00,922800.0,936550.0,912700.0,932300.0,1554846
20220727 20:00,945400.0,952400.0,926000.0,941400.0,971817
20220728 20:00,950300.0,979150.0,950300.0,974900.0,1302717
20220731 20:00,987200.0,990000.0,936900.0,951300.0,807214
20220801 20:00,947300.0,958400.0,939400.0,943800.0,813884
20220802 20:00,947099.0,968400.0,904200.0,921800.0,1197144
20220803 20:00,923300.0,945000.0,892800.0,898000.0,1204431
20220804 20:00,904900.0,934200.0,880600.0,929000.0,1243170
20220807 20:00,934000.0,946900.0,872800.0,936300.0,992834
20220808 20:00,932000.0,972850.0,932000.0,955300.0,1177139
20220809 20:00,954100.0,963100.0,931500.0,958800.0,1056695
20220810 20:00,960200.0,1013100.0,960200.0,1007800.0,1184412
20220811 20:00,1012800.0,1029500.0,993500.0,1027500.0,1245493
20220814 20:00,1012400.0,1014599.0,975600.0,1006500.0,1122881
20220815 20:00,1006700.0,1024100.0,989300.0,1008199.0,1251972
20220816 20:00,1007400.0,1026600.0,984700.0,1009300.0,1004854
20220817 20:00,1026300.0,1051100.0,1019200.0,1048900.0,1143077
20220818 20:00,1030900.0,1056900.0,1025000.0,1050400.0,1223387
20220821 20:00,1041400.0,1059500.0,1025300.0,1057500.0,1131408
20220822 20:00,1070800.0,1106800.0,1060500.0,1085000.0,1806513
20220823 20:00,1106800.0,1107600.0,1077700.0,1105200.0,1167567
20220824 20:00,1108100.0,1121400.0,1106650.0,1119700.0,972095
20220825 20:00,1120700.0,1142500.0,1115000.0,1120000.0,941550
20220828 20:00,1125800.0,1154800.0,1111800.0,1134700.0,1146864
20220829 20:00,1136300.0,1136300.0,1089000.0,1107700.0,1360981
20220830 20:00,1074800.0,1118800.0,1070000.0,1094300.0,1015559
20220831 20:00,1076300.0,1089400.0,1057600.0,1079700.0,1278036
20220901 20:00,1086800.0,1119900.0,1084300.0,1112500.0,1224236
20220905 20:00,1124300.0,1133400.0,1080700.0,1086700.0,1166311
20220906 20:00,1086100.0,1101500.0,1046900.0,1067600.0,1323190
20220907 20:00,1064400.0,1091900.0,1064000.0,1084600.0,1147999
20220908 20:00,1106900.0,1124200.0,1090100.0,1116800.0,887849
20220911 20:00,1125000.0,1154000.0,1114900.0,1147400.0,979472
20220912 20:00,1162400.0,1168900.0,1118300.0,1127400.0,1157745
20220913 20:00,1122300.0,1184400.0,1120000.0,1180000.0,1278916
20220914 20:00,1190000.0,1190000.0,1146400.0,1150000.0,1528319
20220915 20:00,1153200.0,1158600.0,1112100.0,1131300.0,1333082
20220918 20:00,1107000.0,1134800.0,1094600.0,1128700.0,1223592
20220919 20:00,1138200.0,1138200.0,1105600.0,1114100.0,1121568
20220920 20:00,1142500.0,1148700.0,1110000.0,1110800.0,1029747
20220921 20:00,1122000.0,1138600.0,1095300.0,1095300.0,916351
20220922 20:00,1093800.0,1093800.0,996000.0,1014000.0,1598567
20220925 20:00,999800.0,1027200.0,985100.0,990000.0,1138113
20220926 20:00,1016100.0,1026000.0,985200.0,989500.0,1399600
20220927 20:00,970000.0,1034300.0,970000.0,1030000.0,1511814
20220928 20:00,1012000.0,1041500.0,999200.0,1041500.0,1010533
20220929 20:00,1039000.0,1054800.0,1010200.0,1023500.0,893141
20221002 20:00,1051100.0,1108500.0,1049900.0,1099300.0,1112060
20221003 20:00,1116100.0,1158900.0,1116100.0,1156200.0,1154311
20221004 20:00,1150100.0,1172500.0,1137600.0,1159300.0,1494650
20221005 20:00,1164900.0,1183600.0,1145000.0,1176500.0,841845
20221006 20:00,1175700.0,1213600.0,1167000.0,1184100.0,1552949
20221009 20:00,1185900.0,1204500.0,1154300.0,1168000.0,986322
20221010 20:00,1157700.0,1181100.0,1132200.0,1155800.0,1264759
20221011 20:00,1167800.0,1173000.0,1139900.0,1163000.0,958918
20221012 20:00,1176500.0,1234100.0,1141200.0,1226900.0,1162770
20221013 20:00,1225100.0,1229800.0,1170400.0,1179600.0,1140126
20221016 20:00,1188500.0,1214200.0,1180200.0,1190000.0,828107
20221017 20:00,1193100.0,1201300.0,1156900.0,1184900.0,1023069
20221018 20:00,1192100.0,1215800.0,1177500.0,1214000.0,817462
20221019 20:00,1212400.0,1249000.0,1212400.0,1218100.0,899449
20221020 20:00,1209100.0,1249600.0,1208900.0,1245100.0,754620
20221023 20:00,1244800.0,1264000.0,1239000.0,1251500.0,1024533
20221024 20:00,1240200.0,1254900.0,1228800.0,1238800.0,1384678
20221025 20:00,1250900.0,1281699.0,1242000.0,1261300.0,709418
20221026 20:00,1269900.0,1294400.0,1259900.0,1265200.0,835996
20221027 20:00,1266400.0,1289600.0,1240100.0,1275000.0,1217325
20221030 20:00,1272000.0,1299900.0,1255000.0,1260900.0,886870
20221031 20:00,1283200.0,1293200.0,1268900.0,1277200.0,724930
20221101 20:00,1281500.0,1297800.0,1257900.0,1264500.0,1094234
20221102 20:00,1280000.0,1361200.0,1270000.0,1335500.0,1379600
20221103 20:00,1366000.0,1384900.0,1296500.0,1324000.0,1297350
20221106 19:00,1323200.0,1364199.0,1322000.0,1353100.0,788391
20221107 19:00,1349500.0,1356300.0,1322400.0,1344400.0,669566
20221108 19:00,1343800.0,1343800.0,1249000.0,1260200.0,1255976
20221109 19:00,1257000.0,1297600.0,1255600.0,1294600.0,1042094
20221110 19:00,1331500.0,1348500.0,1305700.0,1339600.0,1714546
20221113 19:00,1339600.0,1356699.0,1322900.0,1332400.0,767806
20221114 19:00,1344600.0,1350000.0,1319100.0,1340900.0,997716
20221115 19:00,1340900.0,1342100.0,1290900.0,1292600.0,923716
20221116 19:00,1294800.0,1319199.0,1266200.0,1311900.0,846879
20221117 19:00,1306000.0,1308100.0,1265000.0,1282200.0,817157
20221120 19:00,1281900.0,1281900.0,1218400.0,1254900.0,898439
20221121 19:00,1269000.0,1305300.0,1264600.0,1300300.0,792223
20221122 19:00,1273400.0,1291500.0,1258000.0,1267000.0,912948
20221124 19:00,1274500.0,1277700.0,1265000.0,1270000.0,346952
20221127 19:00,1232000.0,1250800.0,1212900.0,1235300.0,851791
20221128 19:00,1270200.0,1271800.0,1238500.0,1248900.0,768096
20221129 19:00,1252400.0,1266400.0,1224300.0,1237100.0,804684
20221130 19:00,1235700.0,1253600.0,1228900.0,1230800.0,813782
20221201 19:00,1225000.0,1238400.0,1213600.0,1221200.0,599432
20221204 19:00,1229700.0,1246300.0,1187450.0,1198800.0,804176
20221205 19:00,1186800.0,1197400.0,1145300.0,1156200.0,958651
20221206 19:00,1153200.0,1175900.0,1140900.0,1144200.0,1012678
20221207 19:00,1158400.0,1178100.0,1119100.0,1130000.0,1412347
20221208 19:00,1133900.0,1139100.0,1097300.0,1100200.0,1028164
20221211 19:00,1106000.0,1123200.0,1100600.0,1119800.0,904803
20221212 19:00,1124000.0,1155900.0,1123000.0,1134100.0,888739
20221213 19:00,1138000.0,1156800.0,1120700.0,1134400.0,794281
20221214 19:00,1122700.0,1129100.0,1104700.0,1121100.0,936698
20221215 19:00,1100500.0,1111800.0,1090100.0,1104100.0,1160115
20221218 19:00,1113900.0,1127200.0,1096400.0,1104400.0,685216
20221219 19:00,1126600.0,1138000.0,1102500.0,1126000.0,783477
20221220 19:00,1139900.0,1169700.0,1135600.0,1167500.0,813591
20221221 19:00,1177100.0,1181700.0,1098700.0,1129000.0,746224
20221222 19:00,1129000.0,1172500.0,1122500.0,1172500.0,1040925
20221226 19:00,1181600.0,1190600.0,1170600.0,1182500.0,706252
20221227 19:00,1184000.0,1184000.0,1147400.0,1153300.0,538383
20221228 19:00,1143700.0,1173000.0,1135500.0,1173000.0,404382
20221229 19:00,1160200.0,1183000.0,1157500.0,1183000.0,565154
20230102 19:00,1190000.0,1190100.0,1119400.0,1129500.0,761592
20230103 19:00,1099000.0,1143100.0,1099000.0,1133800.0,592948
20230104 19:00,1146100.0,1177800.0,1129500.0,1175700.0,607869
20230105 19:00,1175000.0,1201700.0,1168000.0,1182700.0,529620
20230108 19:00,1200000.0,1207900.0,1168600.0,1175500.0,667539
20230109 19:00,1175100.0,1186400.0,1166500.0,1176900.0,569713
20230110 19:00,1180000.0,1196000.0,1169200.0,1185000.0,604563
20230111 19:00,1180000.0,1210900.0,1176000.0,1203700.0,744079
20230112 19:00,1211000.0,1218500.0,1185200.0,1213100.0,738897
20230116 19:00,1220000.0,1225200.0,1195700.0,1200300.0,579249
20230117 19:00,1207300.0,1237150.0,1183700.0,1184000.0,678290
20230118 19:00,1174000.0,1202600.0,1162600.0,1196400.0,620734
20230119 19:00,1200000.0,1218900.0,1193400.0,1218000.0,658428
20230122 19:00,1215000.0,1231500.0,1199700.0,1201400.0,533441
20230123 19:00,1203000.0,1215000.0,1176600.0,1186400.0,733853
20230124 19:00,1181900.0,1209400.0,1166400.0,1205700.0,450150
20230125 19:00,1200700.0,1247350.0,1200700.0,1245600.0,732722
20230126 19:00,1247800.0,1264200.0,1230200.0,1244800.0,664205
20230129 19:00,1238600.0,1238600.0,1203400.0,1206600.0,627602
20230130 19:00,1198900.0,1221800.0,1190700.0,1218800.0,537181
20230131 19:00,1219900.0,1219900.0,1151900.0,1176900.0,966229
20230201 19:00,1189000.0,1200000.0,1097600.0,1110000.0,1283074
20230202 19:00,1111500.0,1123800.0,1077600.0,1084100.0,1550984
20230205 19:00,1081200.0,1099100.0,1067300.0,1073700.0,1187380
20230206 19:00,1081200.0,1122500.0,1074400.0,1119900.0,667519
20230207 19:00,1122000.0,1129650.0,1098500.0,1107900.0,765042
20230208 19:00,1110000.0,1117500.0,1098200.0,1100500.0,654869
20230209 19:00,1129700.0,1160000.0,1117800.0,1158300.0,1278650
20230212 19:00,1139800.0,1144100.0,1121400.0,1127300.0,580850
20230213 19:00,1123100.0,1144500.0,1106800.0,1136000.0,820053
20230214 19:00,1125500.0,1128500.0,1099800.0,1116500.0,804887
20230215 19:00,1109900.0,1117100.0,1080850.0,1081900.0,903520
20230216 19:00,1074600.0,1074600.0,1031800.0,1040500.0,1467150
20230220 19:00,1042000.0,1061200.0,1037400.0,1049500.0,737927
20230221 19:00,1054600.0,1054800.0,1029599.0,1040800.0,808161
20230222 19:00,1040000.0,1064000.0,1040000.0,1054800.0,566714
20230223 19:00,1045500.0,1055600.0,1033600.0,1054900.0,661148
20230226 19:00,1053800.0,1062500.0,1034500.0,1058600.0,806237
20230227 19:00,1069000.0,1073000.0,1032000.0,1033500.0,626384
20230228 19:00,1032500.0,1076600.0,1032400.0,1062500.0,744580
20230301 19:00,1061400.0,1089600.0,1058300.0,1080500.0,742192
20230302 19:00,1087100.0,1090500.0,1058100.0,1086400.0,901973
20230305 19:00,1078500.0,1096000.0,1071400.0,1095600.0,720735
20230306 19:00,1091000.0,1091000.0,1066700.0,1071200.0,603317
20230307 19:00,1082400.0,1085100.0,1057600.0,1072300.0,547302
20230308 19:00,1074300.0,1092400.0,1053600.0,1058100.0,561132
20230309 19:00,1058200.0,1073100.0,1036000.0,1051000.0,801922
20230312 20:00,1061200.0,1061200.0,995800.0,1013400.0,1184584
20230313 20:00,1009800.0,1044150.0,996300.0,1013600.0,863085
20230314 20:00,993400.0,996000.0,935900.0,956400.0,1459183
20230315 20:00,952600.0,965000.0,916200.0,961500.0,1302187
20230316 20:00,973900.0,977099.0,935200.0,943900.0,1162416
20230319 20:00,924800.0,969000.0,919000.0,963600.0,885156
20230320 20:00,971300.0,1000900.0,971300.0,997099.0,836293
20230321 20:00,998900.0,1011000.0,980000.0,982900.0,759599
20230322 20:00,982800.0,997400.0,955000.0,963700.0,907954
20230323 20:00,954100.0,959000.0,932700.0,958300.0,1106838
20230326 20:00,968800.0,985000.0,956200.0,975200.0,741460
20230327 20:00,974800.0,986900.0,964500.0,984900.0,455893
20230328 20:00,989500.0,1003000.0,986800.0,997400.0,844977
20230329 20:00,1005200.0,1009500.0,988700.0,995800.0,656198
20230330 20:00,996600.0,1002000.0,989400.0,992000.0,855436
20230402 20:00,1025400.0,1091350.0,1025400.0,1086000.0,1461891
20230403 20:00,1090000.0,1097100.0,1051200.0,1065000.0,564158
20230404 20:00,1075000.0,1081600.0,1059200.0,1077500.0,572534
20230405 20:00,1077500.0,1078500.0,1058900.0,1062600.0,797471
20230409 20:00,1069600.0,1080300.0,1056100.0,1061700.0,432698
20230410 20:00,1060000.0,1073300.0,1052900.0,1069500.0,577301
20230411 20:00,1068100.0,1090600.0,1068100.0,1075300.0,1289200
20230412 20:00,1081400.0,1098950.0,1073600.0,1089500.0,924998
20230413 20:00,1090400.0,1100200.0,1081300.0,1089400.0,606277
20230416 20:00,1087500.0,1087500.0,1055700.0,1055800.0,698388
20230417 20:00,1054000.0,1065000.0,1041000.0,1051000.0,795970
20230418 20:00,1040000.0,1058100.0,1035000.0,1052600.0,602173
20230419 20:00,1043600.0,1043700.0,1021200.0,1037400.0,539799
20230420 20:00,1038000.0,1042700.0,1016400.0,1020800.0,540896
20230423 20:00,1018700.0,1039400.0,1016700.0,1036500.0,728778
20230424 20:00,1033300.0,1033300.0,1004800.0,1023100.0,607840
20230425 20:00,1020900.0,1022099.0,996500.0,1005000.0,473793
20230426 20:00,1009900.0,1019300.0,998100.0,1015000.0,516047
20230427 20:00,1010100.0,1037300.0,1003500.0,1029200.0,667276
20230430 20:00,1016700.0,1030100.0,1011400.0,1025200.0,468847
20230501 20:00,1020000.0,1020000.0,974800.0,986000.0,1129506
20230502 20:00,978700.0,978700.0,945000.0,956800.0,1169167
20230503 20:00,960900.0,985200.0,950000.0,978500.0,761896
20230504 20:00,990000.0,1016000.0,989400.0,1000300.0,865705
20230507 20:00,1017000.0,1027500.0,1006200.0,1010000.0,545476
20230508 20:00,1005000.0,1026200.0,999500.0,1015300.0,518066
20230509 20:00,1017700.0,1026700.0,995600.0,1007500.0,660350
20230510 20:00,1003300.0,1003300.0,985500.0,998900.0,641825
20230511 20:00,1005300.0,1009500.0,987000.0,994200.0,543991
20230514 20:00,994500.0,1013000.0,984700.0,1005600.0,587354
20230515 20:00,1000900.0,1005400.0,974200.0,980900.0,621298
20230516 20:00,985000.0,1014500.0,985000.0,1007200.0,518642
20230517 20:00,1014100.0,1014100.0,992500.0,1006100.0,647565
20230518 20:00,1015300.0,1035900.0,1015000.0,1025699.0,489730
20230521 20:00,1027000.0,1049100.0,1017500.0,1036700.0,636638
20230522 20:00,1049500.0,1055700.0,1040000.0,1048100.0,677850
20230523 20:00,1053300.0,1056500.0,1034700.0,1039900.0,549216
20230524 20:00,1034200.0,1034200.0,1005300.0,1016800.0,491413
20230525 20:00,1020400.0,1028600.0,1008900.0,1018500.0,547005
20230529 20:00,1014000.0,1015500.0,1000000.0,1012600.0,625130
20230530 20:00,1009000.0,1009900.0,986000.0,993000.0,929050
20230531 20:00,993000.0,1009800.0,983800.0,996600.0,757270
20230601 20:00,1001800.0,1029300.0,1001800.0,1020699.0,664038
20230604 20:00,1039800.0,1044700.0,1009700.0,1019400.0,553616
20230605 20:00,1001400.0,1027400.0,1001400.0,1013000.0,412711
20230606 20:00,1024500.0,1054800.0,1020300.0,1042099.0,650576
20230607 20:00,1051800.0,1055700.0,1025900.0,1045500.0,586211
20230608 20:00,1045400.0,1054400.0,1032800.0,1032800.0,497962
20230611 20:00,1030800.0,1041450.0,1014300.0,1029000.0,719431
20230612 20:00,1032800.0,1054700.0,1032300.0,1038500.0,502069
20230613 20:00,1049400.0,1050000.0,1020450.0,1026700.0,634049
20230614 20:00,1030300.0,1053000.0,1025500.0,1041500.0,551678
20230615 20:00,1042500.0,1054800.0,1037800.0,1050100.0,667448
20230619 20:00,1055400.0,1055600.0,1010200.0,1020000.0,888231
20230620 20:00,1025500.0,1044200.0,1018000.0,1039500.0,808703
20230621 20:00,1022900.0,1028900.0,1011100.0,1017300.0,618462
20230622 20:00,1010100.0,1010100.0,996400.0,1006100.0,798667
20230625 20:00,999200.0,1018600.0,998100.0,1013300.0,396995
20230626 20:00,1004100.0,1016100.0,1003000.0,1007900.0,402447
20230627 20:00,1008800.0,1027200.0,999800.0,1025100.0,631120
20230628 20:00,1034000.0,1034000.0,1018100.0,1032400.0,533170
20230629 20:00,1032000.0,1043900.0,1025800.0,1031800.0,649073
20230702 20:00,1039599.0,1049800.0,1036500.0,1042300.0,283852
20230704 20:00,1048300.0,1050000.0,1031400.0,1040200.0,520204
20230705 20:00,1031400.0,1036400.0,993500.0,1003400.0,776280
20230706 20:00,1005200.0,1046100.0,1001000.0,1034500.0,905398
20230709 20:00,1036900.0,1044700.0,1027600.0,1044700.0,757511
20230710 20:00,1041100.0,1076100.0,1041100.0,1072500.0,732755
20230711 20:00,1080000.0,1095700.0,1065000.0,1093100.0,727277
20230712 20:00,1095600.0,1117700.0,1091500.0,1100200.0,826575
20230713 20:00,1091900.0,1101800.0,1064500.0,1077700.0,609370
20230716 20:00,1073900.0,1076300.0,1061800.0,1065000.0,472038
20230717 20:00,1068500.0,1095000.0,1064300.0,1084700.0,444552
20230718 20:00,1087500.0,1106900.0,1087400.0,1096000.0,705454
20230719 20:00,1096000.0,1117800.0,1096000.0,1116800.0,649742
20230720 20:00,1121000.0,1132000.0,1118500.0,1126200.0,742272
20230723 20:00,1133700.0,1157000.0,1128100.0,1145300.0,405390
20230724 20:00,1139900.0,1165200.0,1139100.0,1157800.0,320800
20230725 20:00,1155000.0,1171200.0,1152000.0,1168100.0,538332
20230726 20:00,1168300.0,1178900.0,1153700.0,1158500.0,443613
20230727 20:00,1157800.0,1163000.0,1146800.0,1159300.0,283878
20230730 20:00,1168200.0,1182400.0,1167400.0,1177200.0,501118
20230731 20:00,1177000.0,1178300.0,1161900.0,1167500.0,375766
20230801 20:00,1169400.0,1175200.0,1149100.0,1155800.0,571430
20230802 20:00,1145900.0,1172800.0,1129600.0,1149900.0,925227
20230803 20:00,1159600.0,1166800.0,1136000.0,1138000.0,860978
20230806 20:00,1141700.0,1145800.0,1133000.0,1144600.0,374752
20230807 20:00,1138200.0,1158900.0,1113000.0,1158900.0,533060
20230808 20:00,1166000.0,1188400.0,1160400.0,1172800.0,805604
20230809 20:00,1174700.0,1175900.0,1151800.0,1158700.0,413716
20230810 20:00,1158500.0,1180600.0,1154900.0,1178100.0,554694
20230813 20:00,1182700.0,1182700.0,1163800.0,1176900.0,492196
20230814 20:00,1163800.0,1171500.0,1149700.0,1154500.0,504715
20230815 20:00,1155500.0,1169200.0,1143400.0,1145000.0,474737
20230816 20:00,1155700.0,1178700.0,1154700.0,1164500.0,459698
20230817 20:00,1165000.0,1180200.0,1156500.0,1172900.0,499792
20230820 20:00,1182100.0,1190400.0,1165200.0,1170000.0,342646
20230821 20:00,1178400.0,1178400.0,1160800.0,1161500.0,327941
20230822 20:00,1157000.0,1163300.0,1139300.0,1157500.0,390252
20230823 20:00,1154100.0,1163950.0,1147100.0,1147100.0,436883
20230824 20:00,1155100.0,1171000.0,1147500.0,1167400.0,444679
20230827 20:00,1174300.0,1183900.0,1164000.0,1175200.0,512401
20230828 20:00,1182300.0,1184300.0,1165800.0,1179700.0,382310
20230829 20:00,1182600.0,1189400.0,1180500.0,1187100.0,320750
20230830 20:00,1194000.0,1197000.0,1181400.0,1190000.0,373033
20230831 20:00,1196300.0,1225000.0,1196300.0,1222900.0,804298
20230904 20:00,1220000.0,1249800.0,1218000.0,1229900.0,862301
20230905 20:00,1221200.0,1234300.0,1219500.0,1230600.0,701652
20230906 20:00,1234000.0,1236750.0,1211100.0,1211100.0,413151
20230907 20:00,1215000.0,1240100.0,1215000.0,1227200.0,475224
20230910 20:00,1227000.0,1238500.0,1198400.0,1206800.0,553398
20230911 20:00,1218900.0,1234400.0,1213000.0,1225300.0,648652
20230912 20:00,1230800.0,1237200.0,1214700.0,1223100.0,431554
20230913 20:00,1239200.0,1249600.0,1223000.0,1249600.0,495354
20230914 20:00,1249500.0,1259900.0,1231400.0,1235900.0,797812
20230917 20:00,1235700.0,1257300.0,1235700.0,1244600.0,553402
20230918 20:00,1250500.0,1260300.0,1221800.0,1231000.0,479206
20230919 20:00,1217900.0,1238100.0,1210600.0,1211000.0,382218
20230920 20:00,1203500.0,1221600.0,1187600.0,1190600.0,529220
20230921 20:00,1201500.0,1211800.0,1190300.0,1191600.0,396391
20230924 20:00,1190700.0,1212700.0,1188000.0,1210300.0,336751
20230925 20:00,1200100.0,1214400.0,1193350.0,1208500.0,553278
20230926 20:00,1203900.0,1239200.0,1201000.0,1232400.0,571581
20230927 20:00,1233000.0,1243000.0,1221800.0,1228400.0,552995
20230928 20:00,1229900.0,1234400.0,1196500.0,1197500.0,626107
20231001 20:00,1212800.0,1212800.0,1159600.0,1167500.0,622253
20231002 20:00,1166500.0,1176900.0,1160500.0,1172000.0,666041
20231003 20:00,1170500.0,1170500.0,1116700.0,1132800.0,897485
20231004 20:00,1129900.0,1145600.0,1117300.0,1134500.0,511101
20231005 20:00,1139000.0,1165700.0,1122100.0,1153300.0,561235
20231008 20:00,1174900.0,1221600.0,1174900.0,1219900.0,704002
20231009 20:00,1218500.0,1222300.0,1201950.0,1203900.0,634067
20231010 20:00,1209500.0,1209500.0,1180300.0,1196000.0,786208
20231011 20:00,1212000.0,1217600.0,1204500.0,1211100.0,585219
20231012 20:00,1226500.0,1259700.0,1226500.0,1248700.0,857544
20231015 20:00,1250000.0,1261100.0,1241800.0,1253100.0,412747
20231016 20:00,1250200.0,1264200.0,1249400.0,1255200.0,596986
20231017 20:00,1262300.0,1273500.0,1254000.0,1265900.0,711424
20231018 20:00,1250000.0,1273500.0,1245900.0,1262500.0,632300
20231019 20:00,1271400.0,1271400.0,1238600.0,1242000.0,651805
20231022 20:00,1236600.0,1240900.0,1206400.0,1217600.0,819477
20231023 20:00,1210000.0,1220000.0,1199000.0,1199600.0,642922
20231024 20:00,1202500.0,1209300.0,1187700.0,1204100.0,786801
20231025 20:00,1192600.0,1192600.0,1172300.0,1183600.0,862546
20231026 20:00,1191400.0,1191400.0,1164300.0,1179500.0,708711
20231029 20:00,1173700.0,1185200.0,1165100.0,1176500.0,819980
20231030 20:00,1180100.0,1189900.0,1164900.0,1188100.0,625161
20231031 20:00,1198500.0,1198500.0,1160200.0,1166700.0,1205263
20231101 20:00,1167500.0,1232500.0,1167500.0,1220000.0,1347391
20231102 20:00,1228400.0,1232900.0,1193500.0,1197400.0,786767
20231105 19:00,1200200.0,1208600.0,1181900.0,1185700.0,532106
20231106 19:00,1179600.0,1179600.0,1143200.0,1150000.0,810250
20231107 19:00,1156900.0,1156900.0,1139700.0,1144500.0,821116
20231108 19:00,1165700.0,1165700.0,1140500.0,1141500.0,625363
20231109 19:00,1155800.0,1162000.0,1146000.0,1156800.0,624815
20231112 19:00,1147500.0,1159100.0,1147500.0,1153600.0,360042
20231113 19:00,1151500.0,1168200.0,1150100.0,1155800.0,770538
20231114 19:00,1155400.0,1166600.0,1148800.0,1150300.0,563494
20231115 19:00,1149900.0,1150000.0,1099900.0,1120000.0,1069790
20231116 19:00,1131700.0,1155200.0,1122000.0,1145900.0,618365
20231119 19:00,1160200.0,1165700.0,1146000.0,1153600.0,434141
20231120 19:00,1152000.0,1156400.0,1145600.0,1151700.0,451606
20231121 19:00,1151700.0,1151700.0,1111600.0,1148200.0,582342
20231123 19:00,1145000.0,1165700.0,1145000.0,1157900.0,219805
20231126 19:00,1147400.0,1151300.0,1133700.0,1147800.0,651490
20231127 19:00,1148000.0,1159700.0,1141400.0,1149500.0,407387
20231128 19:00,1154900.0,1154900.0,1133200.0,1139600.0,852033
20231129 19:00,1148800.0,1167000.0,1136400.0,1151000.0,735063
20231130 19:00,1154100.0,1170400.0,1148300.0,1152300.0,631393
20231203 19:00,1158000.0,1159100.0,1138900.0,1144200.0,538411
20231204 19:00,1146000.0,1149100.0,1130500.0,1131500.0,624017
20231205 19:00,1131900.0,1134600.0,1097500.0,1105200.0,1069400
20231206 19:00,1112300.0,1118900.0,1097100.0,1104900.0,844516
20231207 19:00,1119500.0,1121900.0,1110700.0,1120100.0,537801
20231210 19:00,1120900.0,1126300.0,1115300.0,1120200.0,912735
20231211 19:00,1121100.0,1121100.0,1097300.0,1112000.0,925158
20231212 19:00,1106600.0,1123300.0,1106600.0,1118500.0,733912
20231213 19:00,1128800.0,1163500.0,1123300.0,1149600.0,1281406
20231214 19:00,1156600.0,1157400.0,1136300.0,1145300.0,1124178
20231217 19:00,1145600.0,1172700.0,1145600.0,1149000.0,640613
20231218 19:00,1154600.0,1168900.0,1142600.0,1168900.0,641861
20231219 19:00,1170700.0,1189400.0,1163800.0,1167000.0,846043
20231220 19:00,1167100.0,1168800.0,1152800.0,1168800.0,514208
20231221 19:00,1172500.0,1186100.0,1172500.0,1175000.0,593704
20231225 19:00,1187500.0,1194300.0,1176000.0,1190200.0,282675
20231226 19:00,1190200.0,1199500.0,1180900.0,1184900.0,323993
20231227 19:00,1183900.0,1183900.0,1164400.0,1165000.0,442549
20231228 19:00,1168500.0,1175500.0,1158200.0,1160000.0,363517
