20190101 19:00,1281200.0,1289000.0,1262800.0,1269800.0,703919
20190102 19:00,1267100.0,1282700.0,1253700.0,1257300.0,924601
20190103 19:00,1264300.0,1286399.0,1264300.0,1279000.0,983137
20190106 19:00,1285300.0,1288500.0,1268000.0,1269000.0,849906
20190107 19:00,1279800.0,1304900.0,1276200.0,1296300.0,957135
20190108 19:00,1310100.0,1310100.0,1283400.0,1284199.0,795875
20190109 19:00,1289000.0,1299400.0,1278000.0,1292100.0,510033
20190110 19:00,1300900.0,1300900.0,1283200.0,1296500.0,538385
20190113 19:00,1292400.0,1294700.0,1275900.0,1280300.0,531142
20190114 19:00,1284199.0,1294900.0,1276600.0,1294600.0,555174
20190115 19:00,1296800.0,1296800.0,1279000.0,1281800.0,633926
20190116 19:00,1281100.0,1295200.0,1275200.0,1291500.0,625540
20190117 19:00,1294199.0,1311900.0,1290000.0,1310000.0,837386
20190121 19:00,1304000.0,1324100.0,1270400.0,1290000.0,1249780
20190122 19:00,1293500.0,1294300.0,1279300.0,1285300.0,850078
20190123 19:00,1286500.0,1292300.0,1250000.0,1267400.0,1597312
20190124 19:00,1279000.0,1284500.0,1271700.0,1282000.0,1045975
20190127 19:00,1279600.0,1291600.0,1273000.0,1289900.0,997748
20190128 19:00,1292300.0,1305900.0,1283899.0,1304000.0,766368
20190129 19:00,1310000.0,1321800.0,1303200.0,1316399.0,1081109
20190130 19:00,1319000.0,1351800.0,1308800.0,1334300.0,1609324
20190131 19:00,1342800.0,1346900.0,1334800.0,1341900.0,1437854
20190203 19:00,1345000.0,1345000.0,1322100.0,1328800.0,983344
20190204 19:00,1331100.0,1338700.0,1327500.0,1327500.0,997252
20190205 19:00,1323100.0,1335650.0,1323100.0,1330100.0,543761
20190206 19:00,1324500.0,1327100.0,1315300.0,1320600.0,814726
20190207 19:00,1320000.0,1324000.0,1315500.0,1324000.0,539830
20190210 19:00,1330000.0,1330000.0,1312700.0,1319700.0,566575
20190211 19:00,1321200.0,1342900.0,1320200.0,1341500.0,639680
20190212 19:00,1345100.0,1349800.0,1332200.0,1345000.0,925782
20190213 19:00,1346500.0,1348100.0,1333500.0,1342900.0,489969
20190214 19:00,1345200.0,1368700.0,1345200.0,1365900.0,586878
20190218 19:00,1368300.0,1368300.0,1355500.0,1355500.0,797062
20190219 19:00,1362900.0,1367300.0,1355500.0,1363500.0,558868
20190220 19:00,1350000.0,1357000.0,1330000.0,1351900.0,1016002
20190221 19:00,1350800.0,1366399.0,1344700.0,1366000.0,644189
20190224 19:00,1361000.0,1374800.0,1358000.0,1362800.0,704444
20190225 19:00,1361500.0,1369500.0,1358400.0,1358400.0,591571
20190226 19:00,1360000.0,1364900.0,1353899.0,1360000.0,545540
20190227 19:00,1364100.0,1380300.0,1359100.0,1363300.0,964632
20190228 19:00,1372800.0,1386100.0,1370000.0,1383100.0,839146
20190303 19:00,1390000.0,1393200.0,1375100.0,1388800.0,1563628
20190304 19:00,1387800.0,1392000.0,1383600.0,1387000.0,1289269
20190305 19:00,1389700.0,1397000.0,1385700.0,1388000.0,927236
20190306 19:00,1393200.0,1396399.0,1377200.0,1386900.0,799839
20190307 19:00,1380000.0,1393000.0,1364300.0,1383400.0,963470
20190310 20:00,1384700.0,1392900.0,1375100.0,1385400.0,689456
20190311 20:00,1388200.0,1400000.0,1379000.0,1393100.0,854299
20190312 20:00,1390000.0,1398300.0,1363899.0,1364000.0,659596
20190313 20:00,1370000.0,1387900.0,1368400.0,1372600.0,1064391
20190314 20:00,1384000.0,1384000.0,1368500.0,1372400.0,1062849
20190317 20:00,1379300.0,1379300.0,1367200.0,1372000.0,842661
20190318 20:00,1371699.0,1388200.0,1368899.0,1383899.0,639091
20190319 20:00,1382000.0,1385000.0,1366699.0,1375100.0,670188
20190320 20:00,1367000.0,1387900.0,1366100.0,1380000.0,632763
20190321 20:00,1380000.0,1383700.0,1367000.0,1369900.0,1271031
20190324 20:00,1367200.0,1370100.0,1357600.0,1366200.0,745468
20190325 20:00,1366800.0,1392700.0,1365900.0,1385800.0,737309
20190326 20:00,1385900.0,1394800.0,1380800.0,1387000.0,1300159
20190327 20:00,1388000.0,1394500.0,1387100.0,1388800.0,746409
20190328 20:00,1391000.0,1399900.0,1388800.0,1399900.0,788841
20190331 20:00,1403700.0,1403700.0,1387350.0,1389300.0,765913
20190401 20:00,1386300.0,1390000.0,1369199.0,1376699.0,714256
20190402 20:00,1380600.0,1382400.0,1368700.0,1373000.0,611266
20190403 20:00,1369000.0,1372000.0,1351399.0,1354199.0,652604
20190404 20:00,1358000.0,1365800.0,1357300.0,1364500.0,382140
20190407 20:00,1364000.0,1365500.0,1357100.0,1361000.0,531565
20190408 20:00,1361699.0,1362600.0,1345700.0,1358300.0,600812
20190409 20:00,1358600.0,1361300.0,1353300.0,1355900.0,465200
20190410 20:00,1358899.0,1361900.0,1344250.0,1350000.0,440743
20190411 20:00,1355000.0,1363500.0,1347700.0,1359400.0,629626
20190414 20:00,1358000.0,1367900.0,1358000.0,1361600.0,517380
20190415 20:00,1367500.0,1406800.0,1367500.0,1380000.0,1224762
20190416 20:00,1385600.0,1401450.0,1376900.0,1385100.0,1359241
20190417 20:00,1388500.0,1402400.0,1357700.0,1375000.0,1356997
20190421 20:00,1382100.0,1384900.0,1364700.0,1382500.0,459337
20190422 20:00,1382700.0,1408500.0,1373200.0,1397100.0,503415
20190423 20:00,1394800.0,1401399.0,1385000.0,1385000.0,569892
20190424 20:00,1386100.0,1398800.0,1379900.0,1398800.0,450271
20190425 20:00,1395500.0,1405000.0,1393200.0,1400200.0,452429
20190428 20:00,1403000.0,1404300.0,1394000.0,1394000.0,505085
20190429 20:00,1396000.0,1414500.0,1389700.0,1411500.0,567295
20190430 20:00,1414700.0,1423500.0,1397800.0,1416000.0,906047
20190501 20:00,1417300.0,1420900.0,1401200.0,1413700.0,1574200
20190502 20:00,1416000.0,1420900.0,1410900.0,1419500.0,640031
20190505 20:00,1406699.0,1422400.0,1399300.0,1412100.0,582296
20190506 20:00,1410000.0,1413500.0,1390700.0,1402000.0,1168483
20190507 20:00,1395600.0,1409199.0,1395600.0,1396300.0,553440
20190508 20:00,1387800.0,1392800.0,1376500.0,1386900.0,787358
20190509 20:00,1384900.0,1394800.0,1364199.0,1394800.0,570424
20190512 20:00,1381100.0,1384800.0,1365300.0,1368100.0,658111
20190513 20:00,1375000.0,1378500.0,1367400.0,1368000.0,649065
20190514 20:00,1369000.0,1374900.0,1353500.0,1370000.0,753784
20190515 20:00,1371300.0,1391800.0,1369900.0,1385800.0,908737
20190516 20:00,1380800.0,1390200.0,1368600.0,1386699.0,955354
20190519 20:00,1390000.0,1390000.0,1376900.0,1384000.0,583674
20190520 20:00,1390700.0,1395700.0,1379000.0,1379000.0,645061
20190521 20:00,1379900.0,1389500.0,1374900.0,1386000.0,524379
20190522 20:00,1384400.0,1399900.0,1376699.0,1397800.0,1123805
20190523 20:00,1392900.0,1395000.0,1385600.0,1386000.0,803058
20190527 20:00,1396100.0,1404900.0,1370000.0,1370200.0,767432
20190528 20:00,1367100.0,1367500.0,1285200.0,1317000.0,3912619
20190529 20:00,1316000.0,1328100.0,1309700.0,1318200.0,1198301
20190530 20:00,1315200.0,1320100.0,1296200.0,1313400.0,964783
20190602 20:00,1311000.0,1323899.0,1306100.0,1319000.0,1321753
20190603 20:00,1324900.0,1343000.0,1324300.0,1341699.0,871386
20190604 20:00,1344300.0,1351399.0,1338700.0,1348899.0,794278
20190605 20:00,1349600.0,1376600.0,1345300.0,1362200.0,916574
20190606 20:00,1370900.0,1395900.0,1366300.0,1382700.0,900084
20190609 20:00,1386100.0,1392800.0,1376000.0,1392800.0,890681
20190610 20:00,1398000.0,1406699.0,1393800.0,1396000.0,1203143
20190611 20:00,1397700.0,1429000.0,1397700.0,1414400.0,1351010
20190612 20:00,1420000.0,1420000.0,1402100.0,1406900.0,1559475
20190613 20:00,1409300.0,1414300.0,1400400.0,1401200.0,1038791
20190616 20:00,1404000.0,1404000.0,1392100.0,1395800.0,694690
20190617 20:00,1399800.0,1409199.0,1396399.0,1396399.0,1016534
20190618 20:00,1400000.0,1409700.0,1400000.0,1404800.0,780260
20190619 20:00,1409900.0,1423899.0,1409000.0,1419700.0,1135092
20190620 20:00,1417600.0,1424900.0,1410100.0,1424900.0,1074908
20190623 20:00,1425800.0,1437000.0,1420600.0,1430400.0,953545
20190624 20:00,1427700.0,1449800.0,1427700.0,1440600.0,1283216
20190625 20:00,1445800.0,1447400.0,1407800.0,1418400.0,1001885
20190626 20:00,1422300.0,1424500.0,1406100.0,1409900.0,594203
20190627 20:00,1406900.0,1418800.0,1385000.0,1392800.0,1055366
20190630 20:00,1402800.0,1402800.0,1387200.0,1391800.0,714766
20190701 20:00,1393600.0,1402000.0,1386800.0,1402000.0,782014
20190702 20:00,1406300.0,1422200.0,1402600.0,1420000.0,509412
20190704 20:00,1416500.0,1418300.0,1403700.0,1407700.0,505074
20190707 20:00,1402900.0,1412700.0,1396300.0,1409000.0,596342
20190708 20:00,1409700.0,1424700.0,1408200.0,1412800.0,670369
20190709 20:00,1413500.0,1419900.0,1406800.0,1412000.0,638354
20190710 20:00,1418000.0,1418500.0,1390200.0,1398700.0,815587
20190711 20:00,1407700.0,1407700.0,1323200.0,1346900.0,2340091
20190714 20:00,1348700.0,1362800.0,1343400.0,1350800.0,1123169
20190715 20:00,1354000.0,1360000.0,1317700.0,1325300.0,1557560
20190716 20:00,1329800.0,1336000.0,1314100.0,1317700.0,1163463
20190717 20:00,1318600.0,1325100.0,1311699.0,1320700.0,878364
20190718 20:00,1325000.0,1325500.0,1300500.0,1303000.0,1080548
20190721 20:00,1305000.0,1309000.0,1278400.0,1284199.0,1978518
20190722 20:00,1291500.0,1294100.0,1281500.0,1292300.0,955612
20190723 20:00,1289500.0,1300500.0,1285800.0,1297800.0,726664
20190724 20:00,1300000.0,1315200.0,1296100.0,1311800.0,1281289
20190725 20:00,1316000.0,1320000.0,1305000.0,1308899.0,615816
20190728 20:00,1312500.0,1333100.0,1302100.0,1326000.0,880977
20190729 20:00,1330000.0,1330300.0,1312900.0,1320600.0,706876
20190730 20:00,1323000.0,1325100.0,1300000.0,1301000.0,1138129
20190731 20:00,1302200.0,1308000.0,1290500.0,1299800.0,893516
20190801 20:00,1299900.0,1316900.0,1297800.0,1314900.0,931726
20190804 20:00,1303600.0,1314400.0,1285000.0,1291000.0,1561275
20190805 20:00,1306200.0,1312200.0,1295800.0,1303500.0,938051
20190806 20:00,1309800.0,1311500.0,1282000.0,1302000.0,863587
20190807 20:00,1302500.0,1319400.0,1302500.0,1314000.0,544815
20190808 20:00,1316500.0,1327500.0,1311900.0,1321600.0,591705
20190811 20:00,1321600.0,1327000.0,1313000.0,1321800.0,793417
20190812 20:00,1319600.0,1341000.0,1317900.0,1339500.0,622251
20190813 20:00,1333600.0,1333600.0,1301100.0,1301100.0,1414387
20190814 20:00,1300000.0,1310650.0,1292500.0,1300000.0,775165
20190815 20:00,1306699.0,1316699.0,1305400.0,1313500.0,628064
20190818 20:00,1321000.0,1325700.0,1318200.0,1318800.0,424486
20190819 20:00,1322500.0,1326000.0,1304600.0,1307500.0,718585
20190820 20:00,1312800.0,1324100.0,1308700.0,1319800.0,531174
20190821 20:00,1320000.0,1321200.0,1308100.0,1314800.0,630822
20190822 20:00,1310100.0,1312700.0,1271400.0,1275800.0,2208971
20190825 20:00,1269000.0,1348000.0,1249600.0,1306000.0,1217208
20190826 20:00,1305000.0,1323899.0,1288000.0,1295400.0,1387436
20190827 20:00,1293500.0,1293500.0,1270000.0,1280500.0,1047974
20190828 20:00,1291699.0,1292800.0,1268300.0,1283800.0,609132
20190829 20:00,1283100.0,1290550.0,1276300.0,1283899.0,593646
20190902 20:00,1279900.0,1289800.0,1275000.0,1286399.0,580605
20190903 20:00,1290600.0,1295700.0,1280800.0,1288500.0,633353
20190904 20:00,1294600.0,1298200.0,1283300.0,1286000.0,536800
20190905 20:00,1285800.0,1292300.0,1280000.0,1285000.0,817054
20190908 20:00,1286000.0,1286000.0,1265900.0,1269000.0,911543
20190909 20:00,1267900.0,1295000.0,1254000.0,1294000.0,937713
20190910 20:00,1297000.0,1316900.0,1290900.0,1316900.0,602192
20190911 20:00,1310000.0,1317500.0,1300800.0,1305800.0,614348
20190912 20:00,1310000.0,1315700.0,1299700.0,1307800.0,445392
20190915 20:00,1300000.0,1307600.0,1293300.0,1302600.0,391412
20190916 20:00,1296699.0,1304900.0,1291100.0,1296699.0,442638
20190917 20:00,1296800.0,1305500.0,1287900.0,1304199.0,377609
20190918 20:00,1304100.0,1311900.0,1291800.0,1300400.0,339356
20190919 20:00,1299199.0,1320000.0,1299199.0,1315800.0,640736
20190922 20:00,1313000.0,1320500.0,1304900.0,1320500.0,500349
20190923 20:00,1320600.0,1327800.0,1313000.0,1313000.0,639869
20190924 20:00,1311100.0,1315800.0,1302700.0,1310100.0,511040
20190925 20:00,1315500.0,1315500.0,1280500.0,1288400.0,526802
20190926 20:00,1289800.0,1294100.0,1267000.0,1285600.0,601255
20190929 20:00,1290000.0,1302700.0,1289400.0,1296500.0,456471
20190930 20:00,1298500.0,1307800.0,1295900.0,1303300.0,568748
20191001 20:00,1299500.0,1346600.0,1295500.0,1315500.0,1623970
20191002 20:00,1315200.0,1326000.0,1300100.0,1315800.0,725597
20191003 20:00,1313100.0,1337200.0,1311000.0,1336600.0,669146
20191006 20:00,1337500.0,1338899.0,1321550.0,1334600.0,530470
20191007 20:00,1328500.0,1332500.0,1291800.0,1294800.0,766341
20191008 20:00,1299199.0,1314100.0,1282700.0,1288899.0,862172
20191009 20:00,1289500.0,1301150.0,1283000.0,1290200.0,520705
20191010 20:00,1303400.0,1326200.0,1303400.0,1312700.0,865294
20191013 20:00,1313800.0,1315500.0,1302300.0,1307500.0,552068
20191014 20:00,1308800.0,1342000.0,1308800.0,1336000.0,861359
20191015 20:00,1344000.0,1365900.0,1338200.0,1351500.0,872900
20191016 20:00,1358700.0,1374850.0,1357600.0,1363700.0,702460
20191017 20:00,1368400.0,1368400.0,1276800.0,1276800.0,2390824
20191020 20:00,1280100.0,1296800.0,1270600.0,1275000.0,1182273
20191021 20:00,1281500.0,1305400.0,1280900.0,1289400.0,632421
20191022 20:00,1295500.0,1304800.0,1290800.0,1300000.0,424696
20191023 20:00,1301300.0,1305700.0,1261200.0,1273500.0,1066204
20191024 20:00,1279000.0,1291000.0,1273100.0,1280900.0,606471
20191027 20:00,1284100.0,1299900.0,1284100.0,1291000.0,565616
20191028 20:00,1294000.0,1348899.0,1285600.0,1334000.0,843502
20191029 20:00,1329700.0,1334000.0,1317350.0,1328000.0,1021735
20191030 20:00,1333000.0,1334000.0,1309100.0,1318500.0,572477
20191031 20:00,1328000.0,1332500.0,1311000.0,1312500.0,494817
20191103 19:00,1319000.0,1319400.0,1300900.0,1301500.0,557621
20191104 19:00,1304000.0,1314700.0,1296800.0,1304600.0,573350
20191105 19:00,1306100.0,1314900.0,1297000.0,1308300.0,406430
20191106 19:00,1313300.0,1325800.0,1310100.0,1315000.0,480432
20191107 19:00,1313300.0,1332700.0,1309800.0,1332000.0,477317
20191110 19:00,1329000.0,1333400.0,1313300.0,1320500.0,380465
20191111 19:00,1320700.0,1322500.0,1310300.0,1311200.0,458420
20191112 19:00,1314000.0,1315000.0,1307300.0,1310300.0,424321
20191113 19:00,1312700.0,1313600.0,1301399.0,1310000.0,424906
20191114 19:00,1313000.0,1349700.0,1307900.0,1348899.0,1039786
20191117 19:00,1346000.0,1356900.0,1326600.0,1345200.0,729644
20191118 19:00,1350000.0,1351500.0,1342200.0,1349000.0,438721
20191119 19:00,1348500.0,1363300.0,1340700.0,1356200.0,664423
20191120 19:00,1357700.0,1368500.0,1350000.0,1366399.0,510851
20191121 19:00,1367500.0,1386250.0,1365100.0,1380000.0,682959
20191124 19:00,1376000.0,1376399.0,1362500.0,1371900.0,447694
20191125 19:00,1371800.0,1374000.0,1351500.0,1368600.0,624460
20191126 19:00,1371699.0,1382500.0,1363899.0,1377500.0,380709
20191128 19:00,1378300.0,1382500.0,1369400.0,1372200.0,273373
20191201 19:00,1380000.0,1380000.0,1368500.0,1372100.0,337745
20191202 19:00,1370000.0,1386699.0,1361699.0,1383300.0,427722
20191203 19:00,1384199.0,1397400.0,1380700.0,1393000.0,604329
20191204 19:00,1393100.0,1397500.0,1379500.0,1397500.0,541125
20191205 19:00,1395600.0,1415800.0,1391699.0,1401300.0,619573
20191208 19:00,1402200.0,1408000.0,1398899.0,1400000.0,274474
20191209 19:00,1402200.0,1409700.0,1397800.0,1397900.0,586615
20191210 19:00,1402200.0,1419800.0,1402200.0,1409000.0,615636
20191211 19:00,1412800.0,1420700.0,1407300.0,1417900.0,412532
20191212 19:00,1417300.0,1418000.0,1403100.0,1410000.0,357007
20191215 19:00,1410700.0,1428500.0,1410700.0,1419300.0,433174
20191216 19:00,1429000.0,1440400.0,1425400.0,1437000.0,791383
20191217 19:00,1437300.0,1439000.0,1427400.0,1430100.0,398381
20191218 19:00,1445000.0,1458700.0,1435600.0,1452500.0,757372
20191219 19:00,1453500.0,1477800.0,1447000.0,1460000.0,624549
20191222 19:00,1465000.0,1467600.0,1453700.0,1465000.0,392570
20191223 19:00,1456600.0,1461800.0,1452700.0,1461800.0,128939
20191225 19:00,1460000.0,1463000.0,1451600.0,1455500.0,269629
20191226 19:00,1463100.0,1465300.0,1455500.0,1457500.0,187863
20191229 19:00,1457700.0,1461900.0,1450600.0,1452000.0,201066
20191230 19:00,1452000.0,1460100.0,1447500.0,1458200.0,318742
20200101 19:00,1462500.0,1464900.0,1450500.0,1450600.0,529700
20200102 19:00,1453200.0,1453700.0,1430000.0,1441699.0,438951
20200105 19:00,1437400.0,1443600.0,1428500.0,1443600.0,500811
20200106 19:00,1438899.0,1454199.0,1413800.0,1449900.0,821725
20200107 19:00,1450000.0,1459800.0,1437300.0,1446800.0,481788
20200108 19:00,1454199.0,1460300.0,1449900.0,1451300.0,434973
20200109 19:00,1457100.0,1461800.0,1449000.0,1450600.0,286383
20200112 19:00,1456200.0,1457800.0,1447800.0,1456900.0,257694
20200113 19:00,1457000.0,1468200.0,1447400.0,1468200.0,500952
20200114 19:00,1467100.0,1474100.0,1463000.0,1474100.0,416315
20200115 19:00,1475000.0,1488400.0,1463700.0,1480000.0,735875
20200116 19:00,1486200.0,1494000.0,1479300.0,1490500.0,465196
20200120 19:00,1494000.0,1509000.0,1480800.0,1508200.0,856792
20200121 19:00,1506100.0,1512700.0,1460000.0,1483000.0,707975
20200122 19:00,1482500.0,1487600.0,1467800.0,1485000.0,415017
20200123 19:00,1488800.0,1489500.0,1479300.0,1485600.0,741110
20200126 19:00,1470100.0,1494500.0,1470100.0,1487000.0,660864
20200127 19:00,1486000.0,1505600.0,1482000.0,1494800.0,554343
20200128 19:00,1495000.0,1511600.0,1487900.0,1507600.0,492093
20200129 19:00,1505400.0,1509900.0,1490700.0,1503600.0,574444
20200130 19:00,1497000.0,1503400.0,1486399.0,1489100.0,897769
20200202 19:00,1490000.0,1504800.0,1488800.0,1494600.0,653766
20200203 19:00,1512000.0,1527400.0,1512000.0,1516000.0,575767
20200204 19:00,1526900.0,1543800.0,1513100.0,1543800.0,574877
20200205 19:00,1541000.0,1544600.0,1527600.0,1536500.0,472950
20200206 19:00,1535800.0,1535800.0,1515500.0,1518899.0,428474
20200209 19:00,1518899.0,1521800.0,1509100.0,1521800.0,353953
20200210 19:00,1519900.0,1533000.0,1515400.0,1525700.0,315906
20200211 19:00,1519900.0,1526200.0,1509199.0,1510900.0,372846
20200212 19:00,1505400.0,1510350.0,1498800.0,1504500.0,399952
20200213 19:00,1500900.0,1506500.0,1491399.0,1499000.0,421146
20200217 19:00,1501600.0,1507300.0,1490600.0,1494000.0,544724
20200218 19:00,1496000.0,1497800.0,1485850.0,1489500.0,411463
20200219 19:00,1489400.0,1494900.0,1474400.0,1483400.0,473252
20200220 19:00,1482000.0,1502300.0,1475500.0,1499000.0,634849
20200223 19:00,1462100.0,1489800.0,1452500.0,1459900.0,1061628
20200224 19:00,1453600.0,1467500.0,1438200.0,1450000.0,1200424
20200225 19:00,1444199.0,1461900.0,1429600.0,1436600.0,1016463
20200226 19:00,1428600.0,1447500.0,1381200.0,1381200.0,1440349
20200227 19:00,1353000.0,1378500.0,1309000.0,1376600.0,1451632
20200301 19:00,1354800.0,1401300.0,1329900.0,1398400.0,1144916
20200302 19:00,1406699.0,1414800.0,1331000.0,1350900.0,1481100
20200303 19:00,1376200.0,1436399.0,1367200.0,1430100.0,1051372
20200304 19:00,1432600.0,1442500.0,1397700.0,1420000.0,1108924
20200305 19:00,1402900.0,1430000.0,1374100.0,1413500.0,1343755
20200308 20:00,1350000.0,1399900.0,1330700.0,1399600.0,1359724
20200309 20:00,1406900.0,1420400.0,1342500.0,1395000.0,1272701
20200310 20:00,1397300.0,1397600.0,1314199.0,1319000.0,1699327
20200311 20:00,1282500.0,1338000.0,1239500.0,1245500.0,1861064
20200312 20:00,1300000.0,1348700.0,1246600.0,1327000.0,2021043
20200315 20:00,1284900.0,1337700.0,1220000.0,1290000.0,1982372
20200316 20:00,1310200.0,1367600.0,1261800.0,1320000.0,1777183
20200317 20:00,1312300.0,1380000.0,1287500.0,1377500.0,1940416
20200318 20:00,1356100.0,1356100.0,1258100.0,1267000.0,1741890
20200319 20:00,1300100.0,1311399.0,1181800.0,1200000.0,1494981
20200322 20:00,1186600.0,1225200.0,1091700.0,1135000.0,1901672
20200323 20:00,1153800.0,1214500.0,1138500.0,1180500.0,1649634
20200324 20:00,1219800.0,1239800.0,1169700.0,1194000.0,1490247
20200325 20:00,1186500.0,1271000.0,1182000.0,1267400.0,1175672
20200326 20:00,1260000.0,1276100.0,1205700.0,1230000.0,978883
20200329 20:00,1231600.0,1359700.0,1230000.0,1358300.0,2102609
20200330 20:00,1365000.0,1379000.0,1291000.0,1291000.0,1036234
20200331 20:00,1288000.0,1302200.0,1255000.0,1289300.0,1095781
20200401 20:00,1297400.0,1340000.0,1272200.0,1324700.0,992775
20200402 20:00,1330000.0,1347500.0,1315900.0,1341000.0,809069
20200405 20:00,1369000.0,1409600.0,1355400.0,1395400.0,1350258
20200406 20:00,1424900.0,1425100.0,1370000.0,1378500.0,1084207
20200407 20:00,1378500.0,1441100.0,1373600.0,1431500.0,1193191
20200408 20:00,1442900.0,1459900.0,1403000.0,1417400.0,1260499
20200412 20:00,1407800.0,1416900.0,1378400.0,1409100.0,725067
20200413 20:00,1428800.0,1478500.0,1410000.0,1476000.0,1105203
20200414 20:00,1479600.0,1479700.0,1435400.0,1470600.0,948523
20200415 20:00,1479000.0,1530000.0,1464400.0,1506100.0,1299286
20200416 20:00,1518899.0,1535700.0,1495800.0,1516000.0,1004386
20200419 20:00,1520000.0,1529900.0,1499400.0,1519900.0,1106145
20200420 20:00,1509900.0,1516300.0,1485750.0,1498000.0,1046200
20200421 20:00,1514600.0,1550000.0,1514600.0,1524500.0,1405651
20200422 20:00,1524300.0,1570000.0,1520000.0,1553000.0,1144523
20200423 20:00,1540000.0,1563000.0,1536699.0,1548600.0,838119
20200426 20:00,1551500.0,1560400.0,1539700.0,1540300.0,699993
20200427 20:00,1534199.0,1548700.0,1507100.0,1518000.0,970098
20200428 20:00,1525000.0,1528000.0,1491699.0,1500300.0,1063230
20200429 20:00,1512800.0,1512800.0,1471800.0,1490800.0,1483273
20200430 20:00,1474000.0,1500000.0,1468000.0,1478500.0,814555
20200503 20:00,1470700.0,1490800.0,1470700.0,1481000.0,818004
20200504 20:00,1496500.0,1507700.0,1485000.0,1501000.0,822857
20200505 20:00,1495000.0,1508300.0,1479500.0,1479900.0,638088
20200506 20:00,1488000.0,1498500.0,1471300.0,1478200.0,565798
20200507 20:00,1484000.0,1494500.0,1478899.0,1492000.0,427875
20200510 20:00,1490000.0,1500700.0,1480100.0,1488800.0,501159
20200511 20:00,1493000.0,1502900.0,1460000.0,1467600.0,789839
20200512 20:00,1471399.0,1489500.0,1460100.0,1473899.0,945103
20200513 20:00,1476900.0,1482300.0,1442500.0,1473700.0,743157
20200514 20:00,1476300.0,1504900.0,1456699.0,1498700.0,1015164
20200517 20:00,1504500.0,1536200.0,1504500.0,1508000.0,649605
20200518 20:00,1505200.0,1511000.0,1481300.0,1487200.0,476652
20200519 20:00,1501000.0,1504000.0,1472800.0,1479199.0,532937
20200520 20:00,1476800.0,1489500.0,1458200.0,1469000.0,607434
20200521 20:00,1456699.0,1462800.0,1440600.0,1445500.0,607057
20200525 20:00,1464800.0,1470000.0,1443200.0,1449000.0,624894
20200526 20:00,1469500.0,1469500.0,1430200.0,1456200.0,717048
20200527 20:00,1454700.0,1481000.0,1454700.0,1472000.0,601103
20200528 20:00,1471399.0,1493300.0,1453300.0,1482100.0,632827
20200531 20:00,1474400.0,1486900.0,1460100.0,1469000.0,679526
20200601 20:00,1477600.0,1485400.0,1461200.0,1485400.0,778564
20200602 20:00,1483000.0,1491900.0,1464500.0,1490000.0,796108
20200603 20:00,1486500.0,1486500.0,1455800.0,1464800.0,728870
20200604 20:00,1472800.0,1496200.0,1466200.0,1473000.0,1260425
20200607 20:00,1475600.0,1482400.0,1458800.0,1463600.0,1238354
20200608 20:00,1460000.0,1493300.0,1450100.0,1461100.0,1028112
20200609 20:00,1468500.0,1500000.0,1464500.0,1478500.0,1470893
20200610 20:00,1469800.0,1491300.0,1407500.0,1424900.0,1831400
20200611 20:00,1435000.0,1446900.0,1402800.0,1422000.0,1395807
20200614 20:00,1411200.0,1429100.0,1394199.0,1418000.0,1186162
20200615 20:00,1430000.0,1454199.0,1423000.0,1450000.0,1153004
20200616 20:00,1449900.0,1454199.0,1430000.0,1430000.0,796535
20200617 20:00,1448600.0,1448899.0,1418700.0,1434199.0,690872
20200618 20:00,1434000.0,1462100.0,1430200.0,1437600.0,1163252
20200621 20:00,1446100.0,1446100.0,1420300.0,1439700.0,817517
20200622 20:00,1448500.0,1450000.0,1426800.0,1426900.0,863908
20200623 20:00,1428600.0,1428600.0,1387200.0,1398500.0,1314616
20200624 20:00,1400000.0,1407000.0,1375400.0,1399000.0,1399886
20200625 20:00,1396699.0,1402800.0,1370200.0,1375900.0,1199007
20200628 20:00,1384199.0,1399800.0,1378100.0,1398100.0,604882
20200629 20:00,1391500.0,1410000.0,1380000.0,1404900.0,754841
20200630 20:00,1404000.0,1413800.0,1400700.0,1405200.0,795039
20200701 20:00,1416699.0,1424900.0,1403300.0,1410700.0,848567
20200705 20:00,1432700.0,1437700.0,1418800.0,1433600.0,1058062
20200706 20:00,1415100.0,1439600.0,1414400.0,1429100.0,682054
20200707 20:00,1427500.0,1436000.0,1414100.0,1431600.0,1101151
20200708 20:00,1433100.0,1444300.0,1406100.0,1429100.0,869188
20200709 20:00,1422700.0,1432000.0,1411100.0,1429100.0,598717
20200712 20:00,1432800.0,1466300.0,1431500.0,1455000.0,1074236
20200713 20:00,1455100.0,1490000.0,1453200.0,1484400.0,909382
20200714 20:00,1491200.0,1502000.0,1474500.0,1476000.0,1301129
20200715 20:00,1476100.0,1507400.0,1466800.0,1500000.0,1091845
20200716 20:00,1500000.0,1515000.0,1488100.0,1494500.0,760803
20200719 20:00,1500500.0,1503600.0,1484300.0,1491300.0,739773
20200720 20:00,1502900.0,1516399.0,1493300.0,1497600.0,807110
20200721 20:00,1496000.0,1504050.0,1478200.0,1503500.0,548755
20200722 20:00,1511600.0,1511600.0,1492800.0,1500000.0,887468
20200723 20:00,1490000.0,1508000.0,1470400.0,1480000.0,721176
20200726 20:00,1483400.0,1489199.0,1468600.0,1474700.0,621055
20200727 20:00,1475100.0,1479900.0,1467500.0,1467500.0,523794
20200728 20:00,1473000.0,1474600.0,1461200.0,1469400.0,617120
20200729 20:00,1490000.0,1509000.0,1461500.0,1472000.0,731054
20200730 20:00,1476800.0,1478800.0,1439700.0,1457600.0,842557
20200802 20:00,1463200.0,1477900.0,1460000.0,1472900.0,502759
20200803 20:00,1473500.0,1479900.0,1458300.0,1471000.0,505879
20200804 20:00,1475500.0,1507000.0,1475500.0,1490500.0,714117
20200805 20:00,1486100.0,1492200.0,1465000.0,1474199.0,753559
20200806 20:00,1478000.0,1486500.0,1471699.0,1483800.0,390819
20200809 20:00,1489600.0,1492400.0,1477400.0,1478000.0,437886
20200810 20:00,1482500.0,1493000.0,1463700.0,1470500.0,775159
20200811 20:00,1477100.0,1502400.0,1473600.0,1494800.0,778332
20200812 20:00,1498400.0,1499000.0,1475300.0,1480000.0,542223
20200813 20:00,1480100.0,1493200.0,1476200.0,1480900.0,421667
20200816 20:00,1483200.0,1502200.0,1482400.0,1490300.0,410713
20200817 20:00,1489900.0,1502400.0,1485700.0,1500000.0,456974
20200818 20:00,1503200.0,1515600.0,1494000.0,1506500.0,739355
20200819 20:00,1500500.0,1519000.0,1495500.0,1519000.0,516037
20200820 20:00,1519500.0,1536500.0,1506000.0,1534800.0,626488
20200823 20:00,1526399.0,1529500.0,1503700.0,1519500.0,643785
20200824 20:00,1527800.0,1530600.0,1515400.0,1520600.0,472146
20200825 20:00,1518100.0,1526399.0,1506450.0,1522500.0,687329
20200826 20:00,1520000.0,1532500.0,1515100.0,1532000.0,672556
20200827 20:00,1538899.0,1540800.0,1518800.0,1534199.0,584208
20200830 20:00,1541500.0,1544000.0,1522700.0,1531900.0,697901
20200831 20:00,1544900.0,1547200.0,1500800.0,1516000.0,865278
20200901 20:00,1516200.0,1543300.0,1492450.0,1532900.0,1005783
20200902 20:00,1550000.0,1554800.0,1482600.0,1482600.0,1073849
20200903 20:00,1511500.0,1515900.0,1471500.0,1489500.0,909115
20200907 20:00,1491900.0,1518800.0,1468100.0,1470000.0,1295003
20200908 20:00,1472600.0,1510900.0,1472600.0,1507000.0,994298
20200909 20:00,1495000.0,1504800.0,1465200.0,1472800.0,952599
20200910 20:00,1475100.0,1485200.0,1466500.0,1477800.0,654057
20200913 20:00,1493500.0,1494600.0,1478500.0,1488000.0,489072
20200914 20:00,1490600.0,1505800.0,1485000.0,1487000.0,417718
20200915 20:00,1497100.0,1500500.0,1482000.0,1486000.0,592392
20200916 20:00,1480100.0,1487100.0,1460750.0,1466399.0,701040
20200917 20:00,1476699.0,1496500.0,1462150.0,1492000.0,1123451
20200920 20:00,1480000.0,1480000.0,1429800.0,1452800.0,912208
20200921 20:00,1452200.0,1458000.0,1437200.0,1444800.0,539189
20200922 20:00,1458000.0,1489500.0,1443500.0,1447800.0,912315
20200923 20:00,1455300.0,1461500.0,1433400.0,1454600.0,640735
20200924 20:00,1446699.0,1464000.0,1438899.0,1464000.0,739031
20200927 20:00,1467000.0,1482900.0,1464199.0,1475000.0,656687
20200928 20:00,1478800.0,1484700.0,1460600.0,1472600.0,784758
20200929 20:00,1474000.0,1497300.0,1468400.0,1488800.0,1128235
20200930 20:00,1498800.0,1500700.0,1464800.0,1472500.0,1177817
20201001 20:00,1458700.0,1484100.0,1458300.0,1461800.0,663245
20201004 20:00,1470200.0,1483700.0,1464100.0,1481800.0,419849
20201005 20:00,1482300.0,1489900.0,1458800.0,1462000.0,411486
20201006 20:00,1470500.0,1485000.0,1458200.0,1485000.0,404934
20201007 20:00,1487300.0,1498500.0,1480400.0,1490000.0,620989
20201008 20:00,1496800.0,1514800.0,1493500.0,1510000.0,571139
20201011 20:00,1518100.0,1531399.0,1510000.0,1520500.0,790592
20201012 20:00,1486000.0,1510000.0,1471000.0,1486000.0,932601
20201013 20:00,1494600.0,1494600.0,1474000.0,1482400.0,683541
20201014 20:00,1472200.0,1479000.0,1463300.0,1472700.0,810533
20201015 20:00,1477000.0,1487500.0,1470300.0,1479700.0,579228
20201018 20:00,1489900.0,1489900.0,1441399.0,1448400.0,689259
20201019 20:00,1457000.0,1458000.0,1441300.0,1448000.0,463051
20201020 20:00,1450000.0,1453300.0,1435900.0,1435900.0,651413
20201021 20:00,1440000.0,1456900.0,1438800.0,1456000.0,409469
20201022 20:00,1459500.0,1474700.0,1443500.0,1453500.0,424937
20201025 20:00,1454900.0,1455000.0,1427600.0,1437800.0,519564
20201026 20:00,1440000.0,1442900.0,1427500.0,1428300.0,498649
20201027 20:00,1428300.0,1428300.0,1381000.0,1385500.0,718230
20201028 20:00,1391100.0,1393500.0,1360500.0,1372800.0,677108
20201029 20:00,1370400.0,1380700.0,1348200.0,1370900.0,654440
20201101 19:00,1389700.0,1396800.0,1374900.0,1387500.0,759789
20201102 19:00,1392300.0,1409900.0,1377900.0,1388000.0,735370
20201103 19:00,1409900.0,1425300.0,1387300.0,1389900.0,1569133
20201104 19:00,1400600.0,1418200.0,1390100.0,1397000.0,837084
20201105 19:00,1396800.0,1432000.0,1396699.0,1424700.0,920430
20201108 19:00,1443000.0,1489900.0,1441900.0,1471100.0,1402064
20201109 19:00,1461000.0,1487500.0,1461000.0,1487000.0,892140
20201110 19:00,1489600.0,1492000.0,1468800.0,1478500.0,412447
20201111 19:00,1479800.0,1486399.0,1467600.0,1480000.0,513394
20201112 19:00,1486399.0,1504100.0,1484100.0,1501500.0,772083
20201115 19:00,1504199.0,1526800.0,1498100.0,1508000.0,568719
20201116 19:00,1513200.0,1520000.0,1491200.0,1496300.0,679392
20201117 19:00,1493500.0,1502900.0,1473100.0,1476800.0,518971
20201118 19:00,1473700.0,1480000.0,1456000.0,1469900.0,670428
20201119 19:00,1474100.0,1479100.0,1461300.0,1466699.0,540170
20201122 19:00,1463300.0,1473700.0,1430500.0,1440000.0,644848
20201123 19:00,1441800.0,1451699.0,1436100.0,1440500.0,639299
20201124 19:00,1444000.0,1444000.0,1428700.0,1438000.0,696589
20201126 19:00,1444500.0,1447600.0,1432200.0,1445000.0,278392
20201129 19:00,1441900.0,1450000.0,1430700.0,1446800.0,899881
20201130 19:00,1460000.0,1491100.0,1454500.0,1477000.0,1021161
20201201 19:00,1474500.0,1497100.0,1472400.0,1483100.0,798826
20201202 19:00,1479100.0,1495700.0,1476699.0,1490000.0,575237
20201203 19:00,1494400.0,1503000.0,1492700.0,1500100.0,621009
20201206 19:00,1503400.0,1505100.0,1485100.0,1487500.0,531107
20201207 19:00,1489700.0,1521300.0,1471600.0,1517100.0,655074
20201208 19:00,1521300.0,1536100.0,1517700.0,1531000.0,717185
20201209 19:00,1532100.0,1537800.0,1517000.0,1523500.0,567711
20201210 19:00,1522500.0,1534100.0,1512500.0,1529000.0,482433
20201213 19:00,1535000.0,1540000.0,1489700.0,1494600.0,532989
20201214 19:00,1500100.0,1507400.0,1495700.0,1506000.0,679020
20201215 19:00,1507300.0,1509900.0,1495200.0,1497900.0,904503
20201216 19:00,1502100.0,1538800.0,1499500.0,1537900.0,730716
20201217 19:00,1539199.0,1551000.0,1517000.0,1547400.0,770118
20201220 19:00,1525000.0,1534000.0,1500700.0,1530500.0,573107
20201221 19:00,1531200.0,1539000.0,1518600.0,1527200.0,360831
20201222 19:00,1530400.0,1536000.0,1518000.0,1522000.0,268706
20201223 19:00,1528500.0,1530400.0,1517500.0,1525900.0,204036
20201227 19:00,1530900.0,1538500.0,1523000.0,1532000.0,284335
20201228 19:00,1539300.0,1549100.0,1536600.0,1544900.0,417289
20201229 19:00,1545100.0,1563800.0,1541800.0,1560500.0,395108
20201230 19:00,1568100.0,1576500.0,1551100.0,1575000.0,322154
20210103 19:00,1574000.0,1587600.0,1541399.0,1565000.0,1173695
20210104 19:00,1570200.0,1587500.0,1550800.0,1583200.0,832476
20210105 19:00,1590300.0,1604900.0,1566300.0,1602000.0,814083
20210106 19:00,1598300.0,1610300.0,1583300.0,1605100.0,523175
20210107 19:00,1610000.0,1611000.0,1598750.0,1604900.0,786148
20210110 19:00,1603000.0,1613200.0,1589500.0,1596000.0,631433
20210111 19:00,1593700.0,1601200.0,1573300.0,1583000.0,721474
20210112 19:00,1587500.0,1643899.0,1567600.0,1596100.0,651600
20210113 19:00,1602100.0,1619500.0,1596100.0,1607000.0,783023
20210114 19:00,1609500.0,1615000.0,1591100.0,1607500.0,591339
20210118 19:00,1620100.0,1632100.0,1611100.0,1632100.0,624582
20210119 19:00,1631300.0,1641399.0,1618000.0,1620800.0,620945
20210120 19:00,1631399.0,1632300.0,1600700.0,1618200.0,635222
20210121 19:00,1619600.0,1651399.0,1618800.0,1645000.0,826327
20210124 19:00,1646200.0,1660600.0,1636699.0,1657000.0,978267
20210125 19:00,1659100.0,1735900.0,1659100.0,1704000.0,1370516
20210126 19:00,1713300.0,1725000.0,1670000.0,1680000.0,1240562
20210127 19:00,1670000.0,1708600.0,1661200.0,1685000.0,910230
20210128 19:00,1690400.0,1694800.0,1600000.0,1644000.0,3119405
20210131 19:00,1651600.0,1660000.0,1610300.0,1629000.0,916245
20210201 19:00,1636200.0,1642000.0,1610600.0,1612500.0,872642
20210202 19:00,1614600.0,1620000.0,1595700.0,1605500.0,808992
20210203 19:00,1612500.0,1654900.0,1597800.0,1653899.0,849418
20210204 19:00,1659100.0,1662000.0,1638899.0,1644800.0,1143439
20210207 19:00,1660400.0,1662500.0,1638899.0,1649600.0,620115
20210208 19:00,1651900.0,1665900.0,1646500.0,1660000.0,774537
20210209 19:00,1670100.0,1678800.0,1657000.0,1667800.0,607929
20210210 19:00,1670000.0,1675300.0,1656000.0,1659900.0,591769
20210211 19:00,1661300.0,1668800.0,1642600.0,1667000.0,495835
20210215 19:00,1678700.0,1678700.0,1646399.0,1650500.0,564514
20210216 19:00,1659600.0,1661900.0,1644199.0,1658500.0,385408
20210217 19:00,1660200.0,1662300.0,1640000.0,1658600.0,478177
20210218 19:00,1659000.0,1665000.0,1629100.0,1631800.0,801722
20210221 19:00,1613700.0,1635200.0,1602800.0,1622000.0,916599
20210222 19:00,1615700.0,1635000.0,1604100.0,1605200.0,1047020
20210223 19:00,1607000.0,1643899.0,1607000.0,1639500.0,1200114
20210224 19:00,1643899.0,1653200.0,1619800.0,1629000.0,1276032
20210225 19:00,1630400.0,1638400.0,1580000.0,1605000.0,1402151
20210228 19:00,1642400.0,1648400.0,1591000.0,1595000.0,1112344
20210301 19:00,1594300.0,1607600.0,1586100.0,1592900.0,800218
20210302 19:00,1595200.0,1603500.0,1560000.0,1560000.0,770337
20210303 19:00,1556800.0,1561000.0,1514700.0,1525000.0,1350971
20210304 19:00,1533000.0,1566900.0,1530700.0,1561600.0,1058387
20210307 19:00,1562200.0,1593300.0,1559800.0,1582800.0,886309
20210308 19:00,1580000.0,1607300.0,1565000.0,1578899.0,888137
20210309 19:00,1584199.0,1598899.0,1573700.0,1594900.0,776190
20210310 19:00,1594300.0,1606300.0,1589250.0,1596000.0,896550
20210311 19:00,1599800.0,1613100.0,1591800.0,1595900.0,632296
20210314 20:00,1605900.0,1607000.0,1585000.0,1605000.0,617222
20210315 20:00,1607700.0,1616800.0,1598000.0,1614000.0,699546
20210316 20:00,1612400.0,1617500.0,1595500.0,1608500.0,658851
20210317 20:00,1613700.0,1614900.0,1598800.0,1600100.0,647055
20210318 20:00,1604400.0,1615000.0,1594700.0,1601000.0,1216508
20210321 20:00,1598700.0,1607300.0,1580000.0,1607300.0,700036
20210322 20:00,1601399.0,1612000.0,1589000.0,1605000.0,998649
20210323 20:00,1600400.0,1624700.0,1598300.0,1619900.0,868365
20210324 20:00,1617200.0,1624500.0,1606399.0,1610700.0,779355
20210325 20:00,1619700.0,1650700.0,1613899.0,1645000.0,1012665
20210328 20:00,1643000.0,1670300.0,1635800.0,1660400.0,954746
20210329 20:00,1661100.0,1661600.0,1642400.0,1652200.0,1106906
20210330 20:00,1649600.0,1654000.0,1630000.0,1630000.0,789158
20210331 20:00,1626300.0,1638500.0,1619199.0,1628100.0,938466
20210404 20:00,1640000.0,1647500.0,1626600.0,1632300.0,975759
20210405 20:00,1632900.0,1645000.0,1630000.0,1633899.0,579349
20210406 20:00,1635000.0,1642800.0,1630700.0,1636100.0,516246
20210407 20:00,1636200.0,1641800.0,1628550.0,1629800.0,484632
20210408 20:00,1632800.0,1632800.0,1597800.0,1609000.0,1058752
20210411 20:00,1610400.0,1620700.0,1598000.0,1616200.0,608581
20210412 20:00,1624000.0,1624600.0,1558899.0,1588000.0,1858735
20210413 20:00,1586000.0,1607300.0,1573400.0,1590100.0,702044
20210414 20:00,1588899.0,1623899.0,1584500.0,1606900.0,1013468
20210415 20:00,1603899.0,1625000.0,1603899.0,1618600.0,828153
20210418 20:00,1625000.0,1631000.0,1608450.0,1626000.0,859812
20210419 20:00,1628000.0,1677700.0,1608000.0,1659700.0,1488739
20210420 20:00,1662800.0,1669100.0,1646000.0,1662000.0,805277
20210421 20:00,1664700.0,1665000.0,1646300.0,1651900.0,1014432
20210422 20:00,1648700.0,1674700.0,1639900.0,1668500.0,927019
20210425 20:00,1668500.0,1669800.0,1637500.0,1639000.0,858848
20210426 20:00,1644400.0,1645000.0,1624700.0,1634400.0,849908
20210427 20:00,1630000.0,1634500.0,1615100.0,1616000.0,1195626
20210428 20:00,1624500.0,1645300.0,1617600.0,1642000.0,838750
20210429 20:00,1634400.0,1643200.0,1625200.0,1627600.0,1197529
20210502 20:00,1634300.0,1653200.0,1629700.0,1645300.0,742859
20210503 20:00,1647800.0,1678700.0,1644400.0,1673500.0,1402937
20210504 20:00,1675700.0,1684000.0,1665200.0,1666300.0,965195
20210505 20:00,1665000.0,1678800.0,1652400.0,1677200.0,680379
20210506 20:00,1670900.0,1691800.0,1670000.0,1682200.0,713450
20210509 20:00,1685300.0,1715300.0,1685300.0,1700000.0,1222130
20210510 20:00,1701000.0,1708500.0,1682800.0,1683000.0,987871
20210511 20:00,1682500.0,1698000.0,1674700.0,1680000.0,880198
20210512 20:00,1672000.0,1707000.0,1670000.0,1700000.0,943043
20210513 20:00,1704400.0,1716600.0,1699000.0,1704900.0,626021
20210516 20:00,1702200.0,1718800.0,1699900.0,1700000.0,549505
20210517 20:00,1704000.0,1713600.0,1695300.0,1701800.0,834238
20210518 20:00,1700600.0,1707100.0,1680400.0,1695000.0,834820
20210519 20:00,1701900.0,1715800.0,1694500.0,1710000.0,611512
20210520 20:00,1712300.0,1727300.0,1708750.0,1710900.0,690487
20210523 20:00,1699000.0,1716900.0,1697700.0,1703100.0,682251
20210524 20:00,1705500.0,1710300.0,1697400.0,1702700.0,740385
20210525 20:00,1702700.0,1706300.0,1682900.0,1690600.0,640588
20210526 20:00,1692100.0,1701600.0,1684000.0,1695400.0,794003
20210527 20:00,1694100.0,1710000.0,1689300.0,1694000.0,765995
20210531 20:00,1700000.0,1705000.0,1652500.0,1654000.0,1627117
20210601 20:00,1658600.0,1667250.0,1651100.0,1661200.0,758380
20210602 20:00,1661600.0,1671500.0,1653700.0,1658700.0,789128
20210603 20:00,1667300.0,1675600.0,1658500.0,1659300.0,753063
20210606 20:00,1659500.0,1666500.0,1646300.0,1651300.0,802241
20210607 20:00,1654100.0,1657300.0,1620800.0,1633100.0,1298813
20210608 20:00,1635000.0,1657700.0,1634000.0,1656000.0,762509
20210609 20:00,1659000.0,1675700.0,1657900.0,1673600.0,933770
20210610 20:00,1673500.0,1675400.0,1642100.0,1648300.0,876743
20210613 20:00,1649000.0,1657200.0,1639000.0,1654500.0,527153
20210614 20:00,1656300.0,1658600.0,1643100.0,1644900.0,556725
20210615 20:00,1642900.0,1657500.0,1635000.0,1640900.0,799167
20210616 20:00,1640000.0,1657000.0,1635000.0,1654000.0,890361
20210617 20:00,1652200.0,1653300.0,1616200.0,1619400.0,786770
20210620 20:00,1620000.0,1642300.0,1620000.0,1641100.0,740560
20210621 20:00,1638400.0,1642000.0,1632800.0,1637900.0,504285
20210622 20:00,1636800.0,1642800.0,1624800.0,1628800.0,636423
20210623 20:00,1628800.0,1642000.0,1627000.0,1633000.0,525264
20210624 20:00,1632900.0,1647800.0,1626500.0,1642900.0,568214
20210627 20:00,1635000.0,1650500.0,1635000.0,1641000.0,526840
20210628 20:00,1645000.0,1647400.0,1634199.0,1640300.0,520527
20210629 20:00,1640300.0,1651900.0,1635000.0,1651900.0,749460
20210630 20:00,1651900.0,1660100.0,1646300.0,1659600.0,949959
20210701 20:00,1664000.0,1693000.0,1656500.0,1688100.0,1214078
20210705 20:00,1688100.0,1689000.0,1669900.0,1677500.0,667526
20210706 20:00,1675500.0,1694800.0,1669800.0,1689600.0,771117
20210707 20:00,1678000.0,1694500.0,1675800.0,1688800.0,848681
20210708 20:00,1691500.0,1703700.0,1688800.0,1695300.0,875677
20210711 20:00,1695500.0,1711699.0,1685400.0,1685400.0,885483
20210712 20:00,1680000.0,1697600.0,1675000.0,1692700.0,552132
20210713 20:00,1689199.0,1708300.0,1684700.0,1692500.0,691779
20210714 20:00,1700100.0,1700100.0,1677200.0,1682000.0,902563
20210715 20:00,1682000.0,1690900.0,1678000.0,1680800.0,716900
20210718 20:00,1670000.0,1681900.0,1653300.0,1670500.0,1041289
20210719 20:00,1679000.0,1708100.0,1663000.0,1692500.0,1359153
20210720 20:00,1694000.0,1704000.0,1674400.0,1694900.0,832333
20210721 20:00,1694900.0,1710600.0,1686600.0,1702000.0,627716
20210722 20:00,1702900.0,1721699.0,1695200.0,1716200.0,794557
20210725 20:00,1711100.0,1721399.0,1704199.0,1717000.0,574024
20210726 20:00,1710600.0,1728400.0,1706900.0,1727800.0,682754
20210727 20:00,1727800.0,1733800.0,1716300.0,1720500.0,718335
20210728 20:00,1727600.0,1733500.0,1710850.0,1712100.0,621076
20210729 20:00,1716600.0,1729700.0,1716600.0,1727300.0,581029
20210801 20:00,1726399.0,1732800.0,1713000.0,1723300.0,569154
20210802 20:00,1726200.0,1744900.0,1724100.0,1743899.0,892379
20210803 20:00,1743800.0,1745900.0,1732600.0,1734500.0,690440
20210804 20:00,1738000.0,1741900.0,1724199.0,1738100.0,540384
20210805 20:00,1740000.0,1741399.0,1724600.0,1730000.0,484474
20210808 20:00,1733700.0,1742500.0,1729199.0,1738899.0,526114
20210809 20:00,1736500.0,1741100.0,1727800.0,1736399.0,542486
20210810 20:00,1737700.0,1744900.0,1735000.0,1737500.0,571691
20210811 20:00,1737000.0,1753700.0,1735000.0,1751100.0,534120
20210812 20:00,1753400.0,1763700.0,1750500.0,1760100.0,444608
20210815 20:00,1764000.0,1780000.0,1757700.0,1777800.0,520110
20210816 20:00,1774300.0,1795100.0,1768000.0,1790000.0,836268
20210817 20:00,1795400.0,1795700.0,1771399.0,1776699.0,990131
20210818 20:00,1759000.0,1793200.0,1749199.0,1772300.0,867854
20210819 20:00,1778600.0,1799199.0,1750000.0,1794800.0,596614
20210822 20:00,1790000.0,1791100.0,1774600.0,1777400.0,795554
20210823 20:00,1770000.0,1776100.0,1752600.0,1754000.0,817561
20210824 20:00,1754100.0,1777400.0,1739000.0,1743300.0,678016
20210825 20:00,1746699.0,1749400.0,1730600.0,1743000.0,625004
20210826 20:00,1743200.0,1748000.0,1727550.0,1730000.0,593550
20210829 20:00,1729100.0,1742800.0,1725000.0,1737000.0,443094
20210830 20:00,1736600.0,1744800.0,1724800.0,1732000.0,771918
20210831 20:00,1731900.0,1740000.0,1720600.0,1738500.0,554289
20210901 20:00,1736500.0,1751900.0,1735000.0,1749400.0,581599
20210902 20:00,1749400.0,1754600.0,1738200.0,1750000.0,523576
20210906 20:00,1741100.0,1753899.0,1716800.0,1723899.0,882773
20210907 20:00,1724000.0,1729800.0,1711000.0,1722000.0,684910
20210908 20:00,1720000.0,1722000.0,1677200.0,1685000.0,838936
20210909 20:00,1687000.0,1694600.0,1667500.0,1669600.0,878458
20210912 20:00,1675000.0,1682400.0,1650100.0,1660000.0,1089155
20210913 20:00,1660400.0,1665500.0,1645100.0,1651600.0,730312
20210914 20:00,1654400.0,1659600.0,1643100.0,1654000.0,778478
20210915 20:00,1654500.0,1664500.0,1641900.0,1651000.0,708332
20210916 20:00,1652000.0,1657100.0,1635550.0,1649900.0,862866
20210919 20:00,1640700.0,1651699.0,1621699.0,1643800.0,990465
20210920 20:00,1645400.0,1659900.0,1642600.0,1644600.0,918381
20210921 20:00,1645300.0,1660000.0,1636399.0,1645900.0,910182
20210922 20:00,1650000.0,1657600.0,1641600.0,1649800.0,638323
20210923 20:00,1648600.0,1656500.0,1638800.0,1643600.0,636414
20210926 20:00,1646600.0,1651800.0,1628500.0,1631100.0,604962
20210927 20:00,1630000.0,1639100.0,1617700.0,1637500.0,1045091
20210928 20:00,1639400.0,1647500.0,1626399.0,1647500.0,692506
20210929 20:00,1648600.0,1653500.0,1612000.0,1619900.0,819764
20210930 20:00,1613700.0,1623899.0,1586300.0,1606300.0,1160211
20211003 20:00,1609800.0,1610000.0,1576900.0,1595000.0,1065369
20211004 20:00,1593500.0,1611100.0,1591399.0,1595200.0,631108
20211005 20:00,1590800.0,1609000.0,1578500.0,1609000.0,644454
20211006 20:00,1603600.0,1626100.0,1596800.0,1615900.0,624441
20211007 20:00,1618899.0,1621900.0,1602500.0,1609500.0,428563
20211010 20:00,1612000.0,1618400.0,1599300.0,1599400.0,507822
20211011 20:00,1601200.0,1605600.0,1573300.0,1575700.0,491002
20211012 20:00,1577500.0,1600800.0,1573000.0,1597200.0,687503
20211013 20:00,1602500.0,1612300.0,1596000.0,1602000.0,570590
20211014 20:00,1610200.0,1618000.0,1604100.0,1615100.0,544628
20211017 20:00,1614400.0,1617600.0,1592100.0,1607500.0,749817
20211018 20:00,1605200.0,1651399.0,1587300.0,1640000.0,1223367
20211019 20:00,1648800.0,1650500.0,1632600.0,1645000.0,635881
20211020 20:00,1645200.0,1646500.0,1622900.0,1633899.0,500484
20211021 20:00,1634000.0,1640600.0,1628000.0,1637000.0,565765
20211024 20:00,1637200.0,1643500.0,1617200.0,1643500.0,689042
20211025 20:00,1642100.0,1660800.0,1640500.0,1658400.0,923765
20211026 20:00,1657500.0,1658000.0,1633050.0,1642600.0,744889
20211027 20:00,1637000.0,1651750.0,1623200.0,1627900.0,678228
20211028 20:00,1629800.0,1643700.0,1606100.0,1633000.0,983397
20211031 20:00,1630100.0,1639500.0,1623600.0,1633100.0,583474
20211101 20:00,1630200.0,1669800.0,1629600.0,1654500.0,1026892
20211102 20:00,1656500.0,1660000.0,1634300.0,1652000.0,697523
20211103 20:00,1646000.0,1651900.0,1626699.0,1638000.0,785629
20211104 20:00,1646000.0,1646900.0,1622100.0,1633899.0,710324
20211107 19:00,1632600.0,1641500.0,1620200.0,1627100.0,567198
20211108 19:00,1629100.0,1635700.0,1620200.0,1625000.0,764947
20211109 19:00,1624199.0,1648200.0,1620000.0,1642100.0,676265
20211110 19:00,1641200.0,1647700.0,1625300.0,1630000.0,502892
20211111 19:00,1631500.0,1720000.0,1625100.0,1653899.0,2002490
20211114 19:00,1647800.0,1654600.0,1632200.0,1635200.0,723716
20211115 19:00,1638700.0,1643550.0,1626100.0,1628700.0,663922
20211116 19:00,1627100.0,1638600.0,1617900.0,1633400.0,601779
20211117 19:00,1634000.0,1644700.0,1621300.0,1624199.0,654650
20211118 19:00,1627700.0,1630500.0,1615000.0,1629300.0,749562
20211121 19:00,1624500.0,1626399.0,1596500.0,1604500.0,883846
20211122 19:00,1601000.0,1609900.0,1587900.0,1606800.0,1080613
20211123 19:00,1608899.0,1609300.0,1593700.0,1604000.0,415804
20211125 19:00,1587100.0,1611500.0,1584800.0,1586399.0,695570
20211128 19:00,1600000.0,1604100.0,1584300.0,1599800.0,857913
20211129 19:00,1580000.0,1594300.0,1558500.0,1564400.0,1056324
20211130 19:00,1564400.0,1600700.0,1562900.0,1582400.0,1121695
20211201 19:00,1584300.0,1592900.0,1567500.0,1570800.0,1214441
20211202 19:00,1572400.0,1597400.0,1570000.0,1594000.0,807194
20211205 19:00,1598400.0,1635200.0,1594700.0,1627900.0,799064
20211206 19:00,1632700.0,1642700.0,1624199.0,1635000.0,799845
20211207 19:00,1633800.0,1645700.0,1626399.0,1642500.0,962078
20211208 19:00,1640300.0,1668300.0,1635000.0,1657200.0,753374
20211209 19:00,1658400.0,1666800.0,1646600.0,1649500.0,848147
20211212 19:00,1652600.0,1691900.0,1642100.0,1683500.0,1294889
20211213 19:00,1681300.0,1709700.0,1671699.0,1695300.0,1217704
20211214 19:00,1705000.0,1714900.0,1694100.0,1714900.0,1311495
20211215 19:00,1711399.0,1735000.0,1702200.0,1704000.0,1189927
20211216 19:00,1703800.0,1716600.0,1676500.0,1686300.0,1240546
20211219 19:00,1665800.0,1685100.0,1663000.0,1683000.0,841427
20211220 19:00,1681300.0,1686500.0,1659800.0,1672900.0,1322404
20211221 19:00,1676800.0,1681600.0,1661200.0,1679000.0,587819
20211222 19:00,1675700.0,1689700.0,1673600.0,1683000.0,432903
20211226 19:00,1683700.0,1698400.0,1681800.0,1696699.0,483182
20211227 19:00,1697700.0,1706500.0,1694199.0,1699900.0,381989
20211228 19:00,1701500.0,1719800.0,1695200.0,1718400.0,404792
20211229 19:00,1716500.0,1728750.0,1711399.0,1723100.0,543792
20211230 19:00,1723200.0,1729400.0,1707100.0,1710000.0,508083
20220102 19:00,1712500.0,1716699.0,1691200.0,1711399.0,581993
20220103 19:00,1715700.0,1722800.0,1706150.0,1715700.0,911061
20220104 19:00,1715000.0,1734700.0,1711600.0,1724900.0,838091
20220105 19:00,1720000.0,1726399.0,1708100.0,1715100.0,1033788
20220106 19:00,1719000.0,1742800.0,1711000.0,1738800.0,907496
20220109 19:00,1737500.0,1739500.0,1721600.0,1729500.0,1007030
20220110 19:00,1734500.0,1736399.0,1701100.0,1710400.0,913599
20220111 19:00,1712500.0,1715700.0,1683500.0,1697900.0,704550
20220112 19:00,1696000.0,1705200.0,1684600.0,1685100.0,727103
20220113 19:00,1688200.0,1691000.0,1671500.0,1681300.0,522248
20220117 19:00,1686600.0,1686699.0,1660100.0,1672700.0,848254
20220118 19:00,1669300.0,1687200.0,1662700.0,1664400.0,791707
20220119 19:00,1664100.0,1678400.0,1643800.0,1643800.0,687888
20220120 19:00,1651200.0,1679700.0,1644900.0,1649000.0,1106036
20220123 19:00,1648000.0,1650200.0,1582600.0,1634000.0,1498453
20220124 19:00,1629800.0,1684100.0,1565200.0,1675000.0,1688706
20220125 19:00,1679100.0,1692100.0,1662500.0,1685600.0,1267302
20220126 19:00,1681300.0,1719100.0,1672700.0,1707100.0,1161415
20220127 19:00,1705900.0,1720000.0,1686100.0,1720000.0,1003672
20220130 19:00,1720000.0,1726200.0,1700000.0,1722900.0,1070376
20220131 19:00,1719800.0,1722900.0,1694400.0,1708800.0,1023082
20220201 19:00,1705500.0,1729900.0,1690200.0,1725000.0,951612
20220202 19:00,1722400.0,1736100.0,1710100.0,1728000.0,761811
20220203 19:00,1727800.0,1729800.0,1705300.0,1716000.0,679708
20220206 19:00,1714400.0,1717400.0,1700100.0,1711000.0,828514
20220207 19:00,1711399.0,1720500.0,1702100.0,1716699.0,763062
20220208 19:00,1715700.0,1722200.0,1712700.0,1715600.0,714259
20220209 19:00,1715700.0,1716399.0,1691500.0,1691500.0,1138010
20220210 19:00,1695000.0,1701500.0,1670600.0,1670600.0,1918069
20220213 19:00,1673899.0,1686399.0,1638100.0,1656100.0,983376
20220214 19:00,1660700.0,1681000.0,1660000.0,1674000.0,951735
20220215 19:00,1674700.0,1678400.0,1659000.0,1672600.0,997347
20220216 19:00,1673000.0,1675000.0,1649100.0,1661200.0,770791
20220217 19:00,1655400.0,1658200.0,1627700.0,1630900.0,835004
20220221 19:00,1625000.0,1644400.0,1604500.0,1617500.0,807555
20220222 19:00,1618600.0,1626399.0,1606100.0,1606100.0,876273
20220223 19:00,1600000.0,1601300.0,1557200.0,1579900.0,1513705
20220224 19:00,1572900.0,1669800.0,1569000.0,1655600.0,1633668
20220227 19:00,1647000.0,1651699.0,1622800.0,1634400.0,938937
20220228 19:00,1644000.0,1650000.0,1624000.0,1640000.0,928287
20220301 19:00,1642000.0,1676200.0,1635000.0,1657200.0,741318
20220302 19:00,1660100.0,1693300.0,1654199.0,1683600.0,807266
20220303 19:00,1665000.0,1698700.0,1660000.0,1694800.0,811240
20220306 19:00,1678700.0,1731200.0,1670000.0,1719199.0,1422505
20220307 19:00,1718899.0,1731200.0,1681000.0,1687700.0,1440257
20220308 19:00,1689700.0,1705000.0,1678899.0,1693200.0,716838
20220309 19:00,1693600.0,1701399.0,1676399.0,1696100.0,565620
20220310 19:00,1701600.0,1714700.0,1690600.0,1693500.0,581713
20220313 20:00,1691100.0,1741200.0,1691100.0,1724700.0,809124
20220314 20:00,1726100.0,1765200.0,1703899.0,1760000.0,1191580
20220315 20:00,1761399.0,1769700.0,1725700.0,1745100.0,1149233
20220316 20:00,1750000.0,1768300.0,1730000.0,1765600.0,858643
20220317 20:00,1764900.0,1769800.0,1736699.0,1745700.0,952289
20220320 20:00,1750000.0,1771399.0,1741900.0,1760000.0,663458
20220321 20:00,1758300.0,1764300.0,1739100.0,1752900.0,892245
20220322 20:00,1752900.0,1755400.0,1740900.0,1749000.0,640909
20220323 20:00,1744700.0,1755400.0,1740600.0,1750900.0,526228
20220324 20:00,1752400.0,1776900.0,1743400.0,1774500.0,636621
20220327 20:00,1769199.0,1781600.0,1763000.0,1772600.0,522192
20220328 20:00,1772500.0,1794000.0,1768000.0,1777500.0,669494
20220329 20:00,1775100.0,1798600.0,1770000.0,1796100.0,902039
20220330 20:00,1795700.0,1802200.0,1769800.0,1774000.0,1310094
20220331 20:00,1775400.0,1784300.0,1756300.0,1783800.0,949225
20220403 20:00,1781399.0,1784000.0,1755400.0,1763000.0,941120
20220404 20:00,1758700.0,1796300.0,1757200.0,1776300.0,1020389
20220405 20:00,1779600.0,1825400.0,1766300.0,1821500.0,1235174
20220406 20:00,1816800.0,1829500.0,1802000.0,1815000.0,846176
20220407 20:00,1819400.0,1831800.0,1804199.0,1818300.0,787386
20220410 20:00,1820000.0,1841900.0,1796000.0,1798700.0,664227
20220411 20:00,1790700.0,1808300.0,1782000.0,1795000.0,952284
20220412 20:00,1801699.0,1808200.0,1792300.0,1806100.0,593068
20220413 20:00,1806000.0,1814199.0,1797300.0,1800900.0,586955
20220417 20:00,1800000.0,1809000.0,1767300.0,1775000.0,902149
20220418 20:00,1781500.0,1859199.0,1705500.0,1837800.0,2275487
20220419 20:00,1828800.0,1850000.0,1819199.0,1850000.0,1231364
20220420 20:00,1845000.0,1852300.0,1826000.0,1833000.0,833577
20220421 20:00,1833500.0,1837200.0,1810000.0,1810100.0,1442764
20220424 20:00,1805500.0,1866900.0,1796100.0,1858000.0,1999692
20220425 20:00,1856200.0,1865700.0,1830000.0,1846000.0,2040844
20220426 20:00,1850200.0,1857200.0,1817700.0,1824500.0,2081708
20220427 20:00,1828500.0,1844900.0,1819199.0,1826100.0,1053078
20220428 20:00,1833800.0,1839000.0,1802000.0,1806000.0,1110800
20220501 20:00,1810000.0,1817900.0,1770300.0,1784400.0,999517
20220502 20:00,1798400.0,1806200.0,1776800.0,1782900.0,803968
20220503 20:00,1793500.0,1804300.0,1771300.0,1800000.0,900458
20220504 20:00,1805000.0,1807000.0,1750100.0,1750100.0,1305989
20220505 20:00,1743400.0,1768600.0,1742400.0,1762600.0,777598
20220508 20:00,1754100.0,1785600.0,1738899.0,1775000.0,949189
20220509 20:00,1781600.0,1791800.0,1765000.0,1770900.0,1204054
20220510 20:00,1770200.0,1783100.0,1758899.0,1764000.0,864201
20220511 20:00,1760800.0,1780000.0,1747200.0,1778800.0,1071267
20220512 20:00,1780400.0,1789199.0,1758200.0,1768500.0,786801
20220515 20:00,1768500.0,1791300.0,1761600.0,1780800.0,726411
20220516 20:00,1786600.0,1798600.0,1765900.0,1797000.0,586693
20220517 20:00,1783500.0,1793800.0,1750000.0,1755000.0,698897
20220518 20:00,1750700.0,1751100.0,1726900.0,1737500.0,1082091
20220519 20:00,1747400.0,1771500.0,1740400.0,1770000.0,1053153
20220522 20:00,1775800.0,1799300.0,1762400.0,1794400.0,909322
20220523 20:00,1782100.0,1820000.0,1782100.0,1816399.0,869328
20220524 20:00,1805000.0,1815400.0,1790700.0,1795000.0,801315
20220525 20:00,1800200.0,1811800.0,1786200.0,1794600.0,657737
20220526 20:00,1804900.0,1818200.0,1782300.0,1813700.0,764229
20220530 20:00,1805400.0,1805400.0,1750100.0,1795600.0,1468765
20220531 20:00,1795300.0,1800600.0,1758700.0,1777100.0,695106
20220601 20:00,1778200.0,1784199.0,1745800.0,1769000.0,1517891
20220602 20:00,1770800.0,1786600.0,1760500.0,1764199.0,583419
20220605 20:00,1769600.0,1785400.0,1759950.0,1764000.0,953974
20220606 20:00,1761399.0,1792800.0,1758500.0,1783000.0,630245
20220607 20:00,1783400.0,1794500.0,1768000.0,1774700.0,668151
20220608 20:00,1779900.0,1786300.0,1736300.0,1738000.0,820932
20220609 20:00,1739700.0,1740500.0,1706399.0,1729800.0,838954
20220612 20:00,1713100.0,1722400.0,1700200.0,1708600.0,1231425
20220613 20:00,1718200.0,1718200.0,1672700.0,1682900.0,822191
20220614 20:00,1681900.0,1714300.0,1679000.0,1699900.0,1166998
20220615 20:00,1688000.0,1709000.0,1674199.0,1702400.0,1138533
20220616 20:00,1701399.0,1722000.0,1692400.0,1698400.0,947459
20220620 20:00,1709700.0,1738500.0,1695900.0,1730100.0,854547
20220621 20:00,1715100.0,1779199.0,1712200.0,1756500.0,1364754
20220622 20:00,1741699.0,1798100.0,1741699.0,1792500.0,1067894
20220623 20:00,1795600.0,1825100.0,1788400.0,1823000.0,1132779
20220626 20:00,1822900.0,1833600.0,1813400.0,1828000.0,1077840
20220627 20:00,1823700.0,1829700.0,1763200.0,1772500.0,1381425
20220628 20:00,1780400.0,1783000.0,1764300.0,1769900.0,1201951
20220629 20:00,1764500.0,1782900.0,1750500.0,1777900.0,1236201
20220630 20:00,1765800.0,1797200.0,1765800.0,1792700.0,812400
20220704 20:00,1795900.0,1800000.0,1746100.0,1780000.0,949546
20220705 20:00,1781500.0,1794199.0,1772800.0,1786399.0,830275
20220706 20:00,1789500.0,1791200.0,1775400.0,1783500.0,686294
20220707 20:00,1785100.0,1799800.0,1777700.0,1784000.0,465459
20220710 20:00,1782800.0,1790050.0,1775500.0,1780800.0,439901
20220711 20:00,1781300.0,1784300.0,1752000.0,1758400.0,653261
20220712 20:00,1756100.0,1763200.0,1745200.0,1754500.0,709234
20220713 20:00,1749100.0,1760100.0,1726500.0,1756800.0,852176
20220714 20:00,1765200.0,1785700.0,1759800.0,1782300.0,648682
20220717 20:00,1786900.0,1794400.0,1739100.0,1749100.0,944934
20220718 20:00,1749100.0,1774199.0,1698700.0,1722800.0,1642172
20220719 20:00,1732400.0,1734300.0,1697700.0,1703200.0,906366
20220720 20:00,1708899.0,1713899.0,1697700.0,1710000.0,765089
20220721 20:00,1713100.0,1724700.0,1710600.0,1721100.0,448604
20220724 20:00,1723500.0,1729900.0,1711699.0,1725500.0,557796
20220725 20:00,1728500.0,1749800.0,1724600.0,1738899.0,587883
20220726 20:00,1743800.0,1744500.0,1711450.0,1732100.0,597838
20220727 20:00,1732000.0,1760800.0,1714400.0,1746000.0,554742
20220728 20:00,1742300.0,1748500.0,1729300.0,1743500.0,632858
20220731 20:00,1743500.0,1752000.0,1735300.0,1738000.0,627189
20220801 20:00,1739100.0,1754400.0,1727200.0,1730000.0,698203
20220802 20:00,1733100.0,1752500.0,1717800.0,1749900.0,564606
20220803 20:00,1749600.0,1752300.0,1715900.0,1718200.0,631663
20220804 20:00,1720000.0,1725200.0,1698000.0,1711100.0,666982
20220807 20:00,1714700.0,1719900.0,1694400.0,1708500.0,556365
20220808 20:00,1707900.0,1711000.0,1697300.0,1701800.0,755735
20220809 20:00,1701000.0,1712900.0,1690800.0,1700900.0,568210
20220810 20:00,1704100.0,1704100.0,1670000.0,1673000.0,972419
20220811 20:00,1675600.0,1682000.0,1651500.0,1653000.0,1864407
20220814 20:00,1658100.0,1667600.0,1651300.0,1660900.0,1007905
20220815 20:00,1666000.0,1682500.0,1651500.0,1672800.0,805496
20220816 20:00,1677300.0,1685600.0,1659000.0,1678899.0,836848
20220817 20:00,1679700.0,1683400.0,1659400.0,1670900.0,471084
20220818 20:00,1668100.0,1701200.0,1660000.0,1693000.0,730662
20220821 20:00,1680300.0,1690100.0,1670800.0,1676100.0,669672
20220822 20:00,1671800.0,1678500.0,1658100.0,1661000.0,539932
20220823 20:00,1668200.0,1668200.0,1650750.0,1655800.0,469803
20220824 20:00,1662500.0,1672300.0,1647000.0,1667500.0,788440
20220825 20:00,1671300.0,1677000.0,1641200.0,1641200.0,509223
20220828 20:00,1643200.0,1643700.0,1620200.0,1632500.0,612111
20220829 20:00,1638600.0,1639700.0,1620400.0,1622000.0,624684
20220830 20:00,1624300.0,1635600.0,1610000.0,1613000.0,666260
20220831 20:00,1610500.0,1654900.0,1604700.0,1649000.0,841831
20220901 20:00,1651800.0,1666100.0,1620100.0,1628000.0,676549
20220905 20:00,1633100.0,1662000.0,1625300.0,1625500.0,892390
20220906 20:00,1630000.0,1646699.0,1621900.0,1643400.0,417169
20220907 20:00,1645000.0,1654700.0,1630800.0,1653899.0,528555
20220908 20:00,1658000.0,1661900.0,1644100.0,1658700.0,442721
20220911 20:00,1657000.0,1665700.0,1650600.0,1657700.0,753822
20220912 20:00,1656000.0,1661900.0,1608300.0,1614500.0,688853
20220913 20:00,1617400.0,1653300.0,1616399.0,1649800.0,1656927
20220914 20:00,1646600.0,1660800.0,1641000.0,1643600.0,933530
20220915 20:00,1645800.0,1676200.0,1639800.0,1675000.0,1303475
20220918 20:00,1671699.0,1671699.0,1640800.0,1666000.0,705640
20220919 20:00,1661300.0,1663200.0,1643200.0,1647900.0,965591
20220920 20:00,1650000.0,1668000.0,1632400.0,1638700.0,876585
20220921 20:00,1634500.0,1671600.0,1627100.0,1665000.0,770774
20220922 20:00,1659100.0,1674800.0,1642600.0,1669900.0,1000850
20220925 20:00,1663000.0,1672900.0,1643800.0,1656900.0,663448
20220926 20:00,1669700.0,1676500.0,1644100.0,1653000.0,925332
20220927 20:00,1641100.0,1673800.0,1638200.0,1661800.0,782669
20220928 20:00,1658100.0,1671300.0,1638899.0,1645300.0,645846
20220929 20:00,1654100.0,1657400.0,1633400.0,1637500.0,632256
20221002 20:00,1639500.0,1647000.0,1617200.0,1629000.0,679474
20221003 20:00,1632000.0,1660000.0,1629199.0,1655000.0,581039
20221004 20:00,1644900.0,1660300.0,1641900.0,1651100.0,366780
20221005 20:00,1655500.0,1655500.0,1616950.0,1623500.0,591106
20221006 20:00,1622900.0,1625000.0,1591699.0,1597700.0,606549
20221009 20:00,1603300.0,1612800.0,1591800.0,1604400.0,471973
20221010 20:00,1599000.0,1641100.0,1590900.0,1627300.0,518037
20221011 20:00,1627300.0,1648700.0,1624000.0,1630200.0,459567
20221012 20:00,1627000.0,1659800.0,1608200.0,1650000.0,651416
20221013 20:00,1651200.0,1660000.0,1636200.0,1643100.0,505768
20221016 20:00,1655800.0,1676000.0,1643800.0,1676000.0,603430
20221017 20:00,1678600.0,1713600.0,1630950.0,1666600.0,883312
20221018 20:00,1661100.0,1663300.0,1638899.0,1646900.0,937070
20221019 20:00,1640000.0,1657400.0,1640000.0,1648800.0,680889
20221020 20:00,1652200.0,1693700.0,1644550.0,1689500.0,639865
20221023 20:00,1684900.0,1720800.0,1679400.0,1712500.0,679911
20221024 20:00,1714800.0,1717400.0,1685400.0,1709100.0,419017
20221025 20:00,1715100.0,1725700.0,1710000.0,1724000.0,603131
20221026 20:00,1720300.0,1734300.0,1715000.0,1720000.0,497763
20221027 20:00,1719700.0,1753700.0,1717000.0,1742500.0,487629
20221030 20:00,1748000.0,1751600.0,1733800.0,1736100.0,572790
20221031 20:00,1739400.0,1747200.0,1704400.0,1735000.0,680506
20221101 20:00,1730800.0,1739199.0,1702500.0,1714900.0,647197
20221102 20:00,1713200.0,1740000.0,1689300.0,1712200.0,468554
20221103 20:00,1710200.0,1725500.0,1692400.0,1707700.0,527382
20221106 19:00,1715000.0,1738500.0,1708100.0,1729800.0,492513
20221107 19:00,1730600.0,1746950.0,1719199.0,1745900.0,461993
20221108 19:00,1740300.0,1750000.0,1722900.0,1724500.0,869070
20221109 19:00,1725400.0,1748800.0,1720600.0,1744000.0,587941
20221110 19:00,1745400.0,1748100.0,1668400.0,1690200.0,1527498
20221113 19:00,1692800.0,1732600.0,1692000.0,1723000.0,613765
20221114 19:00,1729600.0,1734900.0,1705300.0,1723899.0,765020
20221115 19:00,1724800.0,1749800.0,1722700.0,1734700.0,477039
20221116 19:00,1740000.0,1751100.0,1720000.0,1748600.0,560548
20221117 19:00,1747100.0,1768800.0,1744199.0,1762000.0,625049
20221120 19:00,1749400.0,1765600.0,1744400.0,1756200.0,541295
20221121 19:00,1759700.0,1771900.0,1752800.0,1765100.0,442074
20221122 19:00,1765100.0,1775000.0,1760300.0,1775000.0,440543
20221124 19:00,1775100.0,1781200.0,1765000.0,1772300.0,212407
20221127 19:00,1768300.0,1777700.0,1762900.0,1773300.0,592261
20221128 19:00,1775900.0,1776500.0,1746600.0,1757500.0,515526
20221129 19:00,1763500.0,1782000.0,1747800.0,1770000.0,713929
20221130 19:00,1778000.0,1799500.0,1774000.0,1783300.0,526946
20221201 19:00,1783300.0,1789900.0,1770200.0,1784500.0,607960
20221204 19:00,1790000.0,1793600.0,1776399.0,1788500.0,596604
20221205 19:00,1788200.0,1800000.0,1757000.0,1757100.0,573869
20221206 19:00,1764500.0,1778800.0,1753000.0,1771699.0,340250
20221207 19:00,1770200.0,1779500.0,1763100.0,1765000.0,387121
20221208 19:00,1775700.0,1778899.0,1755000.0,1759800.0,354289
20221211 19:00,1764900.0,1778700.0,1757300.0,1778400.0,365030
20221212 19:00,1775600.0,1801900.0,1775500.0,1792400.0,736111
20221213 19:00,1794500.0,1810400.0,1784300.0,1803300.0,1018462
20221214 19:00,1789900.0,1798800.0,1763899.0,1772500.0,843459
20221215 19:00,1767500.0,1770200.0,1748600.0,1756699.0,602188
20221218 19:00,1769300.0,1769300.0,1740700.0,1755600.0,344123
20221219 19:00,1759800.0,1765000.0,1751900.0,1757000.0,412961
20221220 19:00,1764300.0,1781800.0,1757100.0,1776800.0,451700
20221221 19:00,1774600.0,1775000.0,1753400.0,1767700.0,387598
20221222 19:00,1771399.0,1775100.0,1758200.0,1773899.0,309722
20221226 19:00,1774800.0,1782500.0,1769900.0,1774000.0,221644
20221227 19:00,1777400.0,1784700.0,1766200.0,1767500.0,220445
20221228 19:00,1773100.0,1783000.0,1765000.0,1772200.0,302879
20221229 19:00,1769199.0,1777400.0,1753899.0,1768000.0,317577
20230102 19:00,1766500.0,1783800.0,1760200.0,1781100.0,494735
20230103 19:00,1782600.0,1805000.0,1775700.0,1800800.0,948157
20230104 19:00,1793400.0,1803500.0,1784300.0,1789400.0,764320
20230105 19:00,1788000.0,1809600.0,1783000.0,1802500.0,524548
20230108 19:00,1804500.0,1807800.0,1751699.0,1757700.0,645115
20230109 19:00,1750100.0,1764300.0,1743100.0,1751600.0,422548
20230110 19:00,1758600.0,1758800.0,1721100.0,1749700.0,487328
20230111 19:00,1749199.0,1757000.0,1728100.0,1741699.0,386043
20230112 19:00,1745400.0,1745400.0,1723899.0,1733800.0,513598
20230116 19:00,1733800.0,1745400.0,1721000.0,1723300.0,450186
20230117 19:00,1727100.0,1728600.0,1695500.0,1695500.0,573045
20230118 19:00,1695300.0,1712600.0,1688000.0,1693500.0,520726
20230119 19:00,1695900.0,1706300.0,1674900.0,1686600.0,539002
20230122 19:00,1687400.0,1696300.0,1679500.0,1680000.0,811007
20230123 19:00,1689000.0,1728000.0,1652600.0,1682900.0,922984
20230124 19:00,1679900.0,1696000.0,1668000.0,1696000.0,624021
20230125 19:00,1695100.0,1699199.0,1679000.0,1687500.0,597686
20230126 19:00,1687700.0,1694000.0,1677700.0,1679600.0,477512
20230129 19:00,1680900.0,1685300.0,1610900.0,1621900.0,2380757
20230130 19:00,1620000.0,1634300.0,1610600.0,1630000.0,1135712
20230131 19:00,1631200.0,1659800.0,1624100.0,1652900.0,876233
20230201 19:00,1656500.0,1662200.0,1629500.0,1652900.0,1012633
20230202 19:00,1650900.0,1665600.0,1639000.0,1644700.0,542863
20230205 19:00,1644900.0,1650000.0,1630000.0,1630700.0,942155
20230206 19:00,1632600.0,1638800.0,1615000.0,1625000.0,930976
20230207 19:00,1632000.0,1645500.0,1625700.0,1633000.0,746757
20230208 19:00,1641800.0,1648100.0,1610000.0,1613899.0,780998
20230209 19:00,1619600.0,1627900.0,1611900.0,1618400.0,546197
20230212 19:00,1621000.0,1630000.0,1611399.0,1625000.0,474073
20230213 19:00,1632700.0,1635000.0,1617600.0,1618000.0,1098432
20230214 19:00,1624300.0,1624300.0,1593100.0,1593800.0,1664333
20230215 19:00,1606500.0,1606500.0,1577500.0,1577600.0,1967080
20230216 19:00,1575000.0,1611200.0,1566200.0,1602700.0,1180269
20230220 19:00,1602800.0,1603600.0,1578899.0,1582200.0,1030117
20230221 19:00,1585400.0,1588500.0,1573800.0,1577800.0,868578
20230222 19:00,1579000.0,1585800.0,1566699.0,1576000.0,902758
20230223 19:00,1577900.0,1578000.0,1552100.0,1559100.0,704191
20230226 19:00,1559700.0,1574000.0,1550900.0,1556300.0,665343
20230227 19:00,1558899.0,1559600.0,1530300.0,1535200.0,806992
20230228 19:00,1539500.0,1539900.0,1519199.0,1524500.0,679483
20230301 19:00,1526800.0,1528200.0,1512600.0,1522100.0,861468
20230302 19:00,1524300.0,1541500.0,1522700.0,1540900.0,459530
20230305 19:00,1543700.0,1557500.0,1543500.0,1557500.0,684095
20230306 19:00,1563600.0,1567100.0,1533500.0,1541300.0,598889
20230307 19:00,1548200.0,1550600.0,1524800.0,1527600.0,529279
20230308 19:00,1528100.0,1536100.0,1507200.0,1512400.0,669362
20230309 19:00,1510000.0,1534900.0,1508000.0,1516900.0,929554
20230312 20:00,1529000.0,1559100.0,1511699.0,1548200.0,1443332
20230313 20:00,1546399.0,1553000.0,1519100.0,1537400.0,721222
20230314 20:00,1539199.0,1548899.0,1521300.0,1541800.0,650672
20230315 20:00,1547000.0,1547900.0,1526100.0,1539100.0,703276
20230316 20:00,1541200.0,1549300.0,1523100.0,1528400.0,790082
20230319 20:00,1524000.0,1540700.0,1514000.0,1538800.0,647175
20230320 20:00,1542400.0,1550000.0,1521800.0,1538500.0,694528
20230321 20:00,1537000.0,1545100.0,1510300.0,1513500.0,847034
20230322 20:00,1521399.0,1521399.0,1501200.0,1515000.0,744486
20230323 20:00,1514800.0,1529400.0,1504700.0,1523500.0,643458
20230326 20:00,1527800.0,1545400.0,1526000.0,1537900.0,457213
20230327 20:00,1536000.0,1539100.0,1517300.0,1518300.0,716482
20230328 20:00,1526600.0,1536699.0,1520000.0,1532000.0,657667
20230329 20:00,1538899.0,1539300.0,1528200.0,1534300.0,374004
20230330 20:00,1534600.0,1551900.0,1532000.0,1550500.0,698675
20230402 20:00,1553400.0,1570100.0,1539500.0,1562700.0,536122
20230403 20:00,1567000.0,1642500.0,1565900.0,1633500.0,1041719
20230404 20:00,1627000.0,1656900.0,1624900.0,1656000.0,1932635
20230405 20:00,1649100.0,1672300.0,1646399.0,1649900.0,1245359
20230409 20:00,1648500.0,1650000.0,1636399.0,1643000.0,588539
20230410 20:00,1643000.0,1652800.0,1639800.0,1640000.0,590836
20230411 20:00,1643000.0,1648500.0,1634100.0,1635500.0,507076
20230412 20:00,1639700.0,1663250.0,1632600.0,1662700.0,515535
20230413 20:00,1660700.0,1664199.0,1640600.0,1660000.0,710163
20230416 20:00,1662800.0,1663000.0,1649500.0,1655500.0,609903
20230417 20:00,1654199.0,1699900.0,1596500.0,1610700.0,1504385
20230418 20:00,1613500.0,1626699.0,1609700.0,1620100.0,719901
20230419 20:00,1623700.0,1638300.0,1609800.0,1633100.0,844987
20230420 20:00,1631300.0,1649600.0,1619600.0,1626900.0,765956
20230423 20:00,1625500.0,1640000.0,1618700.0,1635000.0,521309
20230424 20:00,1629199.0,1653600.0,1627400.0,1644700.0,709568
20230425 20:00,1651100.0,1651200.0,1622500.0,1626500.0,540240
20230426 20:00,1630200.0,1635000.0,1621300.0,1627900.0,537442
20230427 20:00,1624600.0,1637700.0,1624199.0,1637600.0,412479
20230430 20:00,1637100.0,1642900.0,1622300.0,1635000.0,412434
20230501 20:00,1635700.0,1654600.0,1631600.0,1650000.0,822347
20230502 20:00,1649600.0,1661500.0,1621699.0,1627200.0,617519
20230503 20:00,1624900.0,1633000.0,1612500.0,1623000.0,450336
20230504 20:00,1623200.0,1639100.0,1616900.0,1625000.0,528534
20230507 20:00,1626800.0,1632300.0,1613500.0,1621200.0,359647
20230508 20:00,1626300.0,1626300.0,1607900.0,1610600.0,482950
20230509 20:00,1612300.0,1619700.0,1600600.0,1618800.0,424697
20230510 20:00,1619600.0,1622000.0,1594000.0,1610600.0,463120
20230511 20:00,1613300.0,1615100.0,1600200.0,1605200.0,277407
20230514 20:00,1603500.0,1615000.0,1589400.0,1594500.0,350266
20230515 20:00,1595800.0,1602500.0,1585300.0,1593500.0,444832
20230516 20:00,1597500.0,1602300.0,1577700.0,1589100.0,492354
20230517 20:00,1589900.0,1592900.0,1575700.0,1584800.0,499482
20230518 20:00,1584700.0,1599199.0,1581500.0,1588100.0,498945
20230521 20:00,1584900.0,1591200.0,1567500.0,1570200.0,572602
20230522 20:00,1568899.0,1582800.0,1563700.0,1569199.0,522437
20230523 20:00,1573800.0,1573800.0,1559300.0,1568000.0,471641
20230524 20:00,1565200.0,1566600.0,1537250.0,1544100.0,603850
20230525 20:00,1543400.0,1552700.0,1542100.0,1545500.0,551691
20230529 20:00,1549900.0,1553600.0,1533100.0,1543899.0,470302
20230530 20:00,1545400.0,1556800.0,1538700.0,1555400.0,636097
20230531 20:00,1554000.0,1556800.0,1531300.0,1545000.0,624355
20230601 20:00,1548100.0,1573100.0,1541000.0,1563600.0,614698
20230604 20:00,1569700.0,1586399.0,1563500.0,1583200.0,614670
20230605 20:00,1580500.0,1595900.0,1574000.0,1580800.0,550320
20230606 20:00,1580000.0,1588200.0,1574400.0,1586000.0,577005
20230607 20:00,1585200.0,1604100.0,1578200.0,1602500.0,606293
20230608 20:00,1599500.0,1607400.0,1593600.0,1602000.0,712938
20230611 20:00,1603200.0,1603200.0,1587300.0,1598000.0,677953
20230612 20:00,1599100.0,1609000.0,1590300.0,1607600.0,603494
20230613 20:00,1608800.0,1620800.0,1605600.0,1615700.0,810233
20230614 20:00,1616699.0,1639100.0,1613899.0,1636000.0,648741
20230615 20:00,1638000.0,1649800.0,1634000.0,1643400.0,723357
20230619 20:00,1639600.0,1653100.0,1635200.0,1640000.0,646058
20230620 20:00,1641900.0,1649300.0,1626900.0,1638800.0,604435
20230621 20:00,1639000.0,1658899.0,1632500.0,1658899.0,616039
20230622 20:00,1651900.0,1662200.0,1647500.0,1650000.0,656270
20230625 20:00,1650800.0,1655000.0,1613500.0,1640000.0,785744
20230626 20:00,1637000.0,1640000.0,1624400.0,1630000.0,518079
20230627 20:00,1631000.0,1637400.0,1619100.0,1630900.0,811999
20230628 20:00,1629600.0,1643150.0,1622400.0,1640000.0,469612
20230629 20:00,1636900.0,1659500.0,1636900.0,1654900.0,621740
20230702 20:00,1657900.0,1657900.0,1629800.0,1632800.0,489908
20230704 20:00,1634100.0,1639100.0,1625000.0,1626000.0,609548
20230705 20:00,1625900.0,1627400.0,1610000.0,1615000.0,582809
20230706 20:00,1615800.0,1617000.0,1592000.0,1594000.0,670612
20230709 20:00,1591699.0,1603000.0,1589800.0,1597000.0,414816
20230710 20:00,1595900.0,1603100.0,1576000.0,1586300.0,647100
20230711 20:00,1586100.0,1591200.0,1578899.0,1580900.0,703452
20230712 20:00,1583700.0,1590900.0,1574199.0,1588000.0,554220
20230713 20:00,1588800.0,1602400.0,1585500.0,1601000.0,640023
20230716 20:00,1602600.0,1620000.0,1581500.0,1588500.0,523799
20230717 20:00,1591500.0,1609000.0,1581900.0,1592400.0,566956
20230718 20:00,1584199.0,1604100.0,1556500.0,1590900.0,859567
20230719 20:00,1594800.0,1691399.0,1555000.0,1684900.0,2797615
20230720 20:00,1679300.0,1708200.0,1672500.0,1698100.0,1279897
20230723 20:00,1693600.0,1738100.0,1692500.0,1710000.0,1492490
20230724 20:00,1704400.0,1726699.0,1697500.0,1725000.0,1154644
20230725 20:00,1721699.0,1738600.0,1710500.0,1725900.0,1026373
20230726 20:00,1723500.0,1742900.0,1720300.0,1736800.0,1344563
20230727 20:00,1734199.0,1753500.0,1685200.0,1714100.0,941434
20230730 20:00,1714199.0,1728000.0,1667100.0,1668700.0,2315432
20230731 20:00,1671200.0,1690950.0,1653100.0,1682100.0,1984109
20230801 20:00,1682400.0,1712400.0,1673300.0,1703500.0,1007277
20230802 20:00,1687200.0,1713100.0,1684400.0,1709500.0,1791886
20230803 20:00,1706399.0,1727000.0,1678899.0,1690400.0,2961412
20230806 20:00,1686399.0,1733400.0,1686399.0,1728500.0,1642510
20230807 20:00,1728500.0,1735500.0,1713899.0,1730200.0,2470771
20230808 20:00,1731800.0,1745000.0,1720500.0,1735500.0,3745930
20230809 20:00,1727500.0,1759600.0,1715000.0,1724000.0,4357265
20230810 20:00,1723200.0,1745000.0,1714900.0,1739500.0,4384513
20230813 20:00,1738200.0,1756000.0,1717500.0,1733200.0,6195249
20230814 20:00,1731699.0,1745600.0,1721399.0,1722000.0,5849604
20230815 20:00,1726100.0,1747200.0,1721300.0,1730100.0,6424502
20230816 20:00,1733899.0,1753800.0,1725000.0,1740100.0,5247839
20230817 20:00,1740200.0,1744500.0,1713150.0,1741000.0,4312324
20230820 20:00,1729900.0,1740400.0,1659700.0,1674000.0,9321940
20230821 20:00,1678500.0,1682900.0,1654100.0,1659500.0,3153309
20230822 20:00,1664700.0,1665000.0,1634800.0,1646699.0,2457448
20230823 20:00,1645200.0,1666600.0,1636399.0,1652000.0,2772857
20230824 20:00,1642500.0,1677800.0,1639100.0,1652000.0,1607356
20230827 20:00,1659199.0,1665300.0,1631600.0,1643600.0,1945851
20230828 20:00,1641200.0,1656750.0,1627700.0,1643400.0,1302164
20230829 20:00,1646600.0,1658300.0,1610000.0,1637300.0,1250764
20230830 20:00,1644600.0,1645600.0,1612800.0,1618800.0,1164217
20230831 20:00,1621699.0,1624800.0,1600200.0,1604500.0,1368345
20230904 20:00,1605800.0,1619700.0,1602800.0,1608800.0,1825004
20230905 20:00,1612500.0,1612500.0,1573500.0,1580100.0,1300813
20230906 20:00,1580200.0,1610700.0,1580100.0,1599300.0,1270799
20230907 20:00,1602000.0,1609000.0,1589800.0,1608899.0,845054
20230910 20:00,1609400.0,1627500.0,1604500.0,1626699.0,687620
20230911 20:00,1626200.0,1639250.0,1615700.0,1635100.0,781010
20230912 20:00,1636100.0,1649400.0,1630200.0,1649100.0,805896
20230913 20:00,1641300.0,1652500.0,1634450.0,1637800.0,911893
20230914 20:00,1640000.0,1648300.0,1612100.0,1617200.0,1015742
20230917 20:00,1616000.0,1631500.0,1607649.0,1627200.0,759341
20230918 20:00,1622600.0,1628450.0,1613899.0,1622000.0,517049
20230919 20:00,1626600.0,1635300.0,1617200.0,1627800.0,575167
20230920 20:00,1628400.0,1635000.0,1615800.0,1615800.0,513688
20230921 20:00,1615100.0,1618000.0,1602500.0,1605500.0,631194
20230924 20:00,1611600.0,1611900.0,1587300.0,1603899.0,1129837
20230925 20:00,1601100.0,1602000.0,1588600.0,1592600.0,517042
20230926 20:00,1594000.0,1595600.0,1552600.0,1570000.0,1109549
20230927 20:00,1572900.0,1579700.0,1562300.0,1569000.0,839540
20230928 20:00,1568800.0,1574700.0,1553600.0,1556600.0,729192
20231001 20:00,1562400.0,1563500.0,1533300.0,1551500.0,579734
20231002 20:00,1552700.0,1557200.0,1538899.0,1554900.0,662044
20231003 20:00,1551300.0,1558899.0,1545700.0,1552100.0,546772
20231004 20:00,1557600.0,1580100.0,1552600.0,1567300.0,699151
20231005 20:00,1571300.0,1583000.0,1565700.0,1576500.0,609639
20231008 20:00,1570500.0,1588800.0,1566100.0,1585300.0,488343
20231009 20:00,1584400.0,1592600.0,1579000.0,1583600.0,458138
20231010 20:00,1583600.0,1590800.0,1560400.0,1565600.0,753030
20231011 20:00,1564900.0,1565500.0,1552700.0,1563300.0,691313
20231012 20:00,1556600.0,1573500.0,1555200.0,1568300.0,497329
20231015 20:00,1565500.0,1582500.0,1565500.0,1580800.0,696326
20231016 20:00,1580400.0,1610000.0,1546200.0,1557500.0,1371171
20231017 20:00,1561100.0,1563700.0,1520600.0,1527000.0,1003065
20231018 20:00,1525000.0,1531000.0,1501600.0,1521699.0,909254
20231019 20:00,1523600.0,1538700.0,1520000.0,1529500.0,877226
20231022 20:00,1529900.0,1535050.0,1512100.0,1516000.0,558465
20231023 20:00,1518600.0,1519600.0,1501399.0,1511600.0,612246
20231024 20:00,1514900.0,1521699.0,1502400.0,1510500.0,571533
20231025 20:00,1516100.0,1520000.0,1488899.0,1497500.0,675453
20231026 20:00,1496600.0,1499800.0,1449600.0,1453000.0,1191619
20231029 20:00,1456000.0,1472400.0,1454600.0,1469600.0,692572
20231030 20:00,1475000.0,1485449.0,1466600.0,1481699.0,594450
20231031 20:00,1482500.0,1497600.0,1482500.0,1486900.0,496328
20231101 20:00,1488800.0,1504900.0,1475600.0,1500900.0,424809
20231102 20:00,1502500.0,1522500.0,1501399.0,1513000.0,504679
20231105 19:00,1513300.0,1524500.0,1513300.0,1515000.0,413757
20231106 19:00,1516000.0,1522500.0,1506900.0,1510800.0,544138
20231107 19:00,1509300.0,1518400.0,1502000.0,1502000.0,458689
20231108 19:00,1505400.0,1507500.0,1472600.0,1477900.0,726892
20231109 19:00,1476000.0,1484900.0,1456399.0,1471500.0,633896
20231112 19:00,1472500.0,1478899.0,1466600.0,1476900.0,587007
20231113 19:00,1479700.0,1485300.0,1469700.0,1478800.0,539804
20231114 19:00,1489500.0,1494100.0,1472700.0,1487500.0,617086
20231115 19:00,1490000.0,1504199.0,1486399.0,1503000.0,537753
20231116 19:00,1504400.0,1507500.0,1490800.0,1497500.0,457198
20231119 19:00,1491300.0,1504000.0,1475600.0,1498000.0,908845
20231120 19:00,1499900.0,1512900.0,1496100.0,1510700.0,527591
20231121 19:00,1510400.0,1520000.0,1504000.0,1508100.0,528003
20231123 19:00,1509100.0,1526699.0,1506200.0,1524700.0,411214
20231126 19:00,1526100.0,1527800.0,1509700.0,1513300.0,483754
20231127 19:00,1513100.0,1518100.0,1508600.0,1516699.0,441020
20231128 19:00,1517700.0,1522000.0,1511000.0,1521200.0,519763
20231129 19:00,1522600.0,1551399.0,1511100.0,1546300.0,720900
20231130 19:00,1560100.0,1587200.0,1554800.0,1585000.0,1193138
20231203 19:00,1582000.0,1600100.0,1575000.0,1587600.0,851415
20231204 19:00,1586500.0,1602000.0,1582200.0,1583500.0,746721
20231205 19:00,1585000.0,1586600.0,1561699.0,1565900.0,740301
20231206 19:00,1565300.0,1565900.0,1547200.0,1554000.0,611127
20231207 19:00,1554199.0,1558100.0,1538400.0,1543600.0,571497
20231210 19:00,1547500.0,1554800.0,1541000.0,1550600.0,527580
20231211 19:00,1550500.0,1555100.0,1536500.0,1551000.0,455585
20231212 19:00,1550400.0,1564600.0,1517900.0,1563800.0,701466
20231213 19:00,1562000.0,1571600.0,1550600.0,1568600.0,833938
20231214 19:00,1567600.0,1575000.0,1537600.0,1551000.0,885911
20231217 19:00,1552200.0,1564300.0,1547400.0,1552400.0,763556
20231218 19:00,1555500.0,1564900.0,1547800.0,1563000.0,645442
20231219 19:00,1566000.0,1568000.0,1531100.0,1534300.0,613836
20231220 19:00,1537000.0,1551300.0,1533000.0,1548200.0,411943
20231221 19:00,1548100.0,1565300.0,1547000.0,1551699.0,364605
20231225 19:00,1555000.0,1563500.0,1548500.0,1561399.0,260764
20231226 19:00,1561399.0,1565200.0,1554400.0,1563500.0,459226
20231227 19:00,1562300.0,1572400.0,1559000.0,1568000.0,334340
20231228 19:00,1564900.0,1569700.0,1559700.0,1565200.0,319128
