20190101 19:00,470700.0,472100.0,465600.0,466000.0,1510800
20190102 19:00,466800.0,473600.0,465300.0,467800.0,1595518
20190103 19:00,468500.0,476700.0,466500.0,476700.0,1525853
20190106 19:00,477000.0,478300.0,468800.0,468800.0,1447949
20190107 19:00,471300.0,475700.0,470000.0,474799.0,1325638
20190108 19:00,474099.0,477000.0,464350.0,465700.0,2133073
20190109 19:00,463000.0,470850.0,463000.0,469900.0,1505350
20190110 19:00,470900.0,474700.0,469900.0,474700.0,862666
20190113 19:00,471500.0,473900.0,469950.0,471500.0,1026476
20190114 19:00,469099.0,475950.0,467500.0,475000.0,1073302
20190115 19:00,474000.0,476200.0,468650.0,468700.0,1278863
20190116 19:00,467700.0,471350.0,466599.0,470200.0,1258202
20190117 19:00,470500.0,476800.0,470500.0,474099.0,1137554
20190121 19:00,475900.0,478000.0,472100.0,478000.0,1380982
20190122 19:00,477200.0,484799.0,474000.0,484799.0,1397529
20190123 19:00,489900.0,489900.0,473800.0,476200.0,1123571
20190124 19:00,473600.0,480250.0,472500.0,474600.0,1174591
20190127 19:00,474000.0,475000.0,469450.0,471500.0,993670
20190128 19:00,472400.0,476200.0,471300.0,475500.0,1073951
20190129 19:00,474500.0,478800.0,471599.0,477000.0,1518000
20190130 19:00,479300.0,487800.0,474799.0,484500.0,2372578
20190131 19:00,484099.0,489000.0,484000.0,488100.0,2104548
20190203 19:00,487000.0,494450.0,485100.0,492400.0,1466508
20190204 19:00,492500.0,494650.0,491000.0,492299.0,967794
20190205 19:00,491700.0,493600.0,490200.0,493000.0,798894
20190206 19:00,492000.0,495000.0,490100.0,495000.0,1296420
20190207 19:00,494000.0,496800.0,491200.0,496400.0,987633
20190210 19:00,497100.0,498800.0,494799.0,496000.0,931068
20190211 19:00,495800.0,498600.0,494650.0,497900.0,948949
20190212 19:00,496599.0,500000.0,495200.0,499900.0,1090210
20190213 19:00,496300.0,496800.0,455000.0,455600.0,6038146
20190214 19:00,455700.0,462550.0,452050.0,452700.0,3506329
20190218 19:00,454600.0,455900.0,447750.0,448500.0,2315837
20190219 19:00,450000.0,452299.0,448000.0,450900.0,2462156
20190220 19:00,451800.0,459500.0,449500.0,458000.0,1918855
20190221 19:00,457400.0,459500.0,452000.0,452600.0,2601764
20190224 19:00,456000.0,456000.0,448450.0,449000.0,2773624
20190225 19:00,450100.0,451400.0,446599.0,447000.0,1550221
20190226 19:00,447700.0,450200.0,444300.0,449400.0,1595004
20190227 19:00,449900.0,456000.0,449000.0,453400.0,1797216
20190228 19:00,454799.0,456500.0,452000.0,454500.0,1429012
20190303 19:00,455600.0,456700.0,453100.0,456500.0,1318062
20190304 19:00,457100.0,457100.0,454000.0,455000.0,1345625
20190305 19:00,455000.0,457800.0,453600.0,453600.0,1407168
20190306 19:00,453800.0,455300.0,451100.0,451100.0,1554973
20190307 19:00,452400.0,453000.0,446150.0,449200.0,1686582
20190310 20:00,449300.0,462500.0,449000.0,462200.0,2588607
20190311 20:00,459000.0,462400.0,458900.0,460600.0,2056394
20190312 20:00,461000.0,463350.0,459200.0,462200.0,2018970
20190313 20:00,459500.0,461000.0,456300.0,457800.0,1272332
20190314 20:00,457500.0,458900.0,451400.0,453500.0,2044647
20190317 20:00,454900.0,456750.0,453650.0,454500.0,1597535
20190318 20:00,455400.0,456900.0,453450.0,455200.0,1285247
20190319 20:00,456200.0,458900.0,451900.0,453800.0,1139908
20190320 20:00,453700.0,457600.0,453700.0,454300.0,1888054
20190321 20:00,455100.0,461049.0,454200.0,459300.0,2141738
20190324 20:00,459799.0,462000.0,457200.0,459799.0,1294354
20190325 20:00,460300.0,467900.0,460200.0,467500.0,1372147
20190326 20:00,466200.0,469050.0,463350.0,463900.0,1133700
20190327 20:00,466100.0,469150.0,464850.0,467000.0,925287
20190328 20:00,467900.0,469000.0,464850.0,467500.0,1322886
20190331 20:00,470000.0,471599.0,465900.0,467000.0,1029290
20190401 20:00,466000.0,469200.0,464000.0,464000.0,995740
20190402 20:00,466900.0,466900.0,460400.0,461800.0,1224835
20190403 20:00,461000.0,465400.0,461000.0,464400.0,721608
20190404 20:00,465500.0,465800.0,462000.0,464500.0,722927
20190407 20:00,465300.0,465800.0,462500.0,465800.0,778108
20190408 20:00,465300.0,467200.0,462700.0,466000.0,790606
20190409 20:00,466700.0,469950.0,465650.0,466000.0,608056
20190410 20:00,467500.0,467800.0,465500.0,467000.0,666330
20190411 20:00,468500.0,469200.0,465800.0,466599.0,982558
20190414 20:00,467200.0,470400.0,467000.0,470100.0,836114
20190415 20:00,472000.0,472000.0,467000.0,468800.0,1193640
20190416 20:00,470000.0,475400.0,469500.0,472900.0,1109687
20190417 20:00,472800.0,475700.0,472800.0,473800.0,832938
20190421 20:00,475000.0,476000.0,470100.0,473800.0,888383
20190422 20:00,474700.0,493700.0,474700.0,482500.0,2072808
20190423 20:00,481000.0,482200.0,479000.0,479400.0,1317070
20190424 20:00,479000.0,479900.0,474700.0,478000.0,923966
20190425 20:00,477000.0,484500.0,477000.0,481500.0,931347
20190428 20:00,482700.0,484500.0,481000.0,483200.0,726529
20190429 20:00,483800.0,491750.0,483800.0,491500.0,1892572
20190430 20:00,491000.0,491000.0,484500.0,485000.0,931361
20190501 20:00,485900.0,487600.0,482700.0,484099.0,936032
20190502 20:00,483900.0,489600.0,483900.0,486400.0,677381
20190505 20:00,483400.0,486100.0,482400.0,482600.0,813633
20190506 20:00,483600.0,484600.0,477700.0,480300.0,1021043
20190507 20:00,481300.0,482100.0,478000.0,478000.0,778775
20190508 20:00,476400.0,479700.0,470800.0,473200.0,1361276
20190509 20:00,473900.0,483700.0,473900.0,483700.0,1170674
20190512 20:00,479500.0,481300.0,477400.0,480500.0,1044351
20190513 20:00,486000.0,493200.0,483500.0,488600.0,1465704
20190514 20:00,486900.0,493750.0,486000.0,491000.0,1158075
20190515 20:00,493400.0,496500.0,492200.0,495600.0,1556221
20190516 20:00,493800.0,495450.0,491750.0,492000.0,1049867
20190519 20:00,493600.0,493600.0,487650.0,488900.0,1294773
20190520 20:00,490100.0,490500.0,484500.0,485900.0,1027043
20190521 20:00,485800.0,497000.0,484900.0,496500.0,1729135
20190522 20:00,494799.0,499500.0,494500.0,497700.0,1280820
20190523 20:00,499400.0,499400.0,495300.0,496300.0,800124
20190527 20:00,497200.0,497500.0,490400.0,493600.0,1011125
20190528 20:00,489900.0,490300.0,484150.0,486000.0,1350200
20190529 20:00,487299.0,494700.0,486700.0,491000.0,1060276
20190530 20:00,490000.0,493000.0,487800.0,491500.0,1237979
20190602 20:00,490700.0,500500.0,490200.0,500500.0,1606140
20190603 20:00,501000.0,502800.0,496200.0,500500.0,1257970
20190604 20:00,501000.0,511400.0,496900.0,507500.0,1912958
20190605 20:00,507900.0,516599.0,505900.0,514500.0,1432207
20190606 20:00,513800.0,521800.0,513800.0,513900.0,1654702
20190609 20:00,515000.0,516000.0,511000.0,513200.0,1278097
20190610 20:00,512500.0,515900.0,511800.0,514300.0,1135960
20190611 20:00,513300.0,521300.0,513300.0,516000.0,1083130
20190612 20:00,512100.0,516900.0,507800.0,511500.0,1242540
20190613 20:00,510600.0,515250.0,510600.0,514099.0,780069
20190616 20:00,512900.0,514500.0,506100.0,508700.0,920171
20190617 20:00,509700.0,512900.0,505300.0,506400.0,971349
20190618 20:00,505300.0,512400.0,504600.0,511100.0,1046092
20190619 20:00,512500.0,517849.0,510800.0,517800.0,1139577
20190620 20:00,515500.0,518850.0,513500.0,515000.0,1231802
20190623 20:00,515000.0,522000.0,515000.0,519200.0,1093221
20190624 20:00,519700.0,520900.0,516400.0,516800.0,1374547
20190625 20:00,517600.0,517800.0,510500.0,512000.0,977215
20190626 20:00,511800.0,514500.0,509700.0,510800.0,1020315
20190627 20:00,511500.0,514000.0,505300.0,511700.0,1195162
20190630 20:00,511500.0,516900.0,507800.0,516800.0,1091634
20190701 20:00,516700.0,520500.0,515500.0,520400.0,776332
20190702 20:00,520000.0,523250.0,519700.0,520100.0,587526
20190704 20:00,520000.0,521200.0,514799.0,521200.0,632936
20190707 20:00,521700.0,523200.0,518950.0,520000.0,838929
20190708 20:00,519200.0,519600.0,514300.0,517299.0,785096
20190709 20:00,515900.0,519650.0,514500.0,519000.0,800025
20190710 20:00,518400.0,521200.0,516650.0,521200.0,766109
20190711 20:00,520600.0,523000.0,519200.0,521000.0,645798
20190714 20:00,521500.0,522800.0,518700.0,521300.0,572060
20190715 20:00,522400.0,524700.0,518150.0,521000.0,734702
20190716 20:00,521200.0,522500.0,520200.0,520500.0,763481
20190717 20:00,520700.0,522000.0,516700.0,521900.0,918149
20190718 20:00,519500.0,521500.0,513500.0,513500.0,717306
20190721 20:00,513900.0,516000.0,511300.0,511500.0,1275707
20190722 20:00,512700.0,547500.0,511300.0,545600.0,3610549
20190723 20:00,543700.0,548200.0,536250.0,538000.0,1506061
20190724 20:00,537100.0,538000.0,527200.0,530600.0,2528212
20190725 20:00,529800.0,543050.0,529800.0,540300.0,1267548
20190728 20:00,541400.0,543700.0,539100.0,541000.0,1416565
20190729 20:00,540600.0,543000.0,535100.0,537000.0,917757
20190730 20:00,538100.0,539000.0,520400.0,525800.0,1916138
20190731 20:00,527000.0,532000.0,520000.0,520000.0,2583319
20190801 20:00,518800.0,527300.0,518200.0,523900.0,1595839
20190804 20:00,520900.0,526600.0,507500.0,514400.0,2171471
20190805 20:00,518000.0,527500.0,516200.0,526800.0,1874279
20190806 20:00,524200.0,533900.0,517700.0,530100.0,2003146
20190807 20:00,532700.0,537800.0,528600.0,536000.0,1024116
20190808 20:00,537300.0,538900.0,530800.0,534000.0,814974
20190811 20:00,534200.0,535000.0,529900.0,531400.0,657172
20190812 20:00,532100.0,536100.0,528800.0,535600.0,1138831
20190813 20:00,534300.0,539650.0,529700.0,531200.0,1650829
20190814 20:00,529600.0,539950.0,527100.0,539900.0,1184026
20190815 20:00,540900.0,545000.0,539000.0,543300.0,1100049
20190818 20:00,547000.0,548300.0,543150.0,546900.0,802715
20190819 20:00,546800.0,547500.0,537900.0,537900.0,752213
20190820 20:00,541200.0,544100.0,538600.0,539100.0,665383
20190821 20:00,542700.0,546350.0,539000.0,545000.0,846393
20190822 20:00,546300.0,547100.0,534000.0,537000.0,1552841
20190825 20:00,540000.0,545900.0,537300.0,545900.0,1385516
20190826 20:00,546900.0,549450.0,544100.0,546800.0,1307154
20190827 20:00,547500.0,551500.0,544300.0,551000.0,1078184
20190828 20:00,551400.0,554000.0,546100.0,550300.0,892878
20190829 20:00,551700.0,552300.0,548100.0,549700.0,842607
20190902 20:00,548800.0,553200.0,547700.0,553000.0,861051
20190903 20:00,556500.0,559200.0,553000.0,555800.0,911963
20190904 20:00,559500.0,560100.0,549800.0,551000.0,1758336
20190905 20:00,552400.0,553900.0,547650.0,552300.0,968978
20190908 20:00,553200.0,554000.0,543650.0,545200.0,1129459
20190909 20:00,544300.0,546400.0,538550.0,544700.0,1379857
20190910 20:00,544600.0,548100.0,539700.0,547900.0,1234965
20190911 20:00,547700.0,553100.0,547700.0,551400.0,1418752
20190912 20:00,548800.0,548800.0,540700.0,542500.0,1179677
20190915 20:00,542600.0,544100.0,536300.0,539700.0,933700
20190916 20:00,539600.0,546950.0,538000.0,543300.0,1131844
20190917 20:00,541400.0,542900.0,538300.0,542400.0,851457
20190918 20:00,542300.0,545900.0,541350.0,545200.0,747959
20190919 20:00,545700.0,547600.0,539000.0,539200.0,1387653
20190922 20:00,539700.0,543600.0,538500.0,542500.0,705367
20190923 20:00,541700.0,546000.0,540400.0,543000.0,1118628
20190924 20:00,543000.0,545400.0,540000.0,541500.0,1031272
20190925 20:00,543200.0,545750.0,541300.0,544800.0,951008
20190926 20:00,544200.0,546100.0,540050.0,544000.0,814411
20190929 20:00,545000.0,546700.0,541800.0,544500.0,757821
20190930 20:00,546100.0,547800.0,540200.0,546900.0,1329712
20191001 20:00,545000.0,545200.0,529100.0,530300.0,1583665
20191002 20:00,532200.0,539700.0,528300.0,539600.0,1604473
20191003 20:00,538900.0,545400.0,538200.0,544800.0,734622
20191006 20:00,544900.0,544900.0,537700.0,539100.0,674584
20191007 20:00,539000.0,540600.0,534500.0,535600.0,1370258
20191008 20:00,537600.0,540900.0,535000.0,535000.0,779198
20191009 20:00,537900.0,538750.0,533600.0,537000.0,914527
20191010 20:00,538200.0,539300.0,532000.0,534300.0,1264745
20191013 20:00,533200.0,536700.0,532250.0,534000.0,821714
20191014 20:00,533800.0,536800.0,532700.0,536300.0,890753
20191015 20:00,535100.0,536000.0,531400.0,535200.0,1119994
20191016 20:00,536200.0,543800.0,535850.0,543800.0,1510795
20191017 20:00,543200.0,553850.0,540300.0,547100.0,1818851
20191020 20:00,548800.0,551300.0,536850.0,542000.0,1242159
20191021 20:00,542500.0,544200.0,537500.0,539400.0,846193
20191022 20:00,540800.0,547100.0,539800.0,546900.0,948610
20191023 20:00,547200.0,548100.0,542800.0,545300.0,643465
20191024 20:00,547000.0,547000.0,536800.0,537000.0,968797
20191027 20:00,538700.0,539400.0,533700.0,535600.0,927242
20191028 20:00,535000.0,536550.0,532600.0,534100.0,837485
20191029 20:00,535200.0,540500.0,531600.0,539300.0,847211
20191030 20:00,539400.0,544700.0,538500.0,544000.0,970257
20191031 20:00,543700.0,547100.0,538650.0,538900.0,914256
20191103 19:00,539900.0,540600.0,529750.0,530900.0,1608136
20191104 19:00,533000.0,534500.0,521200.0,524099.0,2018774
20191105 19:00,525400.0,528700.0,524150.0,528000.0,1508274
20191106 19:00,528900.0,530900.0,519600.0,523500.0,1149320
20191107 19:00,524500.0,526000.0,520900.0,522000.0,714645
20191110 19:00,523300.0,523700.0,517750.0,518500.0,815981
20191111 19:00,518400.0,523300.0,515900.0,516300.0,1067460
20191112 19:00,517299.0,524450.0,517000.0,523100.0,1114668
20191113 19:00,524700.0,526650.0,523500.0,526000.0,881178
20191114 19:00,527800.0,527800.0,523800.0,526500.0,630077
20191117 19:00,527600.0,534400.0,526800.0,530300.0,845112
20191118 19:00,532000.0,533050.0,528750.0,530000.0,657895
20191119 19:00,531000.0,533900.0,530000.0,532100.0,948186
20191120 19:00,532400.0,533300.0,527800.0,530000.0,629074
20191121 19:00,530900.0,532400.0,527500.0,530300.0,583229
20191124 19:00,532000.0,533850.0,527750.0,533000.0,698214
20191125 19:00,532000.0,539400.0,532000.0,539000.0,826671
20191126 19:00,540000.0,541000.0,536000.0,538900.0,863600
20191128 19:00,537100.0,538900.0,532200.0,534000.0,644496
20191201 19:00,536000.0,537600.0,528500.0,534100.0,1328437
20191202 19:00,537500.0,538300.0,534100.0,536500.0,1451331
20191203 19:00,538500.0,543100.0,537200.0,542500.0,1436130
20191204 19:00,542900.0,543000.0,534000.0,542700.0,1002222
20191205 19:00,541500.0,544950.0,541400.0,544600.0,755720
20191208 19:00,544700.0,545000.0,540000.0,540000.0,1003066
20191209 19:00,540700.0,542400.0,537300.0,538200.0,929392
20191210 19:00,539300.0,541400.0,536600.0,538800.0,935366
20191211 19:00,540400.0,544500.0,539400.0,542500.0,1405795
20191212 19:00,542000.0,545400.0,538400.0,544100.0,1065250
20191215 19:00,545300.0,548500.0,543750.0,544200.0,1085891
20191216 19:00,544300.0,546000.0,542900.0,544800.0,747124
20191217 19:00,544800.0,547400.0,538900.0,539000.0,1187546
20191218 19:00,539400.0,543350.0,539000.0,543200.0,954777
20191219 19:00,543800.0,551950.0,542600.0,550200.0,1612803
20191222 19:00,551400.0,552300.0,548400.0,549000.0,608987
20191223 19:00,549800.0,550000.0,546400.0,547100.0,305160
20191225 19:00,548000.0,550800.0,547300.0,550800.0,434990
20191226 19:00,551600.0,554400.0,550100.0,552500.0,597832
20191229 19:00,553500.0,554300.0,550650.0,552800.0,588568
20191230 19:00,552500.0,554200.0,549850.0,554200.0,556459
20200101 19:00,554700.0,555400.0,547700.0,550900.0,936227
20200102 19:00,547800.0,549800.0,540900.0,546900.0,942729
20200105 19:00,545700.0,549000.0,544000.0,546400.0,968244
20200106 19:00,547800.0,547900.0,540000.0,540300.0,887836
20200107 19:00,541200.0,546400.0,541200.0,542500.0,857647
20200108 19:00,547700.0,553900.0,547500.0,553400.0,1317954
20200109 19:00,553500.0,559250.0,553500.0,555900.0,1164415
20200112 19:00,556800.0,562250.0,554200.0,561300.0,959772
20200113 19:00,562300.0,562900.0,558350.0,560300.0,1223700
20200114 19:00,561300.0,569800.0,560000.0,567000.0,1213803
20200115 19:00,569200.0,569500.0,566050.0,568500.0,688727
20200116 19:00,568300.0,571400.0,566800.0,568800.0,892893
20200120 19:00,568700.0,572400.0,565750.0,571600.0,780916
20200121 19:00,572400.0,576400.0,571800.0,575800.0,895836
20200122 19:00,576100.0,578400.0,572400.0,578300.0,996417
20200123 19:00,578300.0,579500.0,574700.0,577100.0,990919
20200126 19:00,573500.0,578450.0,571000.0,574000.0,1841784
20200127 19:00,575900.0,577500.0,569700.0,570150.0,1185853
20200128 19:00,570800.0,572500.0,566600.0,570000.0,1194736
20200129 19:00,570100.0,589900.0,560000.0,588800.0,2335031
20200130 19:00,588200.0,590750.0,581500.0,585200.0,2021697
20200202 19:00,585200.0,589700.0,583000.0,584100.0,1223501
20200203 19:00,589400.0,594450.0,586300.0,588400.0,1539102
20200204 19:00,588500.0,591700.0,585400.0,589400.0,1076841
20200205 19:00,590200.0,593300.0,588500.0,590000.0,823568
20200206 19:00,588700.0,593100.0,588100.0,591600.0,616610
20200209 19:00,592600.0,598350.0,591900.0,598100.0,792295
20200210 19:00,599000.0,599900.0,593200.0,594800.0,765744
20200211 19:00,597500.0,598700.0,593150.0,594100.0,842060
20200212 19:00,594100.0,598350.0,592100.0,596100.0,811904
20200213 19:00,596100.0,600700.0,596100.0,599000.0,851263
20200217 19:00,599700.0,599700.0,594550.0,595300.0,686968
20200218 19:00,596200.0,599950.0,594800.0,596900.0,537157
20200219 19:00,598600.0,598600.0,591100.0,595600.0,963240
20200220 19:00,597200.0,601300.0,593000.0,601300.0,866905
20200223 19:00,592500.0,598000.0,585000.0,587000.0,1613915
20200224 19:00,588500.0,591950.0,576300.0,578300.0,1782978
20200225 19:00,572900.0,584600.0,569400.0,577800.0,1772327
20200226 19:00,572100.0,578800.0,540000.0,544000.0,3020772
20200227 19:00,535500.0,545000.0,515900.0,539600.0,5392388
20200301 19:00,539600.0,559500.0,531200.0,557500.0,3502313
20200302 19:00,560100.0,574800.0,556500.0,558000.0,3638034
20200303 19:00,568700.0,589900.0,564100.0,587400.0,2120424
20200304 19:00,585600.0,585900.0,561900.0,568000.0,2564599
20200305 19:00,566200.0,566200.0,539800.0,550200.0,2575340
20200308 20:00,526200.0,535750.0,510100.0,529000.0,3261241
20200309 20:00,527500.0,539900.0,511800.0,530100.0,3444553
20200310 20:00,532900.0,532900.0,511450.0,522100.0,2896928
20200311 20:00,510000.0,511000.0,461500.0,466000.0,3253048
20200312 20:00,481500.0,497400.0,466100.0,481800.0,2920969
20200315 20:00,465000.0,478800.0,411800.0,459900.0,3498527
20200316 20:00,467800.0,475000.0,451200.0,460100.0,4772009
20200317 20:00,451000.0,452000.0,415900.0,452000.0,4569564
20200318 20:00,443800.0,453400.0,410500.0,418000.0,5177624
20200319 20:00,429900.0,442600.0,375200.0,384000.0,6495211
20200322 20:00,377500.0,400200.0,362700.0,385800.0,5479653
20200323 20:00,398200.0,414500.0,385000.0,394000.0,5590307
20200324 20:00,413000.0,434500.0,399200.0,417900.0,5273526
20200325 20:00,412000.0,452600.0,408100.0,445000.0,4690248
20200326 20:00,440500.0,441900.0,424099.0,429000.0,2235564
20200329 20:00,425400.0,455600.0,425000.0,453500.0,2271764
20200330 20:00,455000.0,459200.0,434200.0,434200.0,2300305
20200331 20:00,434200.0,436400.0,418000.0,422700.0,2310977
20200401 20:00,428000.0,441900.0,414700.0,439000.0,2368922
20200402 20:00,437200.0,443300.0,430500.0,438200.0,1605689
20200405 20:00,452000.0,470000.0,446950.0,466000.0,2392980
20200406 20:00,481100.0,487000.0,462500.0,468400.0,2230854
20200407 20:00,466300.0,480900.0,463400.0,478000.0,2411487
20200408 20:00,483800.0,497299.0,476000.0,493400.0,2395848
20200412 20:00,487500.0,489900.0,465000.0,474799.0,2332536
20200413 20:00,477800.0,493000.0,469400.0,489900.0,2723873
20200414 20:00,485200.0,485400.0,471100.0,471100.0,1687280
20200415 20:00,479600.0,485800.0,467600.0,485000.0,1781574
20200416 20:00,481000.0,484900.0,473700.0,478200.0,1880467
20200419 20:00,481000.0,482000.0,463800.0,467000.0,1942837
20200420 20:00,465300.0,475000.0,442600.0,456000.0,2529075
20200421 20:00,460000.0,463000.0,455050.0,455200.0,1638991
20200422 20:00,455000.0,463000.0,449500.0,449600.0,1804397
20200423 20:00,449900.0,457400.0,449900.0,455400.0,1686624
20200426 20:00,458500.0,469900.0,457100.0,468200.0,2082129
20200427 20:00,468200.0,480000.0,465700.0,469000.0,1896125
20200428 20:00,471500.0,478600.0,468900.0,473700.0,1963628
20200429 20:00,474900.0,476100.0,455000.0,456000.0,2333611
20200430 20:00,453000.0,463900.0,451500.0,458200.0,1862526
20200503 20:00,456100.0,456200.0,446000.0,451200.0,2498279
20200504 20:00,455800.0,461000.0,451400.0,454900.0,1770121
20200505 20:00,455300.0,457800.0,447000.0,447500.0,1553684
20200506 20:00,450000.0,453800.0,445100.0,447900.0,1680858
20200507 20:00,451500.0,462500.0,448000.0,461700.0,1968114
20200510 20:00,463400.0,464000.0,455100.0,455500.0,1316290
20200511 20:00,455400.0,459200.0,445600.0,446000.0,1547834
20200512 20:00,448200.0,451000.0,435250.0,439500.0,1908065
20200513 20:00,437400.0,440700.0,432299.0,437299.0,2630397
20200514 20:00,440100.0,446800.0,432000.0,434000.0,3620531
20200517 20:00,438300.0,455500.0,437900.0,450800.0,2429420
20200518 20:00,452299.0,453500.0,442500.0,448000.0,2379903
20200519 20:00,448400.0,461599.0,448400.0,459000.0,3135081
20200520 20:00,458200.0,461000.0,450300.0,452000.0,1743590
20200521 20:00,449600.0,454500.0,446500.0,451000.0,1584163
20200525 20:00,460500.0,469300.0,456400.0,461000.0,2465951
20200526 20:00,464700.0,472500.0,461650.0,466900.0,2860012
20200527 20:00,470000.0,475400.0,467700.0,471000.0,2182988
20200528 20:00,469600.0,473900.0,461400.0,469000.0,4839708
20200531 20:00,466700.0,472200.0,463000.0,469000.0,1956435
20200601 20:00,471599.0,475400.0,465700.0,471000.0,1783093
20200602 20:00,471800.0,481100.0,471200.0,480000.0,1781483
20200603 20:00,478000.0,482650.0,473800.0,479500.0,1842117
20200604 20:00,484500.0,494850.0,483800.0,492000.0,2893281
20200607 20:00,492500.0,499600.0,490900.0,499300.0,2791358
20200608 20:00,497100.0,497700.0,486900.0,492500.0,1827594
20200609 20:00,492600.0,494400.0,484300.0,484300.0,2126930
20200610 20:00,478100.0,480000.0,454600.0,462000.0,3800056
20200611 20:00,459900.0,464799.0,450200.0,456300.0,2718379
20200614 20:00,446500.0,466000.0,444200.0,466000.0,1936886
20200615 20:00,467600.0,476800.0,461900.0,468200.0,2265283
20200616 20:00,470200.0,472600.0,464000.0,464000.0,1439500
20200617 20:00,467500.0,471300.0,460700.0,471300.0,1414250
20200618 20:00,471599.0,478500.0,457500.0,462000.0,3254731
20200621 20:00,462000.0,464500.0,453800.0,460000.0,2453672
20200622 20:00,460000.0,463200.0,455300.0,456000.0,1790157
20200623 20:00,456300.0,456400.0,445000.0,446599.0,2749882
20200624 20:00,444900.0,450000.0,440300.0,450000.0,1772686
20200625 20:00,448600.0,452600.0,435100.0,437200.0,2694891
20200628 20:00,440100.0,446000.0,435500.0,446000.0,2241880
20200629 20:00,444099.0,448250.0,440400.0,445000.0,3099466
20200630 20:00,448500.0,455300.0,445500.0,448100.0,2413411
20200701 20:00,451500.0,454700.0,448000.0,450800.0,1981787
20200705 20:00,458300.0,459099.0,446100.0,454400.0,2092247
20200706 20:00,452200.0,454950.0,448000.0,452299.0,1487946
20200707 20:00,452000.0,452900.0,444799.0,450700.0,1931383
20200708 20:00,450600.0,452800.0,438250.0,440100.0,2434285
20200709 20:00,438500.0,452500.0,436500.0,451500.0,1957740
20200712 20:00,453300.0,456900.0,449600.0,452600.0,2059181
20200713 20:00,452600.0,461800.0,446800.0,461300.0,2610652
20200714 20:00,460000.0,471900.0,460000.0,464400.0,3292643
20200715 20:00,463800.0,466900.0,459400.0,461500.0,1884293
20200716 20:00,462299.0,469099.0,461300.0,469000.0,1581266
20200719 20:00,467700.0,469400.0,458500.0,462500.0,2485116
20200720 20:00,463400.0,479900.0,460000.0,473600.0,3759723
20200721 20:00,472000.0,485150.0,470100.0,484799.0,4947734
20200722 20:00,485700.0,487500.0,480400.0,484099.0,2450276
20200723 20:00,480000.0,487950.0,478900.0,484000.0,2574383
20200726 20:00,486200.0,487200.0,481800.0,485100.0,2228269
20200727 20:00,487000.0,492800.0,480700.0,482400.0,2147260
20200728 20:00,483000.0,485000.0,478200.0,480200.0,1798192
20200729 20:00,479099.0,482299.0,472100.0,476900.0,2669435
20200730 20:00,476700.0,477750.0,467350.0,471500.0,2101989
20200802 20:00,473300.0,474500.0,462299.0,463800.0,1970240
20200803 20:00,464099.0,468500.0,462200.0,466200.0,1397371
20200804 20:00,470900.0,473600.0,467800.0,472000.0,1511281
20200805 20:00,472500.0,475300.0,465500.0,473600.0,1673411
20200806 20:00,474400.0,480700.0,472000.0,478000.0,1808274
20200809 20:00,479700.0,482700.0,476599.0,477200.0,1361926
20200810 20:00,478100.0,486500.0,477000.0,479900.0,2059901
20200811 20:00,482700.0,486800.0,480800.0,483900.0,1086611
20200812 20:00,484300.0,487299.0,480600.0,484099.0,1555264
20200813 20:00,483700.0,486850.0,480400.0,484500.0,1278991
20200816 20:00,484799.0,487450.0,482100.0,482200.0,1162529
20200817 20:00,484000.0,485000.0,479700.0,485000.0,1338340
20200818 20:00,484099.0,485200.0,470300.0,472100.0,2183660
20200819 20:00,471700.0,476000.0,470500.0,473500.0,1717204
20200820 20:00,473500.0,474900.0,469750.0,473100.0,1591854
20200823 20:00,475100.0,480000.0,471800.0,480000.0,1347169
20200824 20:00,480000.0,484099.0,476599.0,479099.0,940168
20200825 20:00,479700.0,482000.0,474750.0,482000.0,1177009
20200826 20:00,481700.0,488200.0,480500.0,483200.0,1511295
20200827 20:00,483300.0,498500.0,483300.0,498500.0,2331959
20200830 20:00,499000.0,502100.0,493549.0,495000.0,2100504
20200831 20:00,496900.0,497900.0,488350.0,492000.0,1800297
20200901 20:00,492100.0,514000.0,491599.0,514000.0,3824229
20200902 20:00,512700.0,521350.0,500000.0,501200.0,3618809
20200903 20:00,506300.0,514600.0,502849.0,510000.0,3160718
20200907 20:00,515900.0,516700.0,493700.0,497700.0,2808769
20200908 20:00,500200.0,507500.0,495400.0,502500.0,1616543
20200909 20:00,501599.0,506700.0,499500.0,503000.0,2338843
20200910 20:00,503100.0,511950.0,501100.0,510300.0,2455146
20200913 20:00,511400.0,512800.0,505800.0,507000.0,1616964
20200914 20:00,508600.0,513700.0,507500.0,510000.0,1268961
20200915 20:00,510400.0,514400.0,507450.0,508500.0,1552811
20200916 20:00,503400.0,506599.0,499400.0,506000.0,1697573
20200917 20:00,506000.0,511500.0,502200.0,504500.0,2097372
20200920 20:00,504500.0,504500.0,486049.0,492299.0,2029721
20200921 20:00,490600.0,500300.0,489700.0,496900.0,1437619
20200922 20:00,497000.0,499200.0,481700.0,483100.0,1889770
20200923 20:00,482100.0,494000.0,475700.0,492000.0,1944448
20200924 20:00,489600.0,489600.0,479799.0,486900.0,1855402
20200927 20:00,490000.0,497000.0,487200.0,493500.0,1305023
20200928 20:00,493900.0,495500.0,489200.0,490000.0,1427145
20200929 20:00,490000.0,496150.0,488000.0,493700.0,1819029
20200930 20:00,496599.0,497500.0,485900.0,491800.0,2435799
20201001 20:00,485900.0,495700.0,483700.0,493100.0,1482056
20201004 20:00,494099.0,497000.0,491250.0,493200.0,1031885
20201005 20:00,493600.0,497250.0,488300.0,488500.0,1221986
20201006 20:00,490500.0,497500.0,489500.0,495800.0,980226
20201007 20:00,496300.0,505800.0,495400.0,505500.0,1349117
20201008 20:00,504700.0,512299.0,504700.0,507600.0,1022956
20201011 20:00,508500.0,515200.0,507800.0,512299.0,1047850
20201012 20:00,510900.0,510900.0,499050.0,502500.0,1500921
20201013 20:00,502500.0,504799.0,496550.0,501100.0,1273089
20201014 20:00,498800.0,501200.0,493000.0,500300.0,983903
20201015 20:00,499900.0,503400.0,498700.0,500300.0,1071513
20201018 20:00,504000.0,504750.0,494650.0,497200.0,975653
20201019 20:00,497000.0,506200.0,497000.0,503000.0,1362613
20201020 20:00,502500.0,504300.0,497700.0,497700.0,1220827
20201021 20:00,500000.0,516000.0,497900.0,506400.0,2223442
20201022 20:00,508000.0,511800.0,504650.0,506000.0,1768069
20201025 20:00,502700.0,505000.0,492000.0,498200.0,1744182
20201026 20:00,498000.0,502800.0,495550.0,496500.0,1452862
20201027 20:00,494400.0,495000.0,477849.0,481200.0,2507687
20201028 20:00,482000.0,484700.0,473000.0,479900.0,1649933
20201029 20:00,476400.0,483900.0,473700.0,480500.0,1697974
20201101 19:00,483500.0,489450.0,482400.0,486800.0,1401647
20201102 19:00,489700.0,499550.0,489700.0,497000.0,1626845
20201103 19:00,492600.0,502000.0,490600.0,491000.0,1490907
20201104 19:00,495000.0,502100.0,492200.0,494400.0,1277303
20201105 19:00,494000.0,499900.0,491599.0,495500.0,1011346
20201108 19:00,499600.0,532600.0,499500.0,526900.0,3961304
20201109 19:00,525300.0,542800.0,519099.0,540200.0,2934844
20201110 19:00,540600.0,542950.0,533400.0,535900.0,1547934
20201111 19:00,534700.0,535000.0,526100.0,530500.0,1541299
20201112 19:00,531000.0,535800.0,529050.0,534700.0,1063217
20201115 19:00,536000.0,547000.0,532850.0,538800.0,1312439
20201116 19:00,540100.0,541300.0,530300.0,537800.0,1204969
20201117 19:00,537000.0,540200.0,525100.0,528000.0,1321982
20201118 19:00,525200.0,532300.0,519500.0,527000.0,1837267
20201119 19:00,529100.0,532500.0,525000.0,527200.0,1763124
20201122 19:00,530200.0,532100.0,522050.0,527900.0,1217445
20201123 19:00,530000.0,535850.0,529500.0,533000.0,1217225
20201124 19:00,532200.0,532800.0,528000.0,530600.0,986573
20201126 19:00,531200.0,532400.0,526150.0,527600.0,870986
20201129 19:00,523800.0,524700.0,510800.0,517100.0,2250119
20201130 19:00,522299.0,523300.0,517900.0,520000.0,1434451
20201201 19:00,521400.0,522500.0,516400.0,521200.0,1210419
20201202 19:00,521100.0,529400.0,519000.0,527300.0,1423855
20201203 19:00,528000.0,538700.0,527700.0,537800.0,1419723
20201206 19:00,536600.0,537900.0,527000.0,530100.0,1085476
20201207 19:00,530700.0,534800.0,527200.0,531800.0,1051525
20201208 19:00,533300.0,536000.0,530000.0,534300.0,936717
20201209 19:00,533300.0,536000.0,529900.0,531500.0,831266
20201210 19:00,530600.0,535400.0,527300.0,535400.0,1093284
20201213 19:00,535500.0,538400.0,532150.0,533400.0,1984599
20201214 19:00,533800.0,542150.0,533800.0,539100.0,1708853
20201215 19:00,540000.0,541000.0,529400.0,531300.0,1465547
20201216 19:00,531500.0,537000.0,531500.0,532700.0,1124622
20201217 19:00,532200.0,539000.0,526250.0,538300.0,1889935
20201220 19:00,531300.0,532100.0,519799.0,527500.0,1337960
20201221 19:00,528100.0,531700.0,524000.0,527600.0,958070
20201222 19:00,528200.0,533800.0,528200.0,530700.0,744232
20201223 19:00,531000.0,535800.0,530500.0,535800.0,324349
20201227 19:00,537400.0,544300.0,536000.0,542800.0,765969
20201228 19:00,543300.0,544800.0,540200.0,541400.0,911162
20201229 19:00,542500.0,546900.0,540400.0,546900.0,889077
20201230 19:00,545000.0,549500.0,542700.0,548400.0,881824
20210103 19:00,550000.0,550000.0,520300.0,527700.0,2810604
20210104 19:00,529800.0,529800.0,517100.0,518300.0,2235625
20210105 19:00,519500.0,523600.0,501900.0,505600.0,4125878
20210106 19:00,507200.0,508200.0,495200.0,501599.0,4812974
20210107 19:00,502600.0,511250.0,498400.0,510800.0,2957418
20210110 19:00,510800.0,510800.0,499550.0,502600.0,2159797
20210111 19:00,502700.0,504000.0,497700.0,501000.0,1726733
20210112 19:00,501800.0,503549.0,498100.0,502100.0,1193342
20210113 19:00,503200.0,511700.0,492100.0,492299.0,2165627
20210114 19:00,492600.0,494300.0,485300.0,486900.0,2302586
20210118 19:00,492000.0,492200.0,482500.0,486000.0,3013048
20210119 19:00,489600.0,490000.0,483150.0,487900.0,2361739
20210120 19:00,487700.0,491100.0,484700.0,490000.0,1928566
20210121 19:00,489799.0,489799.0,484900.0,485400.0,1165691
20210124 19:00,486200.0,488500.0,482400.0,487800.0,1739721
20210125 19:00,488000.0,493950.0,486100.0,492800.0,1131751
20210126 19:00,491300.0,493200.0,482400.0,483700.0,2518885
20210127 19:00,483000.0,494950.0,481800.0,492299.0,1967297
20210128 19:00,490000.0,491400.0,481150.0,481900.0,1748811
20210131 19:00,484500.0,486850.0,481900.0,485600.0,1260912
20210201 19:00,487500.0,493400.0,486300.0,489900.0,1162878
20210202 19:00,490000.0,492100.0,486900.0,488500.0,1048086
20210203 19:00,488700.0,490900.0,486500.0,490600.0,2053794
20210204 19:00,491000.0,497750.0,491000.0,496599.0,1268486
20210207 19:00,498700.0,501700.0,494950.0,499000.0,1542695
20210208 19:00,499600.0,500200.0,496400.0,499000.0,1251600
20210209 19:00,500300.0,510000.0,494000.0,495800.0,2044129
20210210 19:00,497000.0,505800.0,496300.0,502200.0,2149463
20210211 19:00,501300.0,508400.0,500800.0,506500.0,1185354
20210215 19:00,508600.0,509500.0,501599.0,502000.0,1263486
20210216 19:00,502700.0,504799.0,498900.0,501300.0,1456373
20210217 19:00,502400.0,508500.0,498800.0,506000.0,1495594
20210218 19:00,507000.0,509000.0,499700.0,501800.0,1537377
20210221 19:00,499300.0,508800.0,496800.0,506599.0,1307788
20210222 19:00,505400.0,515100.0,500000.0,505400.0,1980050
20210223 19:00,505000.0,508900.0,501300.0,507600.0,1627294
20210224 19:00,507100.0,508200.0,499799.0,500000.0,1779039
20210225 19:00,501500.0,504900.0,488200.0,490600.0,2111170
20210228 19:00,495000.0,504350.0,493300.0,499500.0,1584909
20210301 19:00,497600.0,505600.0,497100.0,501100.0,1381083
20210302 19:00,501300.0,505550.0,496700.0,499200.0,1564035
20210303 19:00,499000.0,510850.0,496200.0,498200.0,2973217
20210304 19:00,496700.0,509450.0,496700.0,508000.0,2522091
20210307 19:00,508100.0,524900.0,507700.0,519500.0,2819979
20210308 19:00,519000.0,520300.0,508200.0,509000.0,2331783
20210309 19:00,511000.0,516300.0,507150.0,514799.0,2381036
20210310 19:00,514400.0,515700.0,508150.0,510000.0,1422853
20210311 19:00,505600.0,508500.0,502000.0,503200.0,1875373
20210314 20:00,504900.0,511200.0,503600.0,509600.0,1202792
20210315 20:00,509200.0,515150.0,509200.0,513000.0,1365323
20210316 20:00,512800.0,516100.0,511300.0,512000.0,1935174
20210317 20:00,512400.0,512900.0,504850.0,505900.0,1511738
20210318 20:00,503500.0,510200.0,501750.0,506400.0,3287687
20210321 20:00,506599.0,510700.0,503000.0,509400.0,1653588
20210322 20:00,508300.0,516500.0,506599.0,513500.0,1608636
20210323 20:00,513200.0,518850.0,511400.0,515200.0,1511578
20210324 20:00,515000.0,521200.0,511700.0,519099.0,1642681
20210325 20:00,521000.0,531100.0,517600.0,526900.0,1842444
20210328 20:00,527400.0,539700.0,525000.0,539700.0,1383898
20210329 20:00,538500.0,539700.0,529300.0,531500.0,1514613
20210330 20:00,531500.0,531600.0,525100.0,528000.0,1183900
20210331 20:00,527100.0,531300.0,524600.0,526400.0,1409189
20210404 20:00,526500.0,532100.0,522800.0,527800.0,1617790
20210405 20:00,529000.0,536500.0,526700.0,532000.0,1467980
20210406 20:00,531900.0,535000.0,530600.0,535000.0,644136
20210407 20:00,533300.0,534400.0,529800.0,531700.0,662905
20210408 20:00,531800.0,533600.0,528150.0,531500.0,879718
20210411 20:00,531000.0,535500.0,530600.0,533000.0,876023
20210412 20:00,533000.0,534500.0,528100.0,530700.0,1104749
20210413 20:00,530900.0,532300.0,526500.0,530800.0,969567
20210414 20:00,532400.0,536700.0,530000.0,535000.0,1054055
20210415 20:00,534300.0,538000.0,533800.0,536200.0,1270430
20210418 20:00,536800.0,544000.0,533000.0,540800.0,1467520
20210419 20:00,540000.0,545850.0,537500.0,541600.0,1390246
20210420 20:00,541700.0,547350.0,540200.0,545000.0,1084012
20210421 20:00,546000.0,548600.0,543150.0,544600.0,1323796
20210422 20:00,546300.0,547600.0,541700.0,544200.0,799229
20210425 20:00,544700.0,545900.0,535800.0,536600.0,946747
20210426 20:00,536900.0,538300.0,533200.0,535500.0,898898
20210427 20:00,535800.0,540400.0,534400.0,535500.0,956200
20210428 20:00,537100.0,543600.0,533000.0,543100.0,1266806
20210429 20:00,542000.0,543800.0,537000.0,539200.0,1121298
20210502 20:00,543200.0,547950.0,540500.0,544100.0,1266796
20210503 20:00,544100.0,546100.0,539450.0,541200.0,1428285
20210504 20:00,541400.0,544200.0,537150.0,539900.0,847998
20210505 20:00,539900.0,546050.0,538900.0,545500.0,910163
20210506 20:00,545400.0,547600.0,541600.0,545500.0,895938
20210509 20:00,545600.0,554950.0,545300.0,549500.0,1190966
20210510 20:00,549500.0,551300.0,540500.0,543000.0,1467831
20210511 20:00,543000.0,545550.0,538750.0,540500.0,1611010
20210512 20:00,540000.0,547700.0,535500.0,544000.0,1541950
20210513 20:00,546100.0,551000.0,545700.0,547500.0,1191964
20210516 20:00,547500.0,550200.0,545000.0,547900.0,1051390
20210517 20:00,547000.0,548400.0,541050.0,542900.0,1253431
20210518 20:00,542700.0,544500.0,536200.0,541700.0,1455099
20210519 20:00,541700.0,548000.0,539800.0,546000.0,926228
20210520 20:00,547100.0,551150.0,542400.0,546200.0,1605270
20210523 20:00,546200.0,549100.0,544900.0,547800.0,914615
20210524 20:00,548000.0,549500.0,543450.0,549000.0,1348010
20210525 20:00,548800.0,550500.0,545950.0,550000.0,1414596
20210526 20:00,550000.0,555700.0,547750.0,554700.0,2567258
20210527 20:00,554000.0,557050.0,552000.0,553600.0,1967486
20210531 20:00,554500.0,556500.0,551000.0,552900.0,1353656
20210601 20:00,552200.0,556100.0,551700.0,555100.0,950304
20210602 20:00,555300.0,557900.0,551000.0,556800.0,1369871
20210603 20:00,554900.0,564800.0,554900.0,563000.0,1327352
20210606 20:00,563000.0,564100.0,558150.0,560400.0,804034
20210607 20:00,560800.0,562800.0,555500.0,557200.0,997029
20210608 20:00,557400.0,559200.0,553800.0,554900.0,680233
20210609 20:00,554800.0,561100.0,554800.0,559700.0,907353
20210610 20:00,559700.0,562100.0,556550.0,561200.0,1045857
20210613 20:00,559900.0,559900.0,552100.0,554700.0,803115
20210614 20:00,556200.0,558000.0,551950.0,554500.0,850550
20210615 20:00,554000.0,554600.0,545800.0,545800.0,1264995
20210616 20:00,548400.0,551400.0,545000.0,549500.0,918435
20210617 20:00,549000.0,551300.0,536800.0,537300.0,1959548
20210620 20:00,538700.0,544200.0,537700.0,543700.0,1220812
20210621 20:00,543600.0,548500.0,542300.0,545800.0,1203625
20210622 20:00,546500.0,547900.0,540700.0,542000.0,1115072
20210623 20:00,542300.0,544800.0,540050.0,543800.0,1341993
20210624 20:00,544000.0,545900.0,540100.0,543800.0,1018869
20210627 20:00,543700.0,545000.0,540050.0,542600.0,831965
20210628 20:00,542400.0,543700.0,537250.0,539000.0,1266766
20210629 20:00,538600.0,541800.0,536800.0,541500.0,1410078
20210630 20:00,542300.0,544800.0,538600.0,539500.0,1093835
20210701 20:00,539600.0,544500.0,538900.0,541100.0,1094953
20210705 20:00,542000.0,543800.0,535550.0,538700.0,1287980
20210706 20:00,538800.0,543750.0,536600.0,543500.0,772764
20210707 20:00,540000.0,542000.0,537300.0,541300.0,958114
20210708 20:00,541400.0,545200.0,541300.0,544500.0,764511
20210711 20:00,544000.0,545900.0,541900.0,545000.0,824920
20210712 20:00,544800.0,552900.0,544000.0,550900.0,1545377
20210713 20:00,549400.0,563900.0,549400.0,563500.0,1869318
20210714 20:00,561100.0,564700.0,559200.0,562500.0,1273997
20210715 20:00,562500.0,566750.0,561000.0,564800.0,1083057
20210718 20:00,560900.0,563400.0,551650.0,558800.0,1564729
20210719 20:00,560000.0,565000.0,554500.0,565000.0,1464357
20210720 20:00,561900.0,576900.0,561500.0,566000.0,1682897
20210721 20:00,567000.0,568600.0,560550.0,565500.0,1144202
20210722 20:00,565000.0,573300.0,564500.0,570000.0,967058
20210725 20:00,567000.0,571150.0,565400.0,570200.0,679061
20210726 20:00,568600.0,575400.0,567200.0,572500.0,1137693
20210727 20:00,572500.0,574900.0,566300.0,567500.0,838529
20210728 20:00,569800.0,572500.0,567700.0,569000.0,629309
20210729 20:00,569000.0,572400.0,567600.0,570900.0,688552
20210801 20:00,572400.0,574800.0,567100.0,569000.0,759942
20210802 20:00,570600.0,571600.0,567500.0,568900.0,678552
20210803 20:00,569100.0,569400.0,560150.0,560800.0,1007954
20210804 20:00,561800.0,565850.0,561800.0,564800.0,816177
20210805 20:00,565000.0,567800.0,564450.0,566600.0,843794
20210808 20:00,566400.0,568800.0,564300.0,566900.0,634677
20210809 20:00,566500.0,571650.0,565100.0,567300.0,960080
20210810 20:00,568000.0,571800.0,566900.0,566900.0,751897
20210811 20:00,567300.0,569800.0,567000.0,568600.0,497787
20210812 20:00,567800.0,572950.0,567700.0,572100.0,629591
20210815 20:00,571300.0,574900.0,570400.0,574500.0,661933
20210816 20:00,571800.0,575500.0,570200.0,572800.0,907257
20210817 20:00,572700.0,574300.0,563900.0,567000.0,1214278
20210818 20:00,565000.0,569800.0,559000.0,568500.0,933318
20210819 20:00,565400.0,570200.0,565400.0,566400.0,845114
20210822 20:00,568500.0,569700.0,563800.0,565200.0,796885
20210823 20:00,564400.0,567100.0,559000.0,560600.0,891644
20210824 20:00,560800.0,561700.0,557350.0,560700.0,1156740
20210825 20:00,561100.0,562700.0,555100.0,555400.0,1139835
20210826 20:00,556800.0,558100.0,554550.0,556800.0,773626
20210829 20:00,556700.0,562000.0,556300.0,561900.0,797132
20210830 20:00,561900.0,565100.0,560000.0,563900.0,729115
20210831 20:00,566000.0,567950.0,562700.0,567200.0,785959
20210901 20:00,566600.0,570300.0,564100.0,567800.0,850193
20210902 20:00,567800.0,568600.0,562450.0,567100.0,775659
20210906 20:00,567800.0,568000.0,555100.0,557200.0,1407283
20210907 20:00,555600.0,564800.0,555200.0,564000.0,1091093
20210908 20:00,562800.0,564100.0,558000.0,559900.0,807365
20210909 20:00,559800.0,561700.0,555150.0,556100.0,813228
20210912 20:00,557300.0,563900.0,556400.0,562000.0,1332271
20210913 20:00,558000.0,559800.0,555500.0,557000.0,1229553
20210914 20:00,556900.0,560000.0,554200.0,559000.0,1108627
20210915 20:00,558800.0,559800.0,548200.0,553000.0,1337646
20210916 20:00,551600.0,554100.0,543750.0,544900.0,1819454
20210919 20:00,541200.0,543950.0,537300.0,540500.0,1942124
20210920 20:00,544400.0,548200.0,539400.0,540000.0,1113038
20210921 20:00,541100.0,546300.0,540700.0,541900.0,891351
20210922 20:00,542400.0,546150.0,540000.0,540700.0,1084234
20210923 20:00,541000.0,542250.0,538600.0,539000.0,778961
20210926 20:00,542600.0,542600.0,535750.0,536100.0,875646
20210927 20:00,536200.0,536700.0,524350.0,527200.0,1774075
20210928 20:00,529600.0,531550.0,525600.0,530400.0,1052316
20210929 20:00,533000.0,533200.0,524000.0,525100.0,1518702
20210930 20:00,524000.0,532000.0,522400.0,532000.0,1723510
20211003 20:00,531900.0,535200.0,524000.0,529700.0,1663101
20211004 20:00,530500.0,534700.0,528800.0,530700.0,1768234
20211005 20:00,529300.0,538000.0,525200.0,537900.0,1770649
20211006 20:00,537100.0,542750.0,537000.0,538900.0,1116731
20211007 20:00,538800.0,543800.0,537000.0,541000.0,984315
20211010 20:00,540100.0,543900.0,539900.0,541600.0,884301
20211011 20:00,540500.0,548300.0,540500.0,542000.0,1238547
20211012 20:00,542300.0,544200.0,537900.0,543000.0,1067601
20211013 20:00,542400.0,548050.0,542400.0,547200.0,818786
20211014 20:00,547200.0,548800.0,542850.0,544900.0,1067120
20211017 20:00,544600.0,545300.0,538600.0,539500.0,919435
20211018 20:00,539900.0,542700.0,537750.0,541600.0,928983
20211019 20:00,541600.0,547550.0,540600.0,545500.0,868357
20211020 20:00,546300.0,547000.0,542200.0,543500.0,723264
20211021 20:00,543800.0,545250.0,540750.0,545000.0,1080874
20211024 20:00,543400.0,545100.0,540150.0,543000.0,864184
20211025 20:00,543400.0,545750.0,542400.0,544100.0,894765
20211026 20:00,544200.0,564000.0,543600.0,556300.0,2562707
20211027 20:00,557800.0,561200.0,553900.0,559800.0,1605714
20211028 20:00,560300.0,564650.0,557800.0,563500.0,1681377
20211031 20:00,563700.0,567000.0,559050.0,561600.0,1084976
20211101 20:00,561000.0,565000.0,559650.0,560900.0,894986
20211102 20:00,560900.0,563900.0,557750.0,563300.0,999331
20211103 20:00,562000.0,566800.0,560200.0,565400.0,870548
20211104 20:00,566000.0,571600.0,563900.0,568000.0,1067077
20211107 19:00,568700.0,568900.0,561350.0,563000.0,804568
20211108 19:00,563100.0,566400.0,560950.0,564000.0,861821
20211109 19:00,564900.0,569200.0,563200.0,566900.0,858619
20211110 19:00,568000.0,568600.0,565750.0,568300.0,669972
20211111 19:00,568500.0,569800.0,565500.0,566300.0,680831
20211114 19:00,567000.0,567700.0,562800.0,565200.0,740224
20211115 19:00,566200.0,569300.0,561500.0,563900.0,873808
20211116 19:00,562500.0,563000.0,556600.0,559900.0,930804
20211117 19:00,560000.0,561100.0,551450.0,554100.0,1132880
20211118 19:00,554100.0,555000.0,549100.0,551400.0,1054842
20211121 19:00,552500.0,560150.0,550400.0,554700.0,1427054
20211122 19:00,554200.0,561050.0,552500.0,558800.0,1173836
20211123 19:00,558200.0,560300.0,550300.0,554900.0,920621
20211125 19:00,544800.0,547500.0,535900.0,537700.0,1584360
20211128 19:00,537500.0,547250.0,537500.0,545800.0,1546394
20211129 19:00,537300.0,539300.0,524400.0,527400.0,2245559
20211130 19:00,528500.0,535200.0,522200.0,524000.0,1682796
20211201 19:00,524700.0,533350.0,524099.0,530500.0,1525111
20211202 19:00,530400.0,536100.0,529200.0,534000.0,1910733
20211205 19:00,538000.0,552450.0,535500.0,549000.0,1917226
20211206 19:00,551200.0,554100.0,548500.0,551600.0,1620050
20211207 19:00,552100.0,554200.0,543600.0,549400.0,1316130
20211208 19:00,549400.0,551250.0,545850.0,548900.0,954810
20211209 19:00,549200.0,563300.0,547500.0,562600.0,1999589
20211212 19:00,567000.0,579300.0,566400.0,577700.0,3163575
20211213 19:00,578500.0,581600.0,573800.0,578700.0,2337614
20211214 19:00,578000.0,582500.0,576600.0,580500.0,2890397
20211215 19:00,581600.0,588750.0,578800.0,584300.0,1985226
20211216 19:00,586500.0,589200.0,577000.0,578300.0,2516688
20211219 19:00,571400.0,577800.0,569200.0,577700.0,2172581
20211220 19:00,576800.0,579650.0,575100.0,578400.0,1332026
20211221 19:00,578300.0,581900.0,574900.0,581100.0,959216
20211222 19:00,581800.0,586200.0,579450.0,581400.0,806521
20211226 19:00,582200.0,586900.0,580300.0,586100.0,685346
20211227 19:00,586500.0,589400.0,582600.0,588800.0,787710
20211228 19:00,589500.0,591000.0,586600.0,588100.0,638935
20211229 19:00,588100.0,592200.0,587200.0,588200.0,667602
20211230 19:00,588000.0,593500.0,586950.0,592100.0,883279
20220102 19:00,593600.0,595000.0,583800.0,592900.0,1468201
20220103 19:00,593000.0,605350.0,593000.0,602700.0,2151390
20220104 19:00,602900.0,611950.0,600700.0,607600.0,1920750
20220105 19:00,609200.0,611100.0,603100.0,605000.0,1726999
20220106 19:00,605000.0,607150.0,600600.0,603300.0,1060010
20220109 19:00,603900.0,608100.0,601500.0,604000.0,1800646
20220110 19:00,604400.0,608400.0,598450.0,604200.0,1701412
20220111 19:00,604000.0,607100.0,601950.0,606000.0,1176250
20220112 19:00,605400.0,610400.0,603700.0,610400.0,1275755
20220113 19:00,610000.0,615400.0,603700.0,614500.0,1474157
20220117 19:00,612800.0,614500.0,604600.0,609800.0,1726485
20220118 19:00,608500.0,611700.0,605600.0,610000.0,1433161
20220119 19:00,610400.0,614300.0,605600.0,606900.0,1907402
20220120 19:00,607500.0,612900.0,602000.0,604100.0,2542960
20220123 19:00,602700.0,608300.0,585700.0,598700.0,3317015
20220124 19:00,597800.0,600400.0,586900.0,599700.0,2123438
20220125 19:00,600100.0,603450.0,592100.0,597000.0,2996898
20220126 19:00,593800.0,609200.0,591900.0,597300.0,2150126
20220127 19:00,596600.0,609100.0,589400.0,606600.0,2533459
20220130 19:00,608000.0,611350.0,601500.0,608900.0,1985197
20220131 19:00,610100.0,611300.0,601600.0,604500.0,1696039
20220201 19:00,605600.0,612700.0,602400.0,610100.0,1633127
20220202 19:00,612000.0,617800.0,605900.0,615600.0,2146526
20220203 19:00,617400.0,617500.0,605750.0,612300.0,1525090
20220206 19:00,609300.0,618900.0,608600.0,616300.0,1528452
20220207 19:00,616200.0,623250.0,614000.0,621000.0,1555228
20220208 19:00,622300.0,624500.0,609000.0,612000.0,2220254
20220209 19:00,611100.0,629500.0,595100.0,613000.0,2447181
20220210 19:00,613400.0,619700.0,600500.0,602500.0,2374977
20220213 19:00,599100.0,608000.0,592850.0,607300.0,2527602
20220214 19:00,609100.0,617800.0,606300.0,608200.0,1514749
20220215 19:00,609000.0,613900.0,605500.0,607900.0,1162415
20220216 19:00,607500.0,622750.0,602400.0,620600.0,2032765
20220217 19:00,621100.0,628150.0,617100.0,625900.0,2192380
20220221 19:00,618600.0,626350.0,617200.0,623600.0,2427707
20220222 19:00,624200.0,626900.0,610100.0,615800.0,2493480
20220223 19:00,607800.0,609100.0,592300.0,603400.0,3721963
20220224 19:00,600000.0,629400.0,599000.0,627500.0,2335546
20220227 19:00,626900.0,630000.0,613800.0,622500.0,2660552
20220228 19:00,624400.0,627400.0,615100.0,618400.0,1991748
20220301 19:00,619700.0,628700.0,617900.0,623500.0,2057531
20220302 19:00,622000.0,630150.0,622000.0,624100.0,1987598
20220303 19:00,620300.0,627600.0,613500.0,623400.0,1833902
20220306 19:00,619900.0,623100.0,607250.0,609900.0,3002262
20220307 19:00,610500.0,615300.0,585900.0,588700.0,3319340
20220308 19:00,595300.0,598400.0,586700.0,589500.0,2158942
20220309 19:00,590000.0,590900.0,575000.0,579600.0,2175174
20220310 19:00,578800.0,590000.0,578600.0,579000.0,2027128
20220313 20:00,576000.0,590300.0,575900.0,587500.0,1732136
20220314 20:00,588400.0,598850.0,582000.0,598000.0,1653597
20220315 20:00,596200.0,603000.0,586050.0,594500.0,2085829
20220316 20:00,594000.0,602000.0,591700.0,599800.0,1394172
20220317 20:00,600000.0,603900.0,597100.0,601000.0,1585653
20220320 20:00,602000.0,611000.0,600000.0,604600.0,1439868
20220321 20:00,604600.0,609500.0,600550.0,606800.0,1300338
20220322 20:00,608000.0,609800.0,599950.0,604900.0,1327267
20220323 20:00,604900.0,610250.0,603800.0,608400.0,942944
20220324 20:00,610900.0,616100.0,605000.0,616100.0,836372
20220327 20:00,615000.0,619700.0,612250.0,619700.0,1076269
20220328 20:00,619200.0,625300.0,617400.0,621300.0,1394683
20220329 20:00,621300.0,624000.0,615600.0,622300.0,1239724
20220330 20:00,622300.0,626300.0,618000.0,621300.0,1256140
20220331 20:00,620900.0,629450.0,620000.0,628500.0,1130659
20220403 20:00,628300.0,629000.0,617200.0,624700.0,1134085
20220404 20:00,624700.0,632300.0,623100.0,625400.0,1376302
20220405 20:00,624700.0,632600.0,620600.0,631900.0,1613026
20220406 20:00,631000.0,636700.0,627100.0,634400.0,1249616
20220407 20:00,636700.0,640500.0,631750.0,639000.0,1178971
20220410 20:00,638300.0,642900.0,636000.0,637100.0,1272687
20220411 20:00,638100.0,648050.0,636200.0,646000.0,1610139
20220412 20:00,645699.0,649000.0,642300.0,647300.0,1284563
20220413 20:00,649000.0,655600.0,646300.0,651300.0,1704065
20220417 20:00,650200.0,651750.0,641850.0,645900.0,1000034
20220418 20:00,646500.0,652500.0,641800.0,650500.0,1086151
20220419 20:00,650699.0,662400.0,649300.0,661800.0,1313630
20220420 20:00,661500.0,669950.0,658100.0,662000.0,1535935
20220421 20:00,663400.0,664000.0,651100.0,652500.0,1480787
20220424 20:00,651300.0,671500.0,640800.0,656800.0,2442202
20220425 20:00,657099.0,663600.0,647000.0,650500.0,2677424
20220426 20:00,651400.0,662700.0,648800.0,657700.0,1895749
20220427 20:00,661600.0,668000.0,642900.0,661500.0,2561875
20220428 20:00,661000.0,662700.0,644900.0,647900.0,1974193
20220501 20:00,647200.0,653300.0,625800.0,633000.0,3224842
20220502 20:00,634800.0,639400.0,626700.0,632000.0,2389215
20220503 20:00,631500.0,651200.0,629500.0,648900.0,2405558
20220504 20:00,648900.0,650300.0,640150.0,644900.0,2705321
20220505 20:00,644900.0,653000.0,639000.0,646500.0,2209433
20220508 20:00,643000.0,653650.0,639000.0,646100.0,2071043
20220509 20:00,646700.0,653199.0,638550.0,641800.0,2618252
20220510 20:00,639000.0,652000.0,637900.0,643600.0,2194934
20220511 20:00,641800.0,645300.0,632050.0,645100.0,3210748
20220512 20:00,646800.0,658000.0,641300.0,657200.0,1634430
20220515 20:00,656900.0,663700.0,655500.0,660000.0,1301867
20220516 20:00,660800.0,663900.0,650100.0,657900.0,2207652
20220517 20:00,655000.0,659000.0,609650.0,611400.0,2784897
20220518 20:00,612000.0,612000.0,596700.0,600900.0,2819559
20220519 20:00,602300.0,612300.0,596700.0,609800.0,3852003
20220522 20:00,612000.0,631000.0,612000.0,628600.0,2875809
20220523 20:00,626400.0,642000.0,624000.0,641200.0,1976734
20220524 20:00,637000.0,644700.0,635500.0,639400.0,1816468
20220525 20:00,640500.0,650900.0,635900.0,642700.0,1686195
20220526 20:00,642700.0,648500.0,641400.0,647000.0,2104699
20220530 20:00,646300.0,649900.0,630500.0,636200.0,2559057
20220531 20:00,638200.0,639400.0,621350.0,630000.0,1766179
20220601 20:00,631800.0,638700.0,621150.0,638700.0,1783402
20220602 20:00,635400.0,638900.0,628200.0,629200.0,1294194
20220605 20:00,633100.0,637700.0,626650.0,628800.0,1140302
20220606 20:00,629000.0,633650.0,622000.0,631800.0,1181830
20220607 20:00,631800.0,632050.0,625600.0,628100.0,963381
20220608 20:00,629300.0,633450.0,617600.0,619200.0,1252314
20220609 20:00,617800.0,620600.0,604700.0,614500.0,1822434
20220612 20:00,610000.0,622900.0,603700.0,616200.0,2484610
20220613 20:00,613500.0,615000.0,586600.0,594200.0,2661972
20220614 20:00,594100.0,606350.0,589700.0,598000.0,2658752
20220615 20:00,590300.0,596000.0,582600.0,593200.0,2033640
20220616 20:00,590800.0,601200.0,588900.0,594400.0,2871102
20220620 20:00,599600.0,608800.0,590200.0,606800.0,1723148
20220621 20:00,602700.0,614400.0,599000.0,612700.0,1588488
20220622 20:00,610000.0,619050.0,609000.0,618800.0,1971324
20220623 20:00,619600.0,630600.0,619200.0,628100.0,1581276
20220626 20:00,630000.0,632850.0,626300.0,631000.0,1214257
20220627 20:00,630000.0,637500.0,621050.0,626000.0,1338213
20220628 20:00,625900.0,631100.0,623000.0,627100.0,1315236
20220629 20:00,624600.0,631100.0,620800.0,629100.0,1477346
20220630 20:00,628700.0,644900.0,625300.0,643800.0,1547790
20220704 20:00,643000.0,643300.0,624200.0,632500.0,1593411
20220705 20:00,631500.0,640849.0,631100.0,634100.0,1559736
20220706 20:00,634900.0,636600.0,627050.0,628500.0,1561606
20220707 20:00,627400.0,634100.0,627400.0,632100.0,1126339
20220710 20:00,631000.0,634600.0,625900.0,628500.0,891439
20220711 20:00,627100.0,634500.0,624700.0,626700.0,1235360
20220712 20:00,625500.0,630000.0,619900.0,623000.0,1407738
20220713 20:00,623500.0,623500.0,612300.0,623000.0,1330390
20220714 20:00,622000.0,629800.0,620800.0,625100.0,905494
20220717 20:00,625700.0,628000.0,615200.0,616800.0,1137759
20220718 20:00,617000.0,626450.0,616000.0,625000.0,1132035
20220719 20:00,625000.0,626400.0,611500.0,615000.0,1230478
20220720 20:00,615000.0,618700.0,607900.0,613600.0,1479306
20220721 20:00,613600.0,618600.0,610200.0,615700.0,1336655
20220724 20:00,616000.0,623000.0,613000.0,623000.0,1864568
20220725 20:00,619000.0,637900.0,611100.0,631000.0,2143490
20220726 20:00,633700.0,634500.0,617900.0,629700.0,1452967
20220727 20:00,629800.0,642450.0,627400.0,640600.0,1251810
20220728 20:00,640100.0,642900.0,636400.0,641700.0,1353214
20220731 20:00,641700.0,650400.0,640000.0,644500.0,1295420
20220801 20:00,645000.0,646000.0,634300.0,637400.0,1308096
20220802 20:00,637400.0,640950.0,633200.0,639200.0,1064970
20220803 20:00,639200.0,640400.0,629250.0,636700.0,1130410
20220804 20:00,636700.0,638100.0,626700.0,633800.0,1151354
20220807 20:00,634500.0,638100.0,627550.0,629700.0,877921
20220808 20:00,630300.0,633050.0,628500.0,631000.0,718477
20220809 20:00,631000.0,637900.0,630900.0,635500.0,882645
20220810 20:00,636100.0,639900.0,630850.0,634500.0,785526
20220811 20:00,634300.0,637550.0,630900.0,636000.0,823091
20220814 20:00,636000.0,646850.0,634800.0,645000.0,857179
20220815 20:00,644100.0,652200.0,643500.0,650800.0,932430
20220816 20:00,650000.0,652200.0,645800.0,648700.0,1086160
20220817 20:00,647200.0,653500.0,645699.0,652099.0,621240
20220818 20:00,650600.0,654650.0,647700.0,648900.0,839059
20220821 20:00,649599.0,649599.0,639900.0,642200.0,843478
20220822 20:00,642000.0,643700.0,636900.0,642800.0,1116256
20220823 20:00,642700.0,645750.0,640000.0,644700.0,628313
20220824 20:00,645400.0,647000.0,639000.0,644300.0,820090
20220825 20:00,643700.0,647900.0,629850.0,630000.0,1140041
20220828 20:00,629900.0,630300.0,624150.0,628300.0,1116608
20220829 20:00,629000.0,630000.0,619950.0,621800.0,1123678
20220830 20:00,623300.0,625200.0,615000.0,616500.0,1113372
20220831 20:00,615600.0,621000.0,613000.0,621000.0,1667321
20220901 20:00,620100.0,627700.0,608950.0,611800.0,1236220
20220905 20:00,613300.0,619650.0,610000.0,611500.0,1333768
20220906 20:00,612000.0,624900.0,601800.0,624900.0,1470849
20220907 20:00,623300.0,627000.0,613500.0,622000.0,1368697
20220908 20:00,622000.0,628800.0,618600.0,622900.0,1074931
20220911 20:00,625000.0,632000.0,622800.0,626000.0,1156372
20220912 20:00,627500.0,628500.0,602850.0,606600.0,1720702
20220913 20:00,607600.0,610800.0,604400.0,609200.0,1524035
20220914 20:00,606300.0,606600.0,593600.0,594700.0,1263099
20220915 20:00,594900.0,597900.0,591100.0,596800.0,1683261
20220918 20:00,595200.0,600900.0,591000.0,600500.0,1624182
20220919 20:00,601200.0,601700.0,593150.0,597800.0,1567773
20220920 20:00,598900.0,606900.0,593500.0,595000.0,2342764
20220921 20:00,595000.0,597500.0,591500.0,593700.0,1348820
20220922 20:00,593300.0,593300.0,580100.0,586200.0,1705144
20220925 20:00,586200.0,586800.0,576900.0,578600.0,1814969
20220926 20:00,581900.0,583700.0,562800.0,564000.0,2562533
20220927 20:00,564200.0,572500.0,558800.0,569500.0,3522620
20220928 20:00,570000.0,572600.0,560000.0,567300.0,1901214
20220929 20:00,569000.0,571200.0,560050.0,560200.0,1695738
20221002 20:00,562000.0,568500.0,560500.0,565700.0,1797644
20221003 20:00,571000.0,578100.0,564600.0,567000.0,2509647
20221004 20:00,566900.0,567800.0,555150.0,562500.0,1682614
20221005 20:00,563900.0,565000.0,548700.0,550000.0,1897057
20221006 20:00,551100.0,553500.0,542550.0,544700.0,1428683
20221009 20:00,545000.0,549550.0,540150.0,545900.0,1896859
20221010 20:00,545500.0,552200.0,541600.0,545000.0,1786439
20221011 20:00,548500.0,560400.0,546200.0,553000.0,2127409
20221012 20:00,553500.0,560750.0,540000.0,558300.0,2096901
20221013 20:00,559100.0,564600.0,549400.0,549800.0,2290965
20221016 20:00,552000.0,562150.0,551300.0,558100.0,1773139
20221017 20:00,561600.0,567800.0,559600.0,565200.0,1577621
20221018 20:00,566000.0,566000.0,557300.0,559500.0,1553041
20221019 20:00,558000.0,561500.0,549650.0,550000.0,1749237
20221020 20:00,550800.0,561400.0,549500.0,561400.0,1805910
20221023 20:00,561000.0,578500.0,557800.0,577000.0,2301097
20221024 20:00,578000.0,593300.0,575700.0,587000.0,3057498
20221025 20:00,589800.0,597750.0,586300.0,590000.0,2029199
20221026 20:00,595100.0,598400.0,592200.0,594700.0,1816336
20221027 20:00,592500.0,609100.0,592300.0,607300.0,1619962
20221030 20:00,607500.0,609800.0,596750.0,599300.0,1574960
20221031 20:00,600000.0,604100.0,593700.0,598000.0,1455212
20221101 20:00,598900.0,602300.0,585600.0,586400.0,2209322
20221102 20:00,588500.0,589950.0,580500.0,586100.0,1402204
20221103 20:00,589000.0,595850.0,585600.0,593200.0,1776380
20221106 19:00,593900.0,597600.0,589000.0,595100.0,922217
20221107 19:00,596100.0,597900.0,589400.0,594900.0,1278475
20221108 19:00,597000.0,597000.0,587550.0,588000.0,1279536
20221109 19:00,588200.0,610400.0,587800.0,609000.0,2103260
20221110 19:00,610000.0,614450.0,602100.0,613200.0,2841470
20221113 19:00,613200.0,617200.0,607100.0,609400.0,1830412
20221114 19:00,609900.0,614600.0,600000.0,603900.0,2186070
20221115 19:00,608000.0,610300.0,602850.0,605800.0,1644862
20221116 19:00,606000.0,607700.0,600000.0,606900.0,1191358
20221117 19:00,605100.0,613700.0,605000.0,610500.0,1436512
20221120 19:00,611000.0,622100.0,605800.0,620800.0,1551625
20221121 19:00,619800.0,624600.0,619000.0,622900.0,1134540
20221122 19:00,623700.0,627900.0,622500.0,625700.0,929086
20221124 19:00,626100.0,628100.0,623900.0,626800.0,570612
20221127 19:00,626600.0,630950.0,623700.0,627100.0,1290391
20221128 19:00,627900.0,628300.0,619750.0,624500.0,1284847
20221129 19:00,622900.0,636750.0,617550.0,634700.0,2352888
20221130 19:00,634000.0,641100.0,630000.0,637500.0,1775375
20221201 19:00,639600.0,645150.0,632700.0,641000.0,1586169
20221204 19:00,642900.0,643100.0,632600.0,636000.0,1349679
20221205 19:00,635900.0,638900.0,632250.0,633100.0,1373691
20221206 19:00,634400.0,637200.0,630900.0,635100.0,1283444
20221207 19:00,635400.0,638500.0,633500.0,637000.0,1486323
20221208 19:00,638000.0,639300.0,630950.0,632000.0,1610040
20221211 19:00,632500.0,640000.0,630100.0,638600.0,1092819
20221212 19:00,638900.0,647000.0,637500.0,639600.0,2128778
20221213 19:00,639600.0,646450.0,635700.0,641000.0,1783895
20221214 19:00,636300.0,639700.0,624950.0,631000.0,1532475
20221215 19:00,628500.0,631500.0,623300.0,627700.0,2016252
20221218 19:00,628300.0,634050.0,624700.0,627500.0,1252790
20221219 19:00,628400.0,631500.0,626000.0,630000.0,1398030
20221220 19:00,629900.0,640450.0,629300.0,638000.0,1465442
20221221 19:00,638200.0,638800.0,626400.0,631900.0,1388278
20221222 19:00,633400.0,638650.0,632000.0,638100.0,944987
20221226 19:00,640000.0,642900.0,637200.0,641100.0,964957
20221227 19:00,641500.0,646400.0,634000.0,636600.0,953113
20221228 19:00,635800.0,641500.0,635800.0,639000.0,937676
20221229 19:00,638100.0,639600.0,631750.0,637900.0,929969
20230102 19:00,637100.0,639800.0,621750.0,629500.0,1673236
20230103 19:00,630600.0,634200.0,625150.0,629600.0,1612611
20230104 19:00,629500.0,630300.0,620850.0,622600.0,1221856
20230105 19:00,622500.0,636700.0,622100.0,633000.0,1026768
20230108 19:00,634000.0,637150.0,624900.0,626500.0,1282613
20230109 19:00,626400.0,627900.0,619200.0,621800.0,1331719
20230110 19:00,623200.0,625600.0,614150.0,620100.0,1382476
20230111 19:00,620100.0,622700.0,609700.0,612100.0,1626026
20230112 19:00,612200.0,614600.0,605900.0,614100.0,1551418
20230116 19:00,615000.0,623800.0,614300.0,616500.0,1696695
20230117 19:00,617000.0,620000.0,596850.0,598100.0,1999263
20230118 19:00,599500.0,606400.0,592500.0,597600.0,2214914
20230119 19:00,597800.0,602500.0,594050.0,600800.0,1259448
20230122 19:00,601400.0,605650.0,600550.0,602500.0,1318859
20230123 19:00,603500.0,607700.0,599050.0,605000.0,1470906
20230124 19:00,605500.0,609350.0,598900.0,608600.0,1521948
20230125 19:00,609700.0,610950.0,605700.0,607700.0,1367874
20230126 19:00,608700.0,609600.0,603800.0,605200.0,1234941
20230129 19:00,604200.0,611650.0,602000.0,607600.0,1628066
20230130 19:00,606400.0,614400.0,605100.0,612600.0,884884
20230131 19:00,613200.0,616100.0,606200.0,613600.0,1894170
20230201 19:00,614900.0,614900.0,599100.0,603200.0,2020864
20230202 19:00,604800.0,605500.0,592400.0,598300.0,1901172
20230205 19:00,598300.0,603400.0,595000.0,602000.0,1289402
20230206 19:00,602000.0,602800.0,595400.0,600700.0,2207732
20230207 19:00,601200.0,601600.0,595900.0,597000.0,1041335
20230208 19:00,597800.0,603100.0,596000.0,596200.0,1432307
20230209 19:00,596200.0,598900.0,588900.0,595500.0,1501556
20230212 19:00,596300.0,607600.0,596000.0,607000.0,1821325
20230213 19:00,608800.0,616500.0,595000.0,596200.0,1835172
20230214 19:00,596400.0,599200.0,592250.0,595800.0,1482730
20230215 19:00,596000.0,598150.0,589550.0,592000.0,1937195
20230216 19:00,595000.0,602300.0,591500.0,601200.0,1931628
20230220 19:00,601000.0,602300.0,597000.0,598400.0,1580523
20230221 19:00,599000.0,603600.0,597000.0,600300.0,1363604
20230222 19:00,601000.0,604200.0,598100.0,599500.0,1353592
20230223 19:00,600000.0,601000.0,593850.0,598400.0,1107735
20230226 19:00,598400.0,603000.0,597450.0,598200.0,1192196
20230227 19:00,598300.0,599900.0,591400.0,596000.0,1443304
20230228 19:00,596000.0,597000.0,583800.0,588600.0,2010048
20230301 19:00,587600.0,598300.0,586700.0,595600.0,1322526
20230302 19:00,597200.0,598400.0,592100.0,594600.0,1617107
20230305 19:00,595400.0,603800.0,592200.0,603500.0,1676857
20230306 19:00,603500.0,605650.0,597550.0,600100.0,2038475
20230307 19:00,599900.0,603250.0,597300.0,601900.0,1740810
20230308 19:00,599200.0,605700.0,592600.0,593700.0,1580609
20230309 19:00,594000.0,601400.0,589950.0,593500.0,2048373
20230312 20:00,594000.0,608700.0,589100.0,599400.0,3191831
20230313 20:00,599400.0,604550.0,593500.0,599600.0,2210347
20230314 20:00,600000.0,605400.0,592450.0,604200.0,2476485
20230315 20:00,602000.0,604200.0,596500.0,603000.0,2028239
20230316 20:00,601300.0,603700.0,596400.0,601300.0,2097613
20230319 20:00,597100.0,606300.0,596200.0,605600.0,1663277
20230320 20:00,605300.0,607900.0,598900.0,602100.0,1381827
20230321 20:00,601800.0,608700.0,600300.0,602800.0,1434566
20230322 20:00,602700.0,603900.0,597250.0,598500.0,1518288
20230323 20:00,600800.0,610800.0,596900.0,609000.0,2026400
20230326 20:00,609000.0,614800.0,609000.0,613500.0,1369236
20230327 20:00,615000.0,617400.0,612750.0,614200.0,862362
20230328 20:00,616500.0,619500.0,615900.0,618500.0,965239
20230329 20:00,619500.0,620900.0,616000.0,618100.0,907132
20230330 20:00,618000.0,622500.0,618000.0,619600.0,1293895
20230402 20:00,622200.0,625200.0,618600.0,623000.0,1357790
20230403 20:00,623000.0,627400.0,620600.0,622900.0,1122014
20230404 20:00,622000.0,630200.0,621100.0,626700.0,1372622
20230405 20:00,627500.0,630300.0,623850.0,628100.0,1015706
20230409 20:00,628100.0,629700.0,620250.0,627000.0,829560
20230410 20:00,626400.0,627900.0,624050.0,627000.0,1131808
20230411 20:00,626500.0,630250.0,624000.0,626000.0,1124554
20230412 20:00,627200.0,631600.0,624800.0,630500.0,1073297
20230413 20:00,631900.0,632000.0,627800.0,631900.0,1099227
20230416 20:00,630000.0,635700.0,630000.0,634400.0,936897
20230417 20:00,634000.0,635950.0,631950.0,635900.0,912039
20230418 20:00,635000.0,638300.0,634000.0,636700.0,1199568
20230419 20:00,635900.0,639950.0,633900.0,639600.0,1013571
20230420 20:00,639600.0,642600.0,638000.0,640100.0,1552734
20230423 20:00,640300.0,652500.0,636250.0,638400.0,1548265
20230424 20:00,639000.0,641700.0,635900.0,636700.0,1620248
20230425 20:00,637000.0,638000.0,633950.0,635900.0,1405683
20230426 20:00,635500.0,637550.0,631150.0,636600.0,1459444
20230427 20:00,636800.0,641600.0,634900.0,641400.0,1561120
20230430 20:00,640500.0,646850.0,639000.0,642800.0,987008
20230501 20:00,642800.0,643000.0,632750.0,640000.0,1491016
20230502 20:00,640000.0,641800.0,635800.0,636000.0,1405769
20230503 20:00,636500.0,639200.0,635100.0,637400.0,1382997
20230504 20:00,638600.0,642050.0,636100.0,640000.0,1062407
20230507 20:00,641400.0,642000.0,636150.0,638700.0,946103
20230508 20:00,638900.0,639900.0,632900.0,634000.0,1108867
20230509 20:00,634000.0,636800.0,629950.0,635100.0,1111212
20230510 20:00,635000.0,639250.0,630100.0,638600.0,1293337
20230511 20:00,638600.0,641850.0,637050.0,639500.0,999145
20230514 20:00,640400.0,642500.0,637150.0,638900.0,957070
20230515 20:00,639400.0,640500.0,631600.0,632300.0,1180130
20230516 20:00,632200.0,633900.0,627350.0,631400.0,1152849
20230517 20:00,631400.0,632800.0,625750.0,628900.0,1285061
20230518 20:00,628900.0,631000.0,626100.0,628400.0,1224760
20230521 20:00,627100.0,629300.0,614450.0,616400.0,1622332
20230522 20:00,617000.0,620000.0,611700.0,614700.0,1429000
20230523 20:00,614700.0,614700.0,606600.0,608000.0,1060218
20230524 20:00,608600.0,608800.0,601500.0,603800.0,1571766
20230525 20:00,605000.0,606400.0,601100.0,602500.0,1304992
20230529 20:00,604700.0,605000.0,595250.0,597800.0,1575703
20230530 20:00,597800.0,602750.0,593700.0,597700.0,2596379
20230531 20:00,598600.0,601650.0,596800.0,599500.0,1317220
20230601 20:00,602000.0,613200.0,600400.0,610600.0,1625054
20230604 20:00,611500.0,614400.0,605550.0,608300.0,1376072
20230605 20:00,607900.0,609800.0,601250.0,602500.0,1261729
20230606 20:00,605300.0,605300.0,598200.0,601700.0,1421518
20230607 20:00,603300.0,604000.0,599850.0,603300.0,1277767
20230608 20:00,604100.0,606650.0,601700.0,604800.0,1369200
20230611 20:00,606200.0,607400.0,600250.0,601900.0,1284282
20230612 20:00,603500.0,606700.0,600500.0,604500.0,1139970
20230613 20:00,605400.0,610750.0,605000.0,607900.0,1311221
20230614 20:00,605900.0,612950.0,603500.0,611900.0,1336993
20230615 20:00,612100.0,621650.0,611600.0,616200.0,2096090
20230619 20:00,616900.0,619600.0,612000.0,613400.0,1141673
20230620 20:00,613700.0,617150.0,605000.0,614100.0,860281
20230621 20:00,613000.0,620300.0,612600.0,618500.0,1386863
20230622 20:00,618300.0,621100.0,611300.0,612100.0,1107241
20230625 20:00,612200.0,613400.0,604000.0,611500.0,1237776
20230626 20:00,612700.0,613500.0,608800.0,610900.0,813064
20230627 20:00,611900.0,613000.0,604000.0,605900.0,920202
20230628 20:00,606200.0,606200.0,597700.0,600300.0,1525728
20230629 20:00,600800.0,603500.0,598650.0,601500.0,1741912
20230702 20:00,603400.0,606250.0,600300.0,605300.0,1061352
20230704 20:00,606200.0,610950.0,601600.0,609400.0,1500368
20230705 20:00,610500.0,610500.0,604500.0,605400.0,1218156
20230706 20:00,606300.0,606800.0,596900.0,598400.0,1233638
20230709 20:00,599000.0,601450.0,591450.0,593300.0,1263476
20230710 20:00,593900.0,596800.0,588450.0,595300.0,1107881
20230711 20:00,596200.0,600450.0,594450.0,598200.0,1276047
20230712 20:00,599300.0,604550.0,599300.0,604000.0,1112950
20230713 20:00,603500.0,610350.0,600600.0,609700.0,1024071
20230716 20:00,610000.0,610950.0,604900.0,608900.0,973915
20230717 20:00,608500.0,612450.0,604100.0,606000.0,966817
20230718 20:00,606500.0,617900.0,605800.0,616200.0,1041687
20230719 20:00,616200.0,624200.0,616100.0,622000.0,1142746
20230720 20:00,622100.0,626750.0,620000.0,624000.0,1197821
20230723 20:00,623800.0,628100.0,622300.0,625500.0,844247
20230724 20:00,624500.0,626000.0,620450.0,625900.0,1436359
20230725 20:00,623900.0,636600.0,612500.0,629100.0,1858304
20230726 20:00,629500.0,632600.0,623800.0,624300.0,1053238
20230727 20:00,624500.0,627700.0,622300.0,624400.0,707200
20230730 20:00,625200.0,626000.0,617400.0,619000.0,1333341
20230731 20:00,620100.0,623600.0,616250.0,616300.0,968623
20230801 20:00,616000.0,625800.0,614000.0,621200.0,1065234
20230802 20:00,617800.0,621200.0,615300.0,615900.0,596352
20230803 20:00,616200.0,618900.0,606200.0,607100.0,819180
20230806 20:00,608600.0,613250.0,607200.0,612300.0,575170
20230807 20:00,611800.0,613300.0,606000.0,609100.0,777959
20230808 20:00,611200.0,616200.0,607600.0,611700.0,707246
20230809 20:00,611400.0,617300.0,607950.0,609400.0,638118
20230810 20:00,610300.0,612500.0,606950.0,612500.0,566836
20230813 20:00,612200.0,614750.0,607550.0,610000.0,692042
20230814 20:00,608600.0,608900.0,603750.0,604800.0,842871
20230815 20:00,605400.0,608150.0,603700.0,603800.0,911040
20230816 20:00,604800.0,610150.0,604500.0,606200.0,1339041
20230817 20:00,606100.0,610800.0,602900.0,608800.0,1026278
20230820 20:00,609300.0,609900.0,603250.0,604000.0,989645
20230821 20:00,604300.0,605900.0,599750.0,600600.0,1017052
20230822 20:00,601500.0,604300.0,601500.0,602000.0,833818
20230823 20:00,603700.0,608750.0,600600.0,602000.0,1054068
20230824 20:00,602500.0,605700.0,600100.0,603600.0,893510
20230827 20:00,604500.0,607200.0,603700.0,605400.0,667879
20230828 20:00,606600.0,607000.0,601550.0,605600.0,871506
20230829 20:00,605000.0,607300.0,603000.0,604700.0,921346
20230830 20:00,605300.0,606400.0,598000.0,599000.0,1193171
20230831 20:00,600100.0,601200.0,591250.0,593100.0,1237865
20230904 20:00,593100.0,594400.0,586700.0,588000.0,1534050
20230905 20:00,589000.0,589600.0,584200.0,587600.0,1505505
20230906 20:00,589100.0,591600.0,582000.0,583200.0,1784354
20230907 20:00,584400.0,585100.0,580100.0,582500.0,1358519
20230910 20:00,584000.0,589900.0,582100.0,587900.0,1174365
20230911 20:00,588400.0,589900.0,581950.0,582800.0,1151249
20230912 20:00,585000.0,586750.0,582600.0,584200.0,1195960
20230913 20:00,581500.0,585900.0,580500.0,585000.0,1362315
20230914 20:00,586100.0,586400.0,577500.0,579500.0,2150194
20230917 20:00,581400.0,583450.0,576300.0,583000.0,1418286
20230918 20:00,583700.0,583900.0,579200.0,582700.0,1055658
20230919 20:00,582900.0,588250.0,580900.0,583700.0,1231103
20230920 20:00,584000.0,584400.0,574250.0,575300.0,1617280
20230921 20:00,575000.0,579650.0,574700.0,576100.0,1304993
20230924 20:00,576600.0,577300.0,567400.0,570000.0,1139585
20230925 20:00,569900.0,570400.0,564000.0,565600.0,1187348
20230926 20:00,566400.0,567300.0,556850.0,559600.0,1434578
20230927 20:00,560600.0,563200.0,557050.0,558100.0,1212778
20230928 20:00,560200.0,562600.0,556200.0,560200.0,1037396
20231001 20:00,563500.0,563500.0,550750.0,554600.0,1202621
20231002 20:00,555700.0,556300.0,547800.0,548400.0,1489414
20231003 20:00,549300.0,552800.0,547150.0,549500.0,1178181
20231004 20:00,552600.0,552600.0,522400.0,523000.0,3028675
20231005 20:00,525100.0,532850.0,515500.0,530600.0,3093510
20231008 20:00,531300.0,532200.0,521150.0,529000.0,1665047
20231009 20:00,531000.0,543300.0,530200.0,540300.0,2343972
20231010 20:00,542500.0,545000.0,530200.0,535000.0,1841210
20231011 20:00,537800.0,538800.0,524250.0,528600.0,2209320
20231012 20:00,529500.0,534100.0,526000.0,527500.0,1547332
20231015 20:00,527400.0,535500.0,527400.0,534200.0,1313060
20231016 20:00,535900.0,541400.0,532200.0,540700.0,1764908
20231017 20:00,540700.0,545300.0,539300.0,540300.0,1462812
20231018 20:00,539900.0,547550.0,538700.0,542400.0,1535199
20231019 20:00,543500.0,550150.0,541700.0,545000.0,1561393
20231022 20:00,545000.0,548900.0,540450.0,542000.0,2903061
20231023 20:00,542200.0,561800.0,541300.0,556700.0,2381144
20231024 20:00,556600.0,562200.0,555650.0,560200.0,1993304
20231025 20:00,560400.0,566200.0,557250.0,559900.0,1815844
20231026 20:00,559100.0,561300.0,551000.0,552000.0,1611609
20231029 20:00,554900.0,562750.0,553200.0,560600.0,1737697
20231030 20:00,560000.0,567200.0,559900.0,564100.0,1533555
20231031 20:00,564600.0,569200.0,562650.0,564400.0,1401688
20231101 20:00,565000.0,571450.0,563600.0,570900.0,1416835
20231102 20:00,571000.0,575900.0,567000.0,567900.0,1478806
20231105 19:00,569200.0,572750.0,567400.0,569500.0,999701
20231106 19:00,569700.0,573950.0,567400.0,571700.0,1008853
20231107 19:00,572600.0,574650.0,569200.0,570700.0,1224832
20231108 19:00,572700.0,572800.0,563750.0,566600.0,1419127
20231109 19:00,567400.0,569250.0,560550.0,566000.0,1142654
20231112 19:00,567100.0,570900.0,565800.0,569300.0,905653
20231113 19:00,569700.0,572350.0,567900.0,570000.0,1364502
20231114 19:00,572000.0,574000.0,567600.0,571500.0,945716
20231115 19:00,572300.0,575300.0,569850.0,571000.0,1524350
20231116 19:00,572600.0,573350.0,567100.0,571800.0,1204721
20231119 19:00,572500.0,575750.0,569400.0,573800.0,895321
20231120 19:00,574500.0,580500.0,573400.0,579400.0,1188233
20231121 19:00,580900.0,585300.0,580800.0,584800.0,1121837
20231123 19:00,584200.0,587400.0,583350.0,585000.0,385722
20231126 19:00,584500.0,586800.0,582800.0,584700.0,857295
20231127 19:00,584500.0,588250.0,583500.0,587000.0,1161608
20231128 19:00,586800.0,587700.0,581050.0,582500.0,1253469
20231129 19:00,580500.0,584550.0,575900.0,583900.0,1361177
20231130 19:00,584100.0,586900.0,582400.0,586000.0,1453257
20231203 19:00,585500.0,589550.0,584300.0,585400.0,1485641
20231204 19:00,585300.0,588250.0,584000.0,586300.0,1405111
20231205 19:00,586400.0,587300.0,582100.0,585500.0,1356004
20231206 19:00,585400.0,588900.0,584000.0,587300.0,1165786
20231207 19:00,586300.0,587600.0,583650.0,585500.0,1262710
20231210 19:00,585900.0,590900.0,585100.0,590400.0,1492722
20231211 19:00,589800.0,594400.0,589000.0,594200.0,1590849
20231212 19:00,594200.0,600150.0,591900.0,598500.0,1284016
20231213 19:00,600000.0,600400.0,587700.0,589200.0,2625024
20231214 19:00,591800.0,594300.0,579200.0,586300.0,3262975
20231217 19:00,586000.0,594900.0,585900.0,589700.0,2016141
20231218 19:00,590200.0,592000.0,586350.0,588500.0,1633511
20231219 19:00,588800.0,589200.0,575400.0,577000.0,1566824
20231220 19:00,575300.0,580650.0,574700.0,579500.0,1271855
20231221 19:00,580000.0,584600.0,579000.0,582000.0,859036
20231225 19:00,583300.0,587050.0,580500.0,586000.0,477291
20231226 19:00,585600.0,587700.0,584100.0,587000.0,698494
20231227 19:00,587500.0,588700.0,585300.0,587500.0,829591
20231228 19:00,588100.0,589800.0,586300.0,588600.0,905316
