20190101 19:00,988800.0,1017400.0,986500.0,987900.0,11939558
20190102 19:00,994000.0,1003400.0,972000.0,974000.0,14873511
20190103 19:00,982300.0,1025100.0,982300.0,1020800.0,15057900
20190106 19:00,1017600.0,1032600.0,1007500.0,1020600.0,10942950
20190107 19:00,1027000.0,1039700.0,1017200.0,1026900.0,10280313
20190108 19:00,1032500.0,1048800.0,1026800.0,1040000.0,10683398
20190109 19:00,1032500.0,1037600.0,1023850.0,1035500.0,10869827
20190110 19:00,1038199.0,1038199.0,1016400.0,1026100.0,8933415
20190113 19:00,1020500.0,1024350.0,1012700.0,1020000.0,9620626
20190114 19:00,1028800.0,1051500.0,1019000.0,1051200.0,9752759
20190115 19:00,1052000.0,1062500.0,1048500.0,1051700.0,9329863
20190116 19:00,1045000.0,1066200.0,1045000.0,1061400.0,9158203
20190117 19:00,1065900.0,1078900.0,1059300.0,1078500.0,15574380
20190121 19:00,1068600.0,1071000.0,1048900.0,1058600.0,12580187
20190122 19:00,1060900.0,1070400.0,1053500.0,1064000.0,8821193
20190123 19:00,1068000.0,1071800.0,1053400.0,1055500.0,7299257
20190124 19:00,1065400.0,1078800.0,1064900.0,1071500.0,11178011
20190127 19:00,1065100.0,1070900.0,1046700.0,1048000.0,8672791
20190128 19:00,1048500.0,1052500.0,1021700.0,1037700.0,9589290
20190129 19:00,1039000.0,1068600.0,1015000.0,1037000.0,13334757
20190130 19:00,1040000.0,1052200.0,1029100.0,1046000.0,15563406
20190131 19:00,1045000.0,1045300.0,1023500.0,1026900.0,12145808
20190203 19:00,1029200.0,1058000.0,1026300.0,1056500.0,9755633
20190204 19:00,1055500.0,1073100.0,1055500.0,1070600.0,9320119
20190205 19:00,1069800.0,1071400.0,1055300.0,1058700.0,7403820
20190206 19:00,1054000.0,1055800.0,1043000.0,1052500.0,10301611
20190207 19:00,1047800.0,1057800.0,1042500.0,1055900.0,7324279
20190210 19:00,1063600.0,1065700.0,1049700.0,1052100.0,6503934
20190211 19:00,1059800.0,1071400.0,1054800.0,1068500.0,8545754
20190212 19:00,1072200.0,1077800.0,1065900.0,1066300.0,5560838
20190213 19:00,1071600.0,1072900.0,1056700.0,1067100.0,6567893
20190214 19:00,1066100.0,1083000.0,1066100.0,1081000.0,10539337
20190218 19:00,1081900.0,1086550.0,1077400.0,1081800.0,5557114
20190219 19:00,1080800.0,1080800.0,1063000.0,1070300.0,7328051
20190220 19:00,1073700.0,1094800.0,1068800.0,1092300.0,8075737
20190221 19:00,1095000.0,1111950.0,1094800.0,1108700.0,8954495
20190224 19:00,1114700.0,1121700.0,1112700.0,1114900.0,7618489
20190225 19:00,1113500.0,1132300.0,1110200.0,1121200.0,6909788
20190226 19:00,1118500.0,1123900.0,1108900.0,1123800.0,5877002
20190227 19:00,1118000.0,1128800.0,1117400.0,1120400.0,10346718
20190228 19:00,1130000.0,1132000.0,1116700.0,1125400.0,7218184
20190303 19:00,1130400.0,1132500.0,1108000.0,1119900.0,8817026
20190304 19:00,1122500.0,1123900.0,1112300.0,1115500.0,6417082
20190305 19:00,1118000.0,1126600.0,1114400.0,1115400.0,5426799
20190306 19:00,1112400.0,1118600.0,1098700.0,1104000.0,8291129
20190307 19:00,1098500.0,1107100.0,1088100.0,1106700.0,7628596
20190310 20:00,1108100.0,1133000.0,1105900.0,1131600.0,8608074
20190311 20:00,1130000.0,1139850.0,1126400.0,1135500.0,8864748
20190312 20:00,1136000.0,1150000.0,1134300.0,1146200.0,13820396
20190313 20:00,1147500.0,1152000.0,1143300.0,1145500.0,13382600
20190314 20:00,1146400.0,1172500.0,1145900.0,1160400.0,27592912
20190317 20:00,1165000.0,1177500.0,1160000.0,1176500.0,13236693
20190318 20:00,1180000.0,1184400.0,1168000.0,1172300.0,14840886
20190319 20:00,1172900.0,1187400.0,1167200.0,1176500.0,10090643
20190320 20:00,1175200.0,1208300.0,1168300.0,1200500.0,9855088
20190321 20:00,1195300.0,1199000.0,1169000.0,1171000.0,12731754
20190324 20:00,1160000.0,1180400.0,1160000.0,1180400.0,9082606
20190325 20:00,1181300.0,1187050.0,1168500.0,1176900.0,9370689
20190326 20:00,1181500.0,1183000.0,1155200.0,1164500.0,8510470
20190327 20:00,1163600.0,1175800.0,1161300.0,1174000.0,6441574
20190328 20:00,1172300.0,1183200.0,1169700.0,1179700.0,11283470
20190331 20:00,1190500.0,1194800.0,1181100.0,1191000.0,6782227
20190401 20:00,1189400.0,1194750.0,1185200.0,1190800.0,5253451
20190402 20:00,1198500.0,1204200.0,1191500.0,1201200.0,7735974
20190403 20:00,1201300.0,1203600.0,1183800.0,1193000.0,6671711
20190404 20:00,1200700.0,1202300.0,1192000.0,1200000.0,4720103
20190407 20:00,1200500.0,1202500.0,1186400.0,1199200.0,5309188
20190408 20:00,1200000.0,1200000.0,1186200.0,1191000.0,5649623
20190409 20:00,1200000.0,1205100.0,1193000.0,1205100.0,4820973
20190410 20:00,1205500.0,1208500.0,1199300.0,1204400.0,4289073
20190411 20:00,1207500.0,1211900.0,1203700.0,1209500.0,6429524
20190414 20:00,1209500.0,1215800.0,1205700.0,1211000.0,5454253
20190415 20:00,1217000.0,1218000.0,1201000.0,1204100.0,4573958
20190416 20:00,1210900.0,1218400.0,1205500.0,1212500.0,5702206
20190417 20:00,1211700.0,1235000.0,1209200.0,1234200.0,10390983
20190421 20:00,1231400.0,1240000.0,1225700.0,1238200.0,3995669
20190422 20:00,1238900.0,1256900.0,1236100.0,1254400.0,6918027
20190423 20:00,1256000.0,1308899.0,1245200.0,1294900.0,8662835
20190424 20:00,1295100.0,1318400.0,1285500.0,1290100.0,10563867
20190425 20:00,1291000.0,1305100.0,1290000.0,1297300.0,9135432
20190428 20:00,1306500.0,1306600.0,1293500.0,1297500.0,5763686
20190429 20:00,1295900.0,1310000.0,1294000.0,1309800.0,8388154
20190430 20:00,1310000.0,1311000.0,1275500.0,1277900.0,7890993
20190501 20:00,1281000.0,1285000.0,1255200.0,1262600.0,8218503
20190502 20:00,1270000.0,1294199.0,1265300.0,1291200.0,7121886
20190505 20:00,1265000.0,1285500.0,1256300.0,1274500.0,7910560
20190506 20:00,1281500.0,1281900.0,1242200.0,1256000.0,13571563
20190507 20:00,1263000.0,1265000.0,1246000.0,1255000.0,9568511
20190508 20:00,1242100.0,1258500.0,1235700.0,1255800.0,8438175
20190509 20:00,1256600.0,1279300.0,1238200.0,1272100.0,10690077
20190512 20:00,1250000.0,1255500.0,1228800.0,1228800.0,11950846
20190513 20:00,1240000.0,1258700.0,1237000.0,1250000.0,9089269
20190514 20:00,1242000.0,1267050.0,1235000.0,1259500.0,8115539
20190515 20:00,1257100.0,1293800.0,1257100.0,1290100.0,11083563
20190516 20:00,1287600.0,1304500.0,1277000.0,1281500.0,9990294
20190519 20:00,1283200.0,1284800.0,1257700.0,1265500.0,8704904
20190520 20:00,1265000.0,1277200.0,1265000.0,1270000.0,5940542
20190521 20:00,1265800.0,1282400.0,1260300.0,1275500.0,5768217
20190522 20:00,1264800.0,1265100.0,1247400.0,1264800.0,8708636
20190523 20:00,1276000.0,1276000.0,1259800.0,1262400.0,5198458
20190527 20:00,1264200.0,1280000.0,1260000.0,1262600.0,9509960
20190528 20:00,1256000.0,1257700.0,1240500.0,1249600.0,8076278
20190529 20:00,1256500.0,1258000.0,1245500.0,1245500.0,5820490
20190530 20:00,1239900.0,1246150.0,1233250.0,1236800.0,9589555
20190602 20:00,1230000.0,1243700.0,1190400.0,1201500.0,13660831
20190603 20:00,1202800.0,1239400.0,1202500.0,1238500.0,9697470
20190604 20:00,1243500.0,1258600.0,1239500.0,1250300.0,9328759
20190605 20:00,1260000.0,1279600.0,1256100.0,1276100.0,7883867
20190606 20:00,1282000.0,1322500.0,1277000.0,1314800.0,11716539
20190609 20:00,1328500.0,1340700.0,1319400.0,1326000.0,8523917
20190610 20:00,1336500.0,1342400.0,1312800.0,1321200.0,7107984
20190611 20:00,1316100.0,1319600.0,1307200.0,1317400.0,6245505
20190612 20:00,1319000.0,1326699.0,1315600.0,1324500.0,6241158
20190613 20:00,1317300.0,1337800.0,1316399.0,1324500.0,6890931
20190616 20:00,1327700.0,1337300.0,1325000.0,1331399.0,5398787
20190617 20:00,1338800.0,1355000.0,1334100.0,1355000.0,8669757
20190618 20:00,1354100.0,1362000.0,1338100.0,1362000.0,9291322
20190619 20:00,1371000.0,1381000.0,1357300.0,1366699.0,10269034
20190620 20:00,1369300.0,1377200.0,1354700.0,1367500.0,18277802
20190623 20:00,1377500.0,1383950.0,1370100.0,1378600.0,6100909
20190624 20:00,1375100.0,1376500.0,1327300.0,1333500.0,10726020
20190625 20:00,1340000.0,1357400.0,1336000.0,1339500.0,8655514
20190626 20:00,1350000.0,1352000.0,1335100.0,1344700.0,5738306
20190627 20:00,1345500.0,1349199.0,1331600.0,1341500.0,13164242
20190630 20:00,1364800.0,1367700.0,1349700.0,1355900.0,7270851
20190701 20:00,1357500.0,1370000.0,1352500.0,1366900.0,5087350
20190702 20:00,1370000.0,1377300.0,1363000.0,1374600.0,4806250
20190704 20:00,1377300.0,1380100.0,1357250.0,1370900.0,6777311
20190707 20:00,1368300.0,1370900.0,1353800.0,1365300.0,5331356
20190708 20:00,1359300.0,1369700.0,1358000.0,1364600.0,7224466
20190709 20:00,1363000.0,1385800.0,1357500.0,1379500.0,8397439
20190710 20:00,1381300.0,1392200.0,1378700.0,1384000.0,7029459
20190711 20:00,1388100.0,1392200.0,1380100.0,1389000.0,6904988
20190714 20:00,1394600.0,1396500.0,1384600.0,1389000.0,5490178
20190715 20:00,1387500.0,1392300.0,1365300.0,1370500.0,6525465
20190716 20:00,1372400.0,1379199.0,1357900.0,1359199.0,7514716
20190717 20:00,1357500.0,1402000.0,1346699.0,1400500.0,8185847
20190718 20:00,1402000.0,1414500.0,1360800.0,1365300.0,15742870
20190721 20:00,1371000.0,1391850.0,1368300.0,1385100.0,7393519
20190722 20:00,1389500.0,1401200.0,1380400.0,1391100.0,5668289
20190723 20:00,1388000.0,1409000.0,1387300.0,1406100.0,7133961
20190724 20:00,1406200.0,1410400.0,1393250.0,1401900.0,6713084
20190725 20:00,1404900.0,1416699.0,1402600.0,1411300.0,6008492
20190728 20:00,1414199.0,1418500.0,1393700.0,1410900.0,4583316
20190729 20:00,1407300.0,1412100.0,1397000.0,1403200.0,5102764
20190730 20:00,1408000.0,1408000.0,1350800.0,1362400.0,12268736
20190731 20:00,1370000.0,1409350.0,1368000.0,1376600.0,12166758
20190801 20:00,1370000.0,1384000.0,1352600.0,1369500.0,10379732
20190804 20:00,1350000.0,1350000.0,1283300.0,1287500.0,15013827
20190805 20:00,1325000.0,1356800.0,1319000.0,1340600.0,10618408
20190806 20:00,1354900.0,1360900.0,1318200.0,1350000.0,10435248
20190807 20:00,1358800.0,1392000.0,1354700.0,1386500.0,10618995
20190808 20:00,1385000.0,1393700.0,1364600.0,1378500.0,8460471
20190811 20:00,1385000.0,1385000.0,1352400.0,1359000.0,7377405
20190812 20:00,1351100.0,1388899.0,1346900.0,1388899.0,8710778
20190813 20:00,1372500.0,1376000.0,1331200.0,1341200.0,12208559
20190814 20:00,1343899.0,1351000.0,1322000.0,1342500.0,9537611
20190815 20:00,1352300.0,1364400.0,1345600.0,1360500.0,9960387
20190818 20:00,1375900.0,1385500.0,1368899.0,1381100.0,8311808
20190819 20:00,1386000.0,1388000.0,1371200.0,1373899.0,7809020
20190820 20:00,1380000.0,1394900.0,1378600.0,1391100.0,5204305
20190821 20:00,1382500.0,1392500.0,1363000.0,1381300.0,6692220
20190822 20:00,1384000.0,1386900.0,1328000.0,1334100.0,13328024
20190825 20:00,1333899.0,1361200.0,1333899.0,1354000.0,7375266
20190826 20:00,1354700.0,1367200.0,1346600.0,1360400.0,7214114
20190827 20:00,1358300.0,1361900.0,1335500.0,1353000.0,5559234
20190828 20:00,1362800.0,1384400.0,1362800.0,1379500.0,6878311
20190829 20:00,1386200.0,1393500.0,1362800.0,1377300.0,9674474
20190902 20:00,1366399.0,1372000.0,1357000.0,1360200.0,7715475
20190903 20:00,1376000.0,1379500.0,1364800.0,1375000.0,6420065
20190904 20:00,1388600.0,1403800.0,1387600.0,1402500.0,9073455
20190905 20:00,1402000.0,1406600.0,1382100.0,1391500.0,7113373
20190908 20:00,1395000.0,1397500.0,1364600.0,1375900.0,8521333
20190909 20:00,1367500.0,1370800.0,1345100.0,1358500.0,9099569
20190910 20:00,1363899.0,1374000.0,1351000.0,1372500.0,9704883
20190911 20:00,1368600.0,1384100.0,1364000.0,1376699.0,10350859
20190912 20:00,1377000.0,1383400.0,1365700.0,1372500.0,8114655
20190915 20:00,1360200.0,1367800.0,1356600.0,1363200.0,6908108
20190916 20:00,1362000.0,1375800.0,1360500.0,1375400.0,6710992
20190917 20:00,1375000.0,1404300.0,1365300.0,1402000.0,8594277
20190918 20:00,1400900.0,1423700.0,1398000.0,1410700.0,11660470
20190919 20:00,1413000.0,1417300.0,1382600.0,1390600.0,20293877
20190922 20:00,1394000.0,1399400.0,1384500.0,1399300.0,7003534
20190923 20:00,1398500.0,1406900.0,1368800.0,1377500.0,12111127
20190924 20:00,1371699.0,1399500.0,1360400.0,1391800.0,8597952
20190925 20:00,1392300.0,1401800.0,1384400.0,1394500.0,7604917
20190926 20:00,1397500.0,1405000.0,1366500.0,1377500.0,7756613
20190929 20:00,1385000.0,1392900.0,1377900.0,1392900.0,6984232
20190930 20:00,1395000.0,1402400.0,1368899.0,1372700.0,8617131
20191001 20:00,1364000.0,1364600.0,1335750.0,1347000.0,11980992
20191002 20:00,1349000.0,1367500.0,1332200.0,1361100.0,8471035
20191003 20:00,1364000.0,1382500.0,1355000.0,1382500.0,8618931
20191006 20:00,1375900.0,1383000.0,1370200.0,1379400.0,5772496
20191007 20:00,1380900.0,1381800.0,1355200.0,1355200.0,9522235
20191008 20:00,1363100.0,1386800.0,1361200.0,1366200.0,7357860
20191009 20:00,1377500.0,1397700.0,1377200.0,1392600.0,6929846
20191010 20:00,1398500.0,1410000.0,1395000.0,1400000.0,10088759
20191013 20:00,1397500.0,1402800.0,1390500.0,1398500.0,5513134
20191014 20:00,1402400.0,1418000.0,1398100.0,1414800.0,7286547
20191015 20:00,1412800.0,1415200.0,1395300.0,1405300.0,7853820
20191016 20:00,1404100.0,1414199.0,1390200.0,1396100.0,7594214
20191017 20:00,1397100.0,1402700.0,1365600.0,1376800.0,11296226
20191020 20:00,1384400.0,1389300.0,1370200.0,1387100.0,6369165
20191021 20:00,1387600.0,1400100.0,1353100.0,1360000.0,8569007
20191022 20:00,1363000.0,1395700.0,1340000.0,1379400.0,8353708
20191023 20:00,1386000.0,1404100.0,1378600.0,1396000.0,9771516
20191024 20:00,1398000.0,1449000.0,1392100.0,1449000.0,8419496
20191027 20:00,1450200.0,1463700.0,1435100.0,1441000.0,10649859
20191028 20:00,1441500.0,1444900.0,1426500.0,1428200.0,6167247
20191029 20:00,1430800.0,1449700.0,1426100.0,1446699.0,6270903
20191030 20:00,1450000.0,1451000.0,1429900.0,1434400.0,8766790
20191031 20:00,1438500.0,1444500.0,1429650.0,1437100.0,9094463
20191103 19:00,1445000.0,1450000.0,1441600.0,1449900.0,6201395
20191104 19:00,1450000.0,1453100.0,1439100.0,1443000.0,6463521
20191105 19:00,1445500.0,1446000.0,1432000.0,1441100.0,6003493
20191106 19:00,1448200.0,1450000.0,1436699.0,1443500.0,6513529
20191107 19:00,1442600.0,1460500.0,1437600.0,1460500.0,6241183
20191110 19:00,1453700.0,1464100.0,1447300.0,1462400.0,4667386
20191111 19:00,1466300.0,1475700.0,1460650.0,1469199.0,6570838
20191112 19:00,1466200.0,1474900.0,1463000.0,1473600.0,6342033
20191113 19:00,1472700.0,1484050.0,1469900.0,1480400.0,5569344
20191114 19:00,1485100.0,1501100.0,1482700.0,1499700.0,9477853
20191117 19:00,1502200.0,1506900.0,1489800.0,1503800.0,7090489
20191118 19:00,1503500.0,1513300.0,1500500.0,1500500.0,8308810
20191119 19:00,1493500.0,1509500.0,1484600.0,1491500.0,9146789
20191120 19:00,1493000.0,1498000.0,1485100.0,1495000.0,5871408
20191121 19:00,1499199.0,1502900.0,1488300.0,1494900.0,5552891
20191124 19:00,1500200.0,1513400.0,1499100.0,1512500.0,8758884
20191125 19:00,1514600.0,1524100.0,1512900.0,1520700.0,10645681
20191126 19:00,1526399.0,1529900.0,1515300.0,1519000.0,5166335
20191128 19:00,1520000.0,1522900.0,1512850.0,1516699.0,5300098
20191201 19:00,1522000.0,1522900.0,1483200.0,1491699.0,8904274
20191202 19:00,1500000.0,1500000.0,1466500.0,1493899.0,8489391
20191203 19:00,1493100.0,1505000.0,1492000.0,1497700.0,6371176
20191204 19:00,1500600.0,1508000.0,1495000.0,1499500.0,5662365
20191205 19:00,1505800.0,1518700.0,1500500.0,1517500.0,5682461
20191208 19:00,1515600.0,1522100.0,1506000.0,1512000.0,6077818
20191209 19:00,1509199.0,1518800.0,1502400.0,1512400.0,5556627
20191210 19:00,1513000.0,1518700.0,1503350.0,1516900.0,6803605
20191211 19:00,1521399.0,1536100.0,1510200.0,1536100.0,9426974
20191212 19:00,1540000.0,1548899.0,1525000.0,1544900.0,7603415
20191215 19:00,1551699.0,1558899.0,1548400.0,1555300.0,8167534
20191216 19:00,1556000.0,1558100.0,1542900.0,1545500.0,8295866
20191217 19:00,1546800.0,1554700.0,1540700.0,1545800.0,8305983
20191218 19:00,1546800.0,1559000.0,1537500.0,1558200.0,8759991
20191219 19:00,1557100.0,1580200.0,1555000.0,1575200.0,28801401
20191222 19:00,1577900.0,1581000.0,1572700.0,1575300.0,6584413
20191223 19:00,1576000.0,1577100.0,1571200.0,1573100.0,2297245
20191225 19:00,1575100.0,1588500.0,1574100.0,1587300.0,6268560
20191226 19:00,1592500.0,1595800.0,1582200.0,1587800.0,6952592
20191229 19:00,1592000.0,1593000.0,1567300.0,1575700.0,6154278
20191230 19:00,1575900.0,1579400.0,1564500.0,1578100.0,7368669
20200101 19:00,1589000.0,1607900.0,1583400.0,1607000.0,7504321
20200102 19:00,1590000.0,1599400.0,1576000.0,1587000.0,7857024
20200105 19:00,1574000.0,1591000.0,1565100.0,1586699.0,7810300
20200106 19:00,1591500.0,1598000.0,1550700.0,1556000.0,7173911
20200107 19:00,1568300.0,1607750.0,1568200.0,1604500.0,9322290
20200108 19:00,1611300.0,1622500.0,1610300.0,1622000.0,7104274
20200109 19:00,1627200.0,1632100.0,1611600.0,1612800.0,7156903
20200112 19:00,1623000.0,1634600.0,1612700.0,1634600.0,6719130
20200113 19:00,1627400.0,1636300.0,1617200.0,1620000.0,7908048
20200114 19:00,1625000.0,1639300.0,1621000.0,1636500.0,7796368
20200115 19:00,1646000.0,1668800.0,1640300.0,1667600.0,7660865
20200116 19:00,1670500.0,1676600.0,1654300.0,1669500.0,12947505
20200120 19:00,1664300.0,1681900.0,1660400.0,1666900.0,9873805
20200121 19:00,1675000.0,1677000.0,1654900.0,1656000.0,8282986
20200122 19:00,1657200.0,1673000.0,1652800.0,1672000.0,7230561
20200123 19:00,1677500.0,1679900.0,1644600.0,1649000.0,8470496
20200126 19:00,1631200.0,1633700.0,1602100.0,1624900.0,12366383
20200127 19:00,1630100.0,1666399.0,1627000.0,1661000.0,7272902
20200128 19:00,1668000.0,1762000.0,1657000.0,1752200.0,10716441
20200129 19:00,1733100.0,1751100.0,1708000.0,1728500.0,14347376
20200130 19:00,1728800.0,1728800.0,1696000.0,1700700.0,12454186
20200202 19:00,1709400.0,1745000.0,1703500.0,1743000.0,9913721
20200203 19:00,1765600.0,1812000.0,1763100.0,1805000.0,10577352
20200204 19:00,1815000.0,1842500.0,1784199.0,1802900.0,11605479
20200205 19:00,1823899.0,1840000.0,1800600.0,1839100.0,9774463
20200206 19:00,1835000.0,1856300.0,1824900.0,1837000.0,8639218
20200209 19:00,1841000.0,1893300.0,1832500.0,1891000.0,9417967
20200210 19:00,1902100.0,1914000.0,1835000.0,1849900.0,13038806
20200211 19:00,1860000.0,1865000.0,1818600.0,1832100.0,13959726
20200212 19:00,1833000.0,1862200.0,1821900.0,1836500.0,9517561
20200213 19:00,1840100.0,1856699.0,1826500.0,1853300.0,7577320
20200217 19:00,1847900.0,1877000.0,1843300.0,1875300.0,8372852
20200218 19:00,1871900.0,1882300.0,1864900.0,1874000.0,11225364
20200219 19:00,1871800.0,1872500.0,1811000.0,1835000.0,11691839
20200220 19:00,1835900.0,1841699.0,1772500.0,1785300.0,15506753
20200223 19:00,1725500.0,1745500.0,1640000.0,1724400.0,22060477
20200224 19:00,1729000.0,1748400.0,1676500.0,1697000.0,19279842
20200225 19:00,1660000.0,1732550.0,1632200.0,1672000.0,16404425
20200226 19:00,1665900.0,1683899.0,1560900.0,1577500.0,29822528
20200227 19:00,1539800.0,1643700.0,1520000.0,1634500.0,35458692
20200301 19:00,1660000.0,1728800.0,1599100.0,1726800.0,25617932
20200302 19:00,1736900.0,1750000.0,1622600.0,1634800.0,25638433
20200303 19:00,1678000.0,1707000.0,1656200.0,1693000.0,18866002
20200304 19:00,1676399.0,1708700.0,1651000.0,1667500.0,17890878
20200305 19:00,1649900.0,1649900.0,1560100.0,1606699.0,24213042
20200308 20:00,1520600.0,1577500.0,1485500.0,1554000.0,25454828
20200309 20:00,1558899.0,1612800.0,1525900.0,1579000.0,23147397
20200310 20:00,1565000.0,1584000.0,1511500.0,1540000.0,19529664
20200311 20:00,1474000.0,1534199.0,1349500.0,1353000.0,33108730
20200312 20:00,1443400.0,1590000.0,1407300.0,1527500.0,32874721
20200315 20:00,1460000.0,1493400.0,1350000.0,1395000.0,33689521
20200316 20:00,1425100.0,1474900.0,1350000.0,1420000.0,29186760
20200317 20:00,1381500.0,1460000.0,1350200.0,1450000.0,27690211
20200318 20:00,1400600.0,1501500.0,1383400.0,1418000.0,29661802
20200319 20:00,1500000.0,1530000.0,1358500.0,1364000.0,34246876
20200322 20:00,1335000.0,1436500.0,1325200.0,1380000.0,24895146
20200323 20:00,1416100.0,1498800.0,1400600.0,1472500.0,27419851
20200324 20:00,1519500.0,1548500.0,1444300.0,1478400.0,24875552
20200325 20:00,1451800.0,1566500.0,1437200.0,1557500.0,22913861
20200326 20:00,1533000.0,1549000.0,1484900.0,1488000.0,19070047
20200329 20:00,1488000.0,1626900.0,1488000.0,1626200.0,19745809
20200330 20:00,1640000.0,1647800.0,1552000.0,1552400.0,24524047
20200331 20:00,1540300.0,1577500.0,1508200.0,1535600.0,17461991
20200401 20:00,1549000.0,1557000.0,1503600.0,1542300.0,15056319
20200402 20:00,1537500.0,1573899.0,1521950.0,1536500.0,12182698
20200405 20:00,1600000.0,1665000.0,1576000.0,1652900.0,23440122
20200406 20:00,1690600.0,1705300.0,1625000.0,1640000.0,19249311
20200407 20:00,1641600.0,1666800.0,1629900.0,1657500.0,16442069
20200408 20:00,1665000.0,1674000.0,1630200.0,1654700.0,16658212
20200412 20:00,1636600.0,1664700.0,1623000.0,1661900.0,12529773
20200413 20:00,1674000.0,1740000.0,1674000.0,1732500.0,17218883
20200414 20:00,1726399.0,1735700.0,1692400.0,1709800.0,12846057
20200415 20:00,1739400.0,1825800.0,1729100.0,1809800.0,16713917
20200416 20:00,1810000.0,1819700.0,1758800.0,1777600.0,20233928
20200419 20:00,1784800.0,1787400.0,1741500.0,1755800.0,11550990
20200420 20:00,1744000.0,1744900.0,1661200.0,1693000.0,17710023
20200421 20:00,1703800.0,1740000.0,1701000.0,1728600.0,11274273
20200422 20:00,1726300.0,1750600.0,1703000.0,1705500.0,10056388
20200423 20:00,1705600.0,1745500.0,1703000.0,1744300.0,10282636
20200426 20:00,1765000.0,1772000.0,1733800.0,1745200.0,9297387
20200427 20:00,1747900.0,1767000.0,1693899.0,1723800.0,10306723
20200428 20:00,1728500.0,1865100.0,1718300.0,1813000.0,14811257
20200429 20:00,1774300.0,1822100.0,1753400.0,1763000.0,16613878
20200430 20:00,1755000.0,1786399.0,1740100.0,1745000.0,12096476
20200503 20:00,1742000.0,1791800.0,1730000.0,1790800.0,8436706
20200504 20:00,1803700.0,1836399.0,1799100.0,1815000.0,10461197
20200505 20:00,1816000.0,1841900.0,1812000.0,1820000.0,7998576
20200506 20:00,1845000.0,1857000.0,1825900.0,1844000.0,8529191
20200507 20:00,1853500.0,1861699.0,1833600.0,1846800.0,8828024
20200510 20:00,1855700.0,1875100.0,1827100.0,1866000.0,9189786
20200511 20:00,1865000.0,1874800.0,1802100.0,1805500.0,12145475
20200512 20:00,1823300.0,1842900.0,1765500.0,1802600.0,14016623
20200513 20:00,1800000.0,1811200.0,1756800.0,1809500.0,13762780
20200514 20:00,1816000.0,1834900.0,1770100.0,1824500.0,18795909
20200517 20:00,1846500.0,1866800.0,1839600.0,1854400.0,11330627
20200518 20:00,1857300.0,1865800.0,1833500.0,1840100.0,7632381
20200519 20:00,1843899.0,1858500.0,1839500.0,1854000.0,9723092
20200520 20:00,1850000.0,1866699.0,1831000.0,1840000.0,9177707
20200521 20:00,1817100.0,1844600.0,1812500.0,1836300.0,6465143
20200525 20:00,1866900.0,1877300.0,1811000.0,1816399.0,12992915
20200526 20:00,1831500.0,1835000.0,1765900.0,1819500.0,11168571
20200527 20:00,1815000.0,1841399.0,1785000.0,1812000.0,11433464
20200528 20:00,1811699.0,1842700.0,1804100.0,1836500.0,16378172
20200531 20:00,1840000.0,1840000.0,1814600.0,1821500.0,7800946
20200601 20:00,1834100.0,1854000.0,1813600.0,1852000.0,10252588
20200602 20:00,1852000.0,1859300.0,1835800.0,1849000.0,9299113
20200603 20:00,1849000.0,1858350.0,1823100.0,1827400.0,8837774
20200604 20:00,1838600.0,1877200.0,1817400.0,1872500.0,14947469
20200607 20:00,1867800.0,1885500.0,1844400.0,1883000.0,12342227
20200608 20:00,1874199.0,1906900.0,1864000.0,1903400.0,10126951
20200609 20:00,1905000.0,1985200.0,1890400.0,1952000.0,12633160
20200610 20:00,1940200.0,1957500.0,1860900.0,1884100.0,18001833
20200611 20:00,1890000.0,1917200.0,1851900.0,1882000.0,13545149
20200614 20:00,1835100.0,1915000.0,1831100.0,1913899.0,11225580
20200615 20:00,1913500.0,1955800.0,1909000.0,1943200.0,15008141
20200616 20:00,1946000.0,1963300.0,1937000.0,1937500.0,8471869
20200617 20:00,1947500.0,1973100.0,1933000.0,1972500.0,7982495
20200618 20:00,1972000.0,1998400.0,1940100.0,1947300.0,20374316
20200621 20:00,1955000.0,2020000.0,1952400.0,2019900.0,10738539
20200622 20:00,2022800.0,2039400.0,2012000.0,2016000.0,9829594
20200623 20:00,2017700.0,2032400.0,1965600.0,1977200.0,12348679
20200624 20:00,1965000.0,2013000.0,1954600.0,2011000.0,8824921
20200625 20:00,2000000.0,2012000.0,1948800.0,1962000.0,21101736
20200628 20:00,1962000.0,1994300.0,1935500.0,1991000.0,9638593
20200629 20:00,1991100.0,2044000.0,1976900.0,2033000.0,14138037
20200630 20:00,2032500.0,2063500.0,2017600.0,2045100.0,10775124
20200701 20:00,2053400.0,2080200.0,2050000.0,2067000.0,9520083
20200705 20:00,2090000.0,2119800.0,2080900.0,2119800.0,10103865
20200706 20:00,2103000.0,2146600.0,2079900.0,2090300.0,10660162
20200707 20:00,2093300.0,2136000.0,2087000.0,2135600.0,10885979
20200708 20:00,2136900.0,2164100.0,2114700.0,2145000.0,9797536
20200709 20:00,2136200.0,2143000.0,2110800.0,2142300.0,8294563
20200712 20:00,2150200.0,2158000.0,2065000.0,2086699.0,12093032
20200713 20:00,2070700.0,2097300.0,2020300.0,2090900.0,12601437
20200714 20:00,2089900.0,2113100.0,2050300.0,2071000.0,11202372
20200715 20:00,2067500.0,2067500.0,2023100.0,2035000.0,9507447
20200716 20:00,2040900.0,2061800.0,2013899.0,2031699.0,10414514
20200719 20:00,2029000.0,2129200.0,2022500.0,2129200.0,12058451
20200720 20:00,2136000.0,2147600.0,2080500.0,2106500.0,12859243
20200721 20:00,2092800.0,2126800.0,2045100.0,2070100.0,12178155
20200722 20:00,2084600.0,2109100.0,2021000.0,2036200.0,19511899
20200723 20:00,1999900.0,2028600.0,1975200.0,2008000.0,11511889
20200726 20:00,2023000.0,2044900.0,2008600.0,2043000.0,8873548
20200727 20:00,2040000.0,2046900.0,2017400.0,2025200.0,7466129
20200728 20:00,2026900.0,2046500.0,2020100.0,2040500.0,6075290
20200729 20:00,2024300.0,2054900.0,1995900.0,2050200.0,7643526
20200730 20:00,2049000.0,2068700.0,1990100.0,2058000.0,16340261
20200802 20:00,2110000.0,2176300.0,2055000.0,2162600.0,20768746
20200803 20:00,2158100.0,2159400.0,2103200.0,2129900.0,14123786
20200804 20:00,2140000.0,2163500.0,2115700.0,2125800.0,8522328
20200805 20:00,2123600.0,2163700.0,2115500.0,2161000.0,10437714
20200806 20:00,2158000.0,2159800.0,2109200.0,2123900.0,8171676
20200809 20:00,2118000.0,2119300.0,2063500.0,2082000.0,8918216
20200810 20:00,2092500.0,2098100.0,2031200.0,2044000.0,11729148
20200811 20:00,2052100.0,2102800.0,2044000.0,2088800.0,9382724
20200812 20:00,2091900.0,2113450.0,2081500.0,2090400.0,6595151
20200813 20:00,2086600.0,2095950.0,2075100.0,2087800.0,5745111
20200816 20:00,2096100.0,2111800.0,2089150.0,2104000.0,6492641
20200817 20:00,2100000.0,2123600.0,2092100.0,2119500.0,7176161
20200818 20:00,2115500.0,2121000.0,2092700.0,2093000.0,9927129
20200819 20:00,2095000.0,2150000.0,2085700.0,2145400.0,8650999
20200820 20:00,2142700.0,2164100.0,2121000.0,2147000.0,12292661
20200823 20:00,2154900.0,2160000.0,2124300.0,2137600.0,9767017
20200824 20:00,2139200.0,2183700.0,2128000.0,2176700.0,7255123
20200825 20:00,2173100.0,2220850.0,2166600.0,2208000.0,10978353
20200826 20:00,2214100.0,2311500.0,2194000.0,2286900.0,16084607
20200827 20:00,2271400.0,2306500.0,2265700.0,2284400.0,7737873
20200830 20:00,2277700.0,2286900.0,2220000.0,2255300.0,9454676
20200831 20:00,2262500.0,2280000.0,2244300.0,2280000.0,8508836
20200901 20:00,2284900.0,2328600.0,2273200.0,2314100.0,11407451
20200902 20:00,2312200.0,2312200.0,2133100.0,2138100.0,20192608
20200903 20:00,2177900.0,2185800.0,2051900.0,2136000.0,20639146
20200907 20:00,2133300.0,2134300.0,2007000.0,2025000.0,19931080
20200908 20:00,2065000.0,2148300.0,2050200.0,2126500.0,17669050
20200909 20:00,2097500.0,2147300.0,2041100.0,2067000.0,13319031
20200910 20:00,2080000.0,2098900.0,2012300.0,2036500.0,10895422
20200913 20:00,2039900.0,2091900.0,2023100.0,2055800.0,11711202
20200914 20:00,2064000.0,2104400.0,2060000.0,2096399.0,8011826
20200915 20:00,2102000.0,2115000.0,2046000.0,2055100.0,11419249
20200916 20:00,2039900.0,2043500.0,1994400.0,2025600.0,13904703
20200917 20:00,2029100.0,2047100.0,1962600.0,2000200.0,27383164
20200920 20:00,1987600.0,2047700.0,1950200.0,2042000.0,14100426
20200921 20:00,2030000.0,2080900.0,2020750.0,2072800.0,11721215
20200922 20:00,2073800.0,2093500.0,1997000.0,2000000.0,12723252
20200923 20:00,2001200.0,2055700.0,1980500.0,2046000.0,11362008
20200924 20:00,2038899.0,2090400.0,2021200.0,2070000.0,10518412
20200927 20:00,2090000.0,2125600.0,2080600.0,2110000.0,11344410
20200928 20:00,2096000.0,2107600.0,2068100.0,2075500.0,7518043
20200929 20:00,2061300.0,2119600.0,2045000.0,2107000.0,13620169
20200930 20:00,2119300.0,2139900.0,2111100.0,2122600.0,9691053
20201001 20:00,2087700.0,2109800.0,2053800.0,2058300.0,10947155
20201004 20:00,2076699.0,2104100.0,2069900.0,2091900.0,6598960
20201005 20:00,2095000.0,2101800.0,2048000.0,2061000.0,9089053
20201006 20:00,2070000.0,2100000.0,2066000.0,2098000.0,8117369
20201007 20:00,2105000.0,2113000.0,2083100.0,2112800.0,6010612
20201008 20:00,2106100.0,2159900.0,2102600.0,2156000.0,8216223
20201011 20:00,2161800.0,2238600.0,2161800.0,2215500.0,12996168
20201012 20:00,2203700.0,2251400.0,2203700.0,2240000.0,9167148
20201013 20:00,2244800.0,2250000.0,2191100.0,2203100.0,7557237
20201014 20:00,2180000.0,2208500.0,2157600.0,2200000.0,7358763
20201015 20:00,2196600.0,2222900.0,2181500.0,2190000.0,9862471
20201018 20:00,2209400.0,2223000.0,2137200.0,2161400.0,9756414
20201019 20:00,2165100.0,2175000.0,2131000.0,2152500.0,7840799
20201020 20:00,2152400.0,2169200.0,2126000.0,2140000.0,8515904
20201021 20:00,2143400.0,2160400.0,2117100.0,2151000.0,6604090
20201022 20:00,2151800.0,2170000.0,2131700.0,2170000.0,5944830
20201025 20:00,2142300.0,2163400.0,2081000.0,2105800.0,10545440
20201026 20:00,2112500.0,2165000.0,2087000.0,2097200.0,10199175
20201027 20:00,2101000.0,2107000.0,2021000.0,2032500.0,16916341
20201028 20:00,2049600.0,2073500.0,2026000.0,2030900.0,10246434
20201029 20:00,2016100.0,2042800.0,1996300.0,2023500.0,14124938
20201101 19:00,2042900.0,2052800.0,2001200.0,2027900.0,10927385
20201102 19:00,2038000.0,2081200.0,2025400.0,2071500.0,9510975
20201103 19:00,2110100.0,2183100.0,2100000.0,2169700.0,16077344
20201104 19:00,2207100.0,2241200.0,2207100.0,2228000.0,12625367
20201105 19:00,2219500.0,2243400.0,2180300.0,2234700.0,8700479
20201108 19:00,2280000.0,2290000.0,2179400.0,2195400.0,15437129
20201109 19:00,2178000.0,2178500.0,2097300.0,2108000.0,14009588
20201110 19:00,2125300.0,2180400.0,2121800.0,2166500.0,8613644
20201111 19:00,2159700.0,2191000.0,2144700.0,2156000.0,6993848
20201112 19:00,2168000.0,2174100.0,2141700.0,2166700.0,6678774
20201115 19:00,2170200.0,2182000.0,2138300.0,2169600.0,8672501
20201116 19:00,2172300.0,2179800.0,2140800.0,2144700.0,8519636
20201117 19:00,2144600.0,2151700.0,2107700.0,2112500.0,9331372
20201118 19:00,2104600.0,2129900.0,2099300.0,2118000.0,7954342
20201119 19:00,2125600.0,2132800.0,2101000.0,2107100.0,9189289
20201122 19:00,2110600.0,2122900.0,2081699.0,2108800.0,8555961
20201123 19:00,2110100.0,2146000.0,2088500.0,2143500.0,11174117
20201124 19:00,2141600.0,2155000.0,2124600.0,2143000.0,6513272
20201126 19:00,2147800.0,2162700.0,2140500.0,2150100.0,5041005
20201129 19:00,2148600.0,2156500.0,2108300.0,2145000.0,11098521
20201130 19:00,2148800.0,2173100.0,2133600.0,2157200.0,8902453
20201201 19:00,2167300.0,2167400.0,2127900.0,2152700.0,7406734
20201202 19:00,2154000.0,2163700.0,2136500.0,2144800.0,7461928
20201203 19:00,2150200.0,2153800.0,2131800.0,2140600.0,7427268
20201206 19:00,2142800.0,2164200.0,2129900.0,2138000.0,7338493
20201207 19:00,2142400.0,2169500.0,2128900.0,2158500.0,6917454
20201208 19:00,2165000.0,2166900.0,2112200.0,2120000.0,11731555
20201209 19:00,2120000.0,2130700.0,2103600.0,2106900.0,9293465
20201210 19:00,2102500.0,2133300.0,2090100.0,2130100.0,9100611
20201213 19:00,2135800.0,2162000.0,2126200.0,2140200.0,10192802
20201214 19:00,2152500.0,2154200.0,2122400.0,2142600.0,8404488
20201215 19:00,2144700.0,2201100.0,2138100.0,2194200.0,11570663
20201216 19:00,2201000.0,2208800.0,2175000.0,2183600.0,10199962
20201217 19:00,2191700.0,2196900.0,2160300.0,2185900.0,37474538
20201220 19:00,2191000.0,2240000.0,2156000.0,2228000.0,10389463
20201221 19:00,2222500.0,2256300.0,2222000.0,2235000.0,7725044
20201222 19:00,2244000.0,2248600.0,2206600.0,2212100.0,6659030
20201223 19:00,2211900.0,2236000.0,2211000.0,2225500.0,3362205
20201227 19:00,2236500.0,2260300.0,2229900.0,2250300.0,5681429
20201228 19:00,2260000.0,2271700.0,2235900.0,2242900.0,5496590
20201229 19:00,2253300.0,2256300.0,2214700.0,2219200.0,7758146
20201230 19:00,2217600.0,2230000.0,2196800.0,2224600.0,8115026
20210103 19:00,2229100.0,2234000.0,2148200.0,2174200.0,12851122
20210104 19:00,2180000.0,2185200.0,2157000.0,2177400.0,7389323
20210105 19:00,2140000.0,2164800.0,2119400.0,2133000.0,13653340
20210106 19:00,2140000.0,2193400.0,2132300.0,2182900.0,10315105
20210107 19:00,2187700.0,2205800.0,2170300.0,2198000.0,7990988
20210110 19:00,2186200.0,2196000.0,2167400.0,2179000.0,8436578
20210111 19:00,2177100.0,2181000.0,2133200.0,2150400.0,6353381
20210112 19:00,2155000.0,2168600.0,2135300.0,2164000.0,7086055
20210113 19:00,2167200.0,2174600.0,2125300.0,2137600.0,10711979
20210114 19:00,2131100.0,2145000.0,2120400.0,2123700.0,12800418
20210118 19:00,2143700.0,2172900.0,2126400.0,2170300.0,8869771
20210119 19:00,2173000.0,2257800.0,2171000.0,2247000.0,11656917
20210120 19:00,2250600.0,2263000.0,2224200.0,2254300.0,8786720
20210121 19:00,2247000.0,2300700.0,2242300.0,2265500.0,9153105
20210124 19:00,2284300.0,2300800.0,2242500.0,2298700.0,10804162
20210125 19:00,2295100.0,2477000.0,2290000.0,2419500.0,13993956
20210126 19:00,2393900.0,2409000.0,2300100.0,2317100.0,21528665
20210127 19:00,2306600.0,2426500.0,2290000.0,2368700.0,16020923
20210128 19:00,2353200.0,2380200.0,2310900.0,2317800.0,15333366
20210131 19:00,2343600.0,2425000.0,2324500.0,2405000.0,10925347
20210201 19:00,2410000.0,2423200.0,2385000.0,2395000.0,9330685
20210202 19:00,2414400.0,2450900.0,2389000.0,2431200.0,10577680
20210203 19:00,2435300.0,2441500.0,2403600.0,2415000.0,8886940
20210204 19:00,2421400.0,2432800.0,2404300.0,2422100.0,5801476
20210207 19:00,2433900.0,2437700.0,2408100.0,2420600.0,7541614
20210208 19:00,2420000.0,2447600.0,2411500.0,2441800.0,6626215
20210209 19:00,2446400.0,2459400.0,2409000.0,2427900.0,7874686
20210210 19:00,2435500.0,2451500.0,2421500.0,2445200.0,6609125
20210211 19:00,2434300.0,2453000.0,2427300.0,2451900.0,6740700
20210215 19:00,2458500.0,2461100.0,2429100.0,2430300.0,9087399
20210216 19:00,2434500.0,2443000.0,2406500.0,2442000.0,6791871
20210217 19:00,2432300.0,2439500.0,2408600.0,2431500.0,6524807
20210218 19:00,2435000.0,2446900.0,2401800.0,2405500.0,10622888
20210221 19:00,2376100.0,2381000.0,2324100.0,2342800.0,13236605
20210222 19:00,2347000.0,2348300.0,2287300.0,2327000.0,11789349
20210223 19:00,2329700.0,2352000.0,2290000.0,2348000.0,10195433
20210224 19:00,2328600.0,2345600.0,2278700.0,2285000.0,14743271
20210225 19:00,2295000.0,2353500.0,2271300.0,2324000.0,16038270
20210228 19:00,2359500.0,2374700.0,2331500.0,2371000.0,10285130
20210301 19:00,2357500.0,2374800.0,2334700.0,2346500.0,9025219
20210302 19:00,2358700.0,2358700.0,2255200.0,2255200.0,12843396
20210303 19:00,2270800.0,2324900.0,2242700.0,2255000.0,15405843
20210304 19:00,2259500.0,2332700.0,2250000.0,2322200.0,15589868
20210307 19:00,2275800.0,2333650.0,2251200.0,2285000.0,13202124
20210308 19:00,2304700.0,2353800.0,2304700.0,2337500.0,11701455
20210309 19:00,2333800.0,2370300.0,2318600.0,2326900.0,10254352
20210310 19:00,2367400.0,2391700.0,2339900.0,2379400.0,10729902
20210311 19:00,2337700.0,2359000.0,2325900.0,2356700.0,7479081
20210314 20:00,2357300.0,2366100.0,2318200.0,2345100.0,9234791
20210315 20:00,2351000.0,2400500.0,2349100.0,2375000.0,9509343
20210316 20:00,2374700.0,2385400.0,2332300.0,2374900.0,10951740
20210317 20:00,2355800.0,2359400.0,2303300.0,2310500.0,12841866
20210318 20:00,2320000.0,2328200.0,2293450.0,2307200.0,24518805
20210321 20:00,2316600.0,2369000.0,2301400.0,2359400.0,9532892
20210322 20:00,2361900.0,2410500.0,2350000.0,2375000.0,10485711
20210323 20:00,2378700.0,2402700.0,2349900.0,2352900.0,8809278
20210324 20:00,2354600.0,2369300.0,2315700.0,2335100.0,12138722
20210325 20:00,2335100.0,2367100.0,2306000.0,2362900.0,9597775
20210328 20:00,2357600.0,2370000.0,2318700.0,2354900.0,8306364
20210329 20:00,2345000.0,2345000.0,2311000.0,2318900.0,8543282
20210330 20:00,2327000.0,2391000.0,2318500.0,2374900.0,15757820
20210331 20:00,2387000.0,2426400.0,2380200.0,2425000.0,8680543
20210404 20:00,2427500.0,2499600.0,2419000.0,2494500.0,10618757
20210405 20:00,2479000.0,2494000.0,2468800.0,2483400.0,6609154
20210406 20:00,2484900.0,2509200.0,2471700.0,2502500.0,7038624
20210407 20:00,2519700.0,2541400.0,2514000.0,2539600.0,7650478
20210408 20:00,2534900.0,2560000.0,2520000.0,2556600.0,7743021
20210411 20:00,2561500.0,2576700.0,2546100.0,2559000.0,8608052
20210412 20:00,2563000.0,2591800.0,2554500.0,2581000.0,7311608
20210413 20:00,2590299.0,2597400.0,2551600.0,2554600.0,7617492
20210414 20:00,2573100.0,2599300.0,2570000.0,2593399.0,8753725
20210415 20:00,2588200.0,2609800.0,2576000.0,2607500.0,8920725
20210418 20:00,2607400.0,2614800.0,2578200.0,2589600.0,8587300
20210419 20:00,2593399.0,2601900.0,2568450.0,2579900.0,6180349
20210420 20:00,2583700.0,2606700.0,2572500.0,2604800.0,7516555
20210421 20:00,2605299.0,2617799.0,2556300.0,2573000.0,8000459
20210422 20:00,2576900.0,2619600.0,2572600.0,2619600.0,7905818
20210425 20:00,2611500.0,2624500.0,2603000.0,2618900.0,7288736
20210426 20:00,2624000.0,2631900.0,2514000.0,2551000.0,8974172
20210427 20:00,2559000.0,2569100.0,2529500.0,2544700.0,13347349
20210428 20:00,2552100.0,2564900.0,2490700.0,2512000.0,11605494
20210429 20:00,2513100.0,2530900.0,2494400.0,2521800.0,10020607
20210502 20:00,2530000.0,2543500.0,2509000.0,2514300.0,6604262
20210503 20:00,2503600.0,2514500.0,2457600.0,2471600.0,10988614
20210504 20:00,2478000.0,2495000.0,2458200.0,2461500.0,6312555
20210505 20:00,2465800.0,2499900.0,2446800.0,2495100.0,10523376
20210506 20:00,2496600.0,2545000.0,2492100.0,2526900.0,8245084
20210509 20:00,2516000.0,2521700.0,2464300.0,2468000.0,9736406
20210510 20:00,2435700.0,2465900.0,2425800.0,2457800.0,11978996
20210511 20:00,2455900.0,2459400.0,2380700.0,2395500.0,11903888
20210512 20:00,2385600.0,2455900.0,2380000.0,2431000.0,9265740
20210513 20:00,2450000.0,2495800.0,2447100.0,2494800.0,8797830
20210516 20:00,2481500.0,2488000.0,2435100.0,2453100.0,7011577
20210517 20:00,2471000.0,2472400.0,2425000.0,2426500.0,6564947
20210518 20:00,2406600.0,2432200.0,2383300.0,2426000.0,10078390
20210519 20:00,2430000.0,2479400.0,2415000.0,2468900.0,7302124
20210520 20:00,2472400.0,2485000.0,2447400.0,2451700.0,8084292
20210523 20:00,2460100.0,2512000.0,2452800.0,2511900.0,7892195
20210524 20:00,2516100.0,2527500.0,2508100.0,2520000.0,5868312
20210525 20:00,2523300.0,2529300.0,2507600.0,2516500.0,5883862
20210526 20:00,2504200.0,2514900.0,2492500.0,2504000.0,10826220
20210527 20:00,2504000.0,2520700.0,2495600.0,2498300.0,6951092
20210531 20:00,2504000.0,2514500.0,2469800.0,2473500.0,6383958
20210601 20:00,2473500.0,2492700.0,2458400.0,2473200.0,5977604
20210602 20:00,2470500.0,2474000.0,2430000.0,2454500.0,7516838
20210603 20:00,2457400.0,2516500.0,2451600.0,2508900.0,8292199
20210606 20:00,2499600.0,2550000.0,2493600.0,2548100.0,8397170
20210607 20:00,2540900.0,2560100.0,2523800.0,2526200.0,8299247
20210608 20:00,2531000.0,2555300.0,2528000.0,2534200.0,6127662
20210609 20:00,2535900.0,2585299.0,2515100.0,2585299.0,7237622
20210610 20:00,2570000.0,2585000.0,2566100.0,2576200.0,6492111
20210613 20:00,2582600.0,2599400.0,2567900.0,2597799.0,7025466
20210614 20:00,2600000.0,2604000.0,2576800.0,2585899.0,6360976
20210615 20:00,2585000.0,2605800.0,2544300.0,2552600.0,9043129
20210616 20:00,2552600.0,2617400.0,2550000.0,2611100.0,9522217
20210617 20:00,2610000.0,2623000.0,2586600.0,2588800.0,15905504
20210620 20:00,2601400.0,2635200.0,2579100.0,2630700.0,8469582
20210621 20:00,2620100.0,2660000.0,2613300.0,2660000.0,7136078
20210622 20:00,2661000.0,2668300.0,2644300.0,2654900.0,5680952
20210623 20:00,2664900.0,2678500.0,2654700.0,2669800.0,6518194
20210624 20:00,2674000.0,2674900.0,2647600.0,2650299.0,10400826
20210627 20:00,2651800.0,2689000.0,2651800.0,2685000.0,6918028
20210628 20:00,2687000.0,2717600.0,2679800.0,2713399.0,6037400
20210629 20:00,2713500.0,2714000.0,2696100.0,2710899.0,7968821
20210630 20:00,2713399.0,2717900.0,2695000.0,2715800.0,6184491
20210701 20:00,2720000.0,2779900.0,2715500.0,2778100.0,8542808
20210705 20:00,2779000.0,2793600.0,2743399.0,2779800.0,8810999
20210706 20:00,2786300.0,2807000.0,2780000.0,2804000.0,7321807
20210707 20:00,2774000.0,2787200.0,2748700.0,2774800.0,8932363
20210708 20:00,2775299.0,2781000.0,2753200.0,2779400.0,8831220
20210711 20:00,2777500.0,2797700.0,2765800.0,2773000.0,6242291
20210712 20:00,2773300.0,2828399.0,2765500.0,2809000.0,7867344
20210713 20:00,2809800.0,2836600.0,2805500.0,2826200.0,7872066
20210714 20:00,2828000.0,2843300.0,2798300.0,2805500.0,7425395
20210715 20:00,2810299.0,2841100.0,2794500.0,2803100.0,7779080
20210718 20:00,2805000.0,2815800.0,2752400.0,2779900.0,10793236
20210719 20:00,2780000.0,2809700.0,2762600.0,2797500.0,9621971
20210720 20:00,2800000.0,2817900.0,2781400.0,2816000.0,8688191
20210721 20:00,2820000.0,2878000.0,2820000.0,2877300.0,6548182
20210722 20:00,2880000.0,2900000.0,2865000.0,2895899.0,6677662
20210725 20:00,2896700.0,2905000.0,2866400.0,2898200.0,7099205
20210726 20:00,2890899.0,2916000.0,2766500.0,2870000.0,8959362
20210727 20:00,2890000.0,2918300.0,2838450.0,2863700.0,8595183
20210728 20:00,2870800.0,2886000.0,2843200.0,2848700.0,5617239
20210729 20:00,2845000.0,2866700.0,2839100.0,2850000.0,7381469
20210801 20:00,2867000.0,2869300.0,2837400.0,2847000.0,5145569
20210802 20:00,2853000.0,2872250.0,2842100.0,2863200.0,5325497
20210803 20:00,2871200.0,2875800.0,2846500.0,2867500.0,5282829
20210804 20:00,2867300.0,2897400.0,2860899.0,2893300.0,4363771
20210805 20:00,2895700.0,2903000.0,2876350.0,2891000.0,5023039
20210808 20:00,2892600.0,2915400.0,2878200.0,2882000.0,5014376
20210809 20:00,2885000.0,2894400.0,2852100.0,2865600.0,5105609
20210810 20:00,2864500.0,2886500.0,2852900.0,2863000.0,4827368
20210811 20:00,2862600.0,2899700.0,2861800.0,2897000.0,4162929
20210812 20:00,2900000.0,2933000.0,2886400.0,2932400.0,4553516
20210815 20:00,2924100.0,2948300.0,2900299.0,2945200.0,6990960
20210816 20:00,2942700.0,2942700.0,2910899.0,2928300.0,6882905
20210817 20:00,2922500.0,2948200.0,2898800.0,2907799.0,7475137
20210818 20:00,2888000.0,2974700.0,2872500.0,2965299.0,8639434
20210819 20:00,2950000.0,3058399.0,2950000.0,3045000.0,11006127
20210822 20:00,3055000.0,3061000.0,3018500.0,3045800.0,6880541
20210823 20:00,3060200.0,3060200.0,3020000.0,3027000.0,5595163
20210824 20:00,3030000.0,3046500.0,3004100.0,3021400.0,5649205
20210825 20:00,3020100.0,3024200.0,2986200.0,2986200.0,6225383
20210826 20:00,2991300.0,3008700.0,2968399.0,2997000.0,6900997
20210829 20:00,3008000.0,3042100.0,3005100.0,3034000.0,5565311
20210830 20:00,3049000.0,3053200.0,3015100.0,3021500.0,10192037
20210831 20:00,3031000.0,3051800.0,3014900.0,3019800.0,6813101
20210901 20:00,3023700.0,3033500.0,3001800.0,3013100.0,5967392
20210902 20:00,3020700.0,3026000.0,3002600.0,3009000.0,4995575
20210906 20:00,3013600.0,3022900.0,2982000.0,3002500.0,5904677
20210907 20:00,2997000.0,3006100.0,2974700.0,2996500.0,5183676
20210908 20:00,2995000.0,3021400.0,2970000.0,2971500.0,6329313
20210909 20:00,2980600.0,2999100.0,2952200.0,2952200.0,6531932
20210912 20:00,2957100.0,2985299.0,2940800.0,2972000.0,7644491
20210913 20:00,2972300.0,3031800.0,2966700.0,3024000.0,7707814
20210914 20:00,3025899.0,3054000.0,3018300.0,3052000.0,8699723
20210915 20:00,3050100.0,3054900.0,3007700.0,3049400.0,6287935
20210916 20:00,3052200.0,3059500.0,2993500.0,2994000.0,18708264
20210919 20:00,2950000.0,2987200.0,2895299.0,2944800.0,12944560
20210920 20:00,2969700.0,2975400.0,2940500.0,2940700.0,6187247
20210921 20:00,2951000.0,3002100.0,2945100.0,2994000.0,8259555
20210922 20:00,3004300.0,3015100.0,2975400.0,2999800.0,6084778
20210923 20:00,2988900.0,2998000.0,2969300.0,2994800.0,4638874
20210926 20:00,2993500.0,2999500.0,2929600.0,2940600.0,7778378
20210927 20:00,2908200.0,2913300.0,2827600.0,2844300.0,15640745
20210928 20:00,2859800.0,2869500.0,2830100.0,2849000.0,8073108
20210929 20:00,2863200.0,2878300.0,2816200.0,2822500.0,11437115
20210930 20:00,2802000.0,2899800.0,2795700.0,2885500.0,10556106
20211003 20:00,2870500.0,2883900.0,2802400.0,2834300.0,10753074
20211004 20:00,2834000.0,2903900.0,2825400.0,2885800.0,8396942
20211005 20:00,2851900.0,2947900.0,2836500.0,2946000.0,9090142
20211006 20:00,2955000.0,2966400.0,2939300.0,2956800.0,6700872
20211007 20:00,2948700.0,2974300.0,2937100.0,2945299.0,6270892
20211010 20:00,2938800.0,2979700.0,2916000.0,2940000.0,7188132
20211011 20:00,2938800.0,2960299.0,2921200.0,2924000.0,6227650
20211012 20:00,2931000.0,2972600.0,2929600.0,2969100.0,7728732
20211013 20:00,2980800.0,3034200.0,2977300.0,3033300.0,8279881
20211014 20:00,3028900.0,3044400.0,3005299.0,3042300.0,8682242
20211017 20:00,3031400.0,3077500.0,3020700.0,3072600.0,7274895
20211018 20:00,3074200.0,3093000.0,3072100.0,3087300.0,5972251
20211019 20:00,3090000.0,3098300.0,3061200.0,3070000.0,5137492
20211020 20:00,3070200.0,3129000.0,3063600.0,3101000.0,5321283
20211021 20:00,3103100.0,3114000.0,3078000.0,3089100.0,5166019
20211024 20:00,3100700.0,3105800.0,3064700.0,3092600.0,5509431
20211025 20:00,3100000.0,3165500.0,3075000.0,3162900.0,7523491
20211026 20:00,3156500.0,3260899.0,3141000.0,3240000.0,13766530
20211027 20:00,3240500.0,3257000.0,3213600.0,3248300.0,9023094
20211028 20:00,3250000.0,3320000.0,3233700.0,3318800.0,10857331
20211031 20:00,3316200.0,3334800.0,3263700.0,3294800.0,8734661
20211101 20:00,3294500.0,3335000.0,3293000.0,3330500.0,7440602
20211102 20:00,3331300.0,3349000.0,3307600.0,3348000.0,7246678
20211103 20:00,3348300.0,3369900.0,3295100.0,3369900.0,9372651
20211104 20:00,3370299.0,3388600.0,3344200.0,3357700.0,7622691
20211107 19:00,3363700.0,3376800.0,3344400.0,3369000.0,7768228
20211108 19:00,3370000.0,3384400.0,3345299.0,3352000.0,7250399
20211109 19:00,3360000.0,3360600.0,3299200.0,3307500.0,8778480
20211110 19:00,3312500.0,3337799.0,3310000.0,3334500.0,5042311
20211111 19:00,3339300.0,3372100.0,3330100.0,3369500.0,6417439
20211114 19:00,3380000.0,3397000.0,3340400.0,3362000.0,5848050
20211115 19:00,3364700.0,3406700.0,3355100.0,3397500.0,6684908
20211116 19:00,3390299.0,3421800.0,3380500.0,3392100.0,6209936
20211117 19:00,3403000.0,3424600.0,3371300.0,3419500.0,6493616
20211118 19:00,3429300.0,3451000.0,3415000.0,3433300.0,8624032
20211121 19:00,3440600.0,3496800.0,3394900.0,3401500.0,10254037
20211122 19:00,3377700.0,3394500.0,3335600.0,3372700.0,9004075
20211123 19:00,3374400.0,3381600.0,3339100.0,3375000.0,7222444
20211125 19:00,3355000.0,3379500.0,3281300.0,3300000.0,10377549
20211128 19:00,3327700.0,3390299.0,3325100.0,3379800.0,11478498
20211129 19:00,3364600.0,3377900.0,3289900.0,3335200.0,15881297
20211130 19:00,3350299.0,3392799.0,3289500.0,3317000.0,11450036
20211201 19:00,3316500.0,3334700.0,3278200.0,3285000.0,11663861
20211202 19:00,3288600.0,3335600.0,3180200.0,3228500.0,14149478
20211205 19:00,3230100.0,3274600.0,3192300.0,3261000.0,10511198
20211206 19:00,3320000.0,3358100.0,3301000.0,3352000.0,11300336
20211207 19:00,3364100.0,3386400.0,3308000.0,3347500.0,9189387
20211208 19:00,3346000.0,3364800.0,3321200.0,3331000.0,8453828
20211209 19:00,3335000.0,3430000.0,3327600.0,3422900.0,12485323
20211212 19:00,3435000.0,3438300.0,3390600.0,3394800.0,11731138
20211213 19:00,3395899.0,3400400.0,3241100.0,3285000.0,15736131
20211214 19:00,3291000.0,3357500.0,3245000.0,3354000.0,12953223
20211215 19:00,3365000.0,3378900.0,3230299.0,3243500.0,11696931
20211216 19:00,3247900.0,3250700.0,3172500.0,3239700.0,24513777
20211219 19:00,3192400.0,3228000.0,3175000.0,3218000.0,10082999
20211220 19:00,3232900.0,3279700.0,3197950.0,3272000.0,8564721
20211221 19:00,3261300.0,3338800.0,3257500.0,3337900.0,8263377
20211222 19:00,3338900.0,3363900.0,3327000.0,3344000.0,6834800
20211226 19:00,3348600.0,3429500.0,3348600.0,3419800.0,6533676
20211227 19:00,3429900.0,3444000.0,3403399.0,3427100.0,5388353
20211228 19:00,3418000.0,3443000.0,3397000.0,3412200.0,4843233
20211229 19:00,3416500.0,3431300.0,3388200.0,3391500.0,4731506
20211230 19:00,3380700.0,3393700.0,3358450.0,3363500.0,6905433
20220102 19:00,3381000.0,3385700.0,3297500.0,3347500.0,8822376
20220103 19:00,3341100.0,3365800.0,3261200.0,3284800.0,11189094
20220104 19:00,3275500.0,3288100.0,3154500.0,3170500.0,13496010
20220105 19:00,3165800.0,3187000.0,3114900.0,3154500.0,12932573
20220106 19:00,3125800.0,3164900.0,3101000.0,3139500.0,10206122
20220109 19:00,3140400.0,3149400.0,3046900.0,3148399.0,15592961
20220110 19:00,3140000.0,3168600.0,3098900.0,3150299.0,9271638
20220111 19:00,3147400.0,3234000.0,3146500.0,3179000.0,10960272
20220112 19:00,3179800.0,3214000.0,3040000.0,3054500.0,14031842
20220113 19:00,3059900.0,3108100.0,3016600.0,3100200.0,11791479
20220117 19:00,3058300.0,3097900.0,3004400.0,3025299.0,13970933
20220118 19:00,3026800.0,3139000.0,3023200.0,3030000.0,14563439
20220119 19:00,3053300.0,3116300.0,2990000.0,3023500.0,10739753
20220120 19:00,3024500.0,3041000.0,2946000.0,2949400.0,20849865
20220123 19:00,2972799.0,2987100.0,2760500.0,2980299.0,27165329
20220124 19:00,2922100.0,2997900.0,2690100.0,2939000.0,22171323
20220125 19:00,2954300.0,3087100.0,2930299.0,2996300.0,24882087
20220126 19:00,2967100.0,3072700.0,2960299.0,3015600.0,15081394
20220127 19:00,3011000.0,3086400.0,2944600.0,3085000.0,15754379
20220130 19:00,3096100.0,3123800.0,3063700.0,3099400.0,15750171
20220131 19:00,3117900.0,3119100.0,3051300.0,3084000.0,11634368
20220201 19:00,3097600.0,3151200.0,3082500.0,3095000.0,9772306
20220202 19:00,3114100.0,3120700.0,3001200.0,3052000.0,13074811
20220203 19:00,3048200.0,3088000.0,2972900.0,3053800.0,10609039
20220206 19:00,3055500.0,3078399.0,2999000.0,3015500.0,9250057
20220207 19:00,3027500.0,3057000.0,2999600.0,3053800.0,9260948
20220208 19:00,3071200.0,3119500.0,3066900.0,3108500.0,10515544
20220209 19:00,3096600.0,3111800.0,3007000.0,3013900.0,14041090
20220210 19:00,3007000.0,3042900.0,2942600.0,2945400.0,12821332
20220213 19:00,2916400.0,2967500.0,2898000.0,2957600.0,10842829
20220214 19:00,2987000.0,3018800.0,2970800.0,2996000.0,9348409
20220215 19:00,3004100.0,3012900.0,2936800.0,2988000.0,8386220
20220216 19:00,2976700.0,2987000.0,2900100.0,2911200.0,10436497
20220217 19:00,2920500.0,2938700.0,2859000.0,2861000.0,11830627
20220221 19:00,2807300.0,2915500.0,2807300.0,2902500.0,12957203
20220222 19:00,2900000.0,2919000.0,2791500.0,2800100.0,12631690
20220223 19:00,2737000.0,2951500.0,2700000.0,2922500.0,20054435
20220224 19:00,2913900.0,2979000.0,2904900.0,2970500.0,10066323
20220227 19:00,2937799.0,2997700.0,2915000.0,2997700.0,12492157
20220228 19:00,2972799.0,2999700.0,2904300.0,2959800.0,10531842
20220301 19:00,2955000.0,3014700.0,2937000.0,2984200.0,10723765
20220302 19:00,2988000.0,3037600.0,2940500.0,2968200.0,8178788
20220303 19:00,2932300.0,2956600.0,2871700.0,2895000.0,11008941
20220306 19:00,2857700.0,2897500.0,2773000.0,2778700.0,14125482
20220307 19:00,2785000.0,2839600.0,2700000.0,2752000.0,14937479
20220308 19:00,2790400.0,2896000.0,2790400.0,2863300.0,12467118
20220309 19:00,2850000.0,2866250.0,2805800.0,2856000.0,8911533
20220310 19:00,2852000.0,2930000.0,2794300.0,2798100.0,10069681
20220313 20:00,2810000.0,2853900.0,2758200.0,2780000.0,10327981
20220314 20:00,2760000.0,2878300.0,2746000.0,2872900.0,12889743
20220315 20:00,2906000.0,2958800.0,2832100.0,2952799.0,14679463
20220316 20:00,2960000.0,2960299.0,2893700.0,2937000.0,10078268
20220317 20:00,2935000.0,3009900.0,2922100.0,3007799.0,20315226
20220320 20:00,3000000.0,3006900.0,2949000.0,2987700.0,9985415
20220321 20:00,2987600.0,3050000.0,2987400.0,3042500.0,9168349
20220322 20:00,3037000.0,3040000.0,2977300.0,2998399.0,9725611
20220323 20:00,3000000.0,3043500.0,2983100.0,3040000.0,8431943
20220324 20:00,3041000.0,3062300.0,2992900.0,3037200.0,7354279
20220327 20:00,3037200.0,3108800.0,3028500.0,3106200.0,9388725
20220328 20:00,3109300.0,3160000.0,3090500.0,3151000.0,10166474
20220329 20:00,3149000.0,3159500.0,3115800.0,3146500.0,9055408
20220330 20:00,3155800.0,3156800.0,3080200.0,3102400.0,13838598
20220331 20:00,3103600.0,3109000.0,3055400.0,3095200.0,8659176
20220403 20:00,3088000.0,3154500.0,3084500.0,3153500.0,7791199
20220404 20:00,3153900.0,3157900.0,3098700.0,3110000.0,8066539
20220405 20:00,3088500.0,3092200.0,2967300.0,2977400.0,12750269
20220406 20:00,2996500.0,3036400.0,2961000.0,3023000.0,9088934
20220407 20:00,3028700.0,3035500.0,2962900.0,2963399.0,7996345
20220410 20:00,2951900.0,2955500.0,2847799.0,2847799.0,10432062
20220411 20:00,2850000.0,2908600.0,2805000.0,2832200.0,8086523
20220412 20:00,2843700.0,2885800.0,2813000.0,2877500.0,6716858
20220413 20:00,2883399.0,2895000.0,2793300.0,2798000.0,10213604
20220417 20:00,2790000.0,2830000.0,2770000.0,2825000.0,6370512
20220418 20:00,2816600.0,2861700.0,2784000.0,2843000.0,7673925
20220419 20:00,2843100.0,2899900.0,2832000.0,2873399.0,7411792
20220420 20:00,2886000.0,2933300.0,2800000.0,2803500.0,10046446
20220421 20:00,2808900.0,2832100.0,2728100.0,2729900.0,11583914
20220424 20:00,2725500.0,2811800.0,2707000.0,2807200.0,12141628
20220425 20:00,2788700.0,2890000.0,2594700.0,2826600.0,13924676
20220426 20:00,2846700.0,2909800.0,2785400.0,2856800.0,16971984
20220427 20:00,2870800.0,2909800.0,2814400.0,2888000.0,10953187
20220428 20:00,2896600.0,2910800.0,2765000.0,2783000.0,13657597
20220501 20:00,2782700.0,2848800.0,2755000.0,2834500.0,11444757
20220502 20:00,2842799.0,2870000.0,2801500.0,2820400.0,7992819
20220503 20:00,2819800.0,2908500.0,2767200.0,2890000.0,11108100
20220504 20:00,2889800.0,2895000.0,2743399.0,2780000.0,16550332
20220505 20:00,2758000.0,2792500.0,2712900.0,2746000.0,12088634
20220508 20:00,2716300.0,2723600.0,2630000.0,2654000.0,15708700
20220509 20:00,2672300.0,2737500.0,2650800.0,2695200.0,13433250
20220510 20:00,2713000.0,2738000.0,2592900.0,2614000.0,15161666
20220511 20:00,2594000.0,2598900.0,2500200.0,2575000.0,17244648
20220512 20:00,2591000.0,2630500.0,2553300.0,2616900.0,12079271
20220515 20:00,2591300.0,2658200.0,2557800.0,2613000.0,9930249
20220516 20:00,2643200.0,2683200.0,2624600.0,2670000.0,9261609
20220517 20:00,2651700.0,2655700.0,2522500.0,2527600.0,11721976
20220518 20:00,2521000.0,2576500.0,2500000.0,2548000.0,9609089
20220519 20:00,2563700.0,2585400.0,2464300.0,2529400.0,12312648
20220522 20:00,2558400.0,2615000.0,2529700.0,2586600.0,9752016
20220523 20:00,2570000.0,2620000.0,2535000.0,2618500.0,9013504
20220524 20:00,2606000.0,2645800.0,2571300.0,2620000.0,9211208
20220525 20:00,2630700.0,2670000.0,2612700.0,2660800.0,8857070
20220526 20:00,2660800.0,2740000.0,2650899.0,2740000.0,9647989
20220530 20:00,2735100.0,2747700.0,2689200.0,2733900.0,12852829
20220531 20:00,2724200.0,2776900.0,2700400.0,2718800.0,7934874
20220601 20:00,2742700.0,2757900.0,2615800.0,2745800.0,12088027
20220602 20:00,2731400.0,2735700.0,2684100.0,2696000.0,8040306
20220605 20:00,2730299.0,2741700.0,2672300.0,2692500.0,6368084
20220606 20:00,2675000.0,2731300.0,2652700.0,2718500.0,6931029
20220607 20:00,2713200.0,2729900.0,2696100.0,2703500.0,5904421
20220608 20:00,2704700.0,2727000.0,2646500.0,2654500.0,8515653
20220609 20:00,2646400.0,2665000.0,2528000.0,2529000.0,12168921
20220612 20:00,2475000.0,2490300.0,2415300.0,2435500.0,14740463
20220613 20:00,2451300.0,2470000.0,2415100.0,2468000.0,9156195
20220614 20:00,2454900.0,2553000.0,2454900.0,2538100.0,12970241
20220615 20:00,2464400.0,2479500.0,2430200.0,2460000.0,12509607
20220616 20:00,2465000.0,2505000.0,2440100.0,2473900.0,21633972
20220620 20:00,2523300.0,2547400.0,2495100.0,2530900.0,9690145
20220621 20:00,2487600.0,2571700.0,2480000.0,2510700.0,8821449
20220622 20:00,2515800.0,2593800.0,2514100.0,2580000.0,8811705
20220623 20:00,2610000.0,2684400.0,2610000.0,2681100.0,14737532
20220626 20:00,2690899.0,2705600.0,2632799.0,2652300.0,8042669
20220627 20:00,2655000.0,2669100.0,2563300.0,2567500.0,9192890
20220628 20:00,2565700.0,2619700.0,2554900.0,2598300.0,6422121
20220629 20:00,2573800.0,2595400.0,2529000.0,2577900.0,12697500
20220630 20:00,2555300.0,2598900.0,2545500.0,2596000.0,7845982
20220704 20:00,2606100.0,2638000.0,2547500.0,2620000.0,8412724
20220705 20:00,2634100.0,2679900.0,2612799.0,2661300.0,7564174
20220706 20:00,2665899.0,2690600.0,2648200.0,2676500.0,7522994
20220707 20:00,2683399.0,2683399.0,2632850.0,2675700.0,6856506
20220710 20:00,2660400.0,2665299.0,2621800.0,2646500.0,6857847
20220711 20:00,2628200.0,2661500.0,2520400.0,2540400.0,11037153
20220712 20:00,2545000.0,2566100.0,2470100.0,2510700.0,9993835
20220713 20:00,2508500.0,2555900.0,2459400.0,2555000.0,7818507
20220714 20:00,2549300.0,2603600.0,2530300.0,2568000.0,11457533
20220717 20:00,2595800.0,2609000.0,2533000.0,2551400.0,6691476
20220718 20:00,2553400.0,2604500.0,2536800.0,2595500.0,10271268
20220719 20:00,2595400.0,2648600.0,2578500.0,2603200.0,7727180
20220720 20:00,2601000.0,2651600.0,2570200.0,2640000.0,7273072
20220721 20:00,2635299.0,2658000.0,2590800.0,2602400.0,6884772
20220724 20:00,2605100.0,2623000.0,2568300.0,2583500.0,5896597
20220725 20:00,2587300.0,2687600.0,2430300.0,2620000.0,11132739
20220726 20:00,2616700.0,2699900.0,2588000.0,2679200.0,13436876
20220727 20:00,2678300.0,2785000.0,2656500.0,2775800.0,8992113
20220728 20:00,2777000.0,2819900.0,2761200.0,2806000.0,11048663
20220731 20:00,2806000.0,2812799.0,2758399.0,2776500.0,6740563
20220801 20:00,2765700.0,2778900.0,2723900.0,2747799.0,6860977
20220802 20:00,2750000.0,2835000.0,2741700.0,2814000.0,8090755
20220803 20:00,2819400.0,2841000.0,2801700.0,2840600.0,5698997
20220804 20:00,2839600.0,2844200.0,2782600.0,2827100.0,6318359
20220807 20:00,2836400.0,2859200.0,2793200.0,2816000.0,5378528
20220808 20:00,2808300.0,2834900.0,2776000.0,2834900.0,7015949
20220809 20:00,2827500.0,2900000.0,2820000.0,2891300.0,8485841
20220810 20:00,2894900.0,2915200.0,2865100.0,2877500.0,5723681
20220811 20:00,2885600.0,2923000.0,2869500.0,2922500.0,6847849
20220814 20:00,2906200.0,2941800.0,2900500.0,2934700.0,4917501
20220815 20:00,2932300.0,2940299.0,2904500.0,2930000.0,5044191
20220816 20:00,2918200.0,2933500.0,2891300.0,2902400.0,6149196
20220817 20:00,2903700.0,2921400.0,2890700.0,2901500.0,5529751
20220818 20:00,2892500.0,2893399.0,2850000.0,2850000.0,8402092
20220821 20:00,2830000.0,2831100.0,2772200.0,2784200.0,8052426
20220822 20:00,2780600.0,2788700.0,2753900.0,2760000.0,4927104
20220823 20:00,2757200.0,2772200.0,2747500.0,2760800.0,5988016
20220824 20:00,2783000.0,2790000.0,2745299.0,2788000.0,5340497
20220825 20:00,2775800.0,2808300.0,2670100.0,2670899.0,11705951
20220828 20:00,2654400.0,2673700.0,2638500.0,2662500.0,6186617
20220829 20:00,2676500.0,2687000.0,2606600.0,2630000.0,6658977
20220830 20:00,2637000.0,2671200.0,2590299.0,2594500.0,9051295
20220831 20:00,2591100.0,2608900.0,2554200.0,2597300.0,7202727
20220901 20:00,2599000.0,2647300.0,2544800.0,2559300.0,7883455
20220905 20:00,2577900.0,2587600.0,2519400.0,2532500.0,6792107
20220906 20:00,2539600.0,2588200.0,2526700.0,2580899.0,7544719
20220907 20:00,2579300.0,2604300.0,2547900.0,2597400.0,7166199
20220908 20:00,2603100.0,2652100.0,2600800.0,2644600.0,7899572
20220911 20:00,2652600.0,2674500.0,2644600.0,2670899.0,6369504
20220912 20:00,2682100.0,2696200.0,2515500.0,2533500.0,13018377
20220913 20:00,2539700.0,2549700.0,2498700.0,2528500.0,8003383
20220914 20:00,2530300.0,2533000.0,2433800.0,2435000.0,10094622
20220915 20:00,2430300.0,2456000.0,2420700.0,2456000.0,18176595
20220918 20:00,2431400.0,2454700.0,2408500.0,2454700.0,7397549
20220919 20:00,2445100.0,2448300.0,2396400.0,2424500.0,7643468
20220920 20:00,2426200.0,2476400.0,2371500.0,2372600.0,8263623
20220921 20:00,2387600.0,2438500.0,2375200.0,2412800.0,8427835
20220922 20:00,2397900.0,2411300.0,2352050.0,2378000.0,8476348
20220925 20:00,2377400.0,2414500.0,2356700.0,2378600.0,8718341
20220926 20:00,2402400.0,2417900.0,2345100.0,2363200.0,8040831
20220927 20:00,2343100.0,2423300.0,2327000.0,2407000.0,9810889
20220928 20:00,2380000.0,2400000.0,2344000.0,2400000.0,8702777
20220929 20:00,2403500.0,2406200.0,2327600.0,2337000.0,14509512
20221002 20:00,2328000.0,2418800.0,2320000.0,2418500.0,10754624
20221003 20:00,2445000.0,2503600.0,2440000.0,2482000.0,10505070
20221004 20:00,2473200.0,2505800.0,2441100.0,2498000.0,5924573
20221005 20:00,2492000.0,2503400.0,2451900.0,2460000.0,7215254
20221006 20:00,2455300.0,2463900.0,2331700.0,2338800.0,12478205
20221009 20:00,2339600.0,2345200.0,2267500.0,2302000.0,8527563
20221010 20:00,2280700.0,2294500.0,2241100.0,2255000.0,8890812
20221011 20:00,2263000.0,2278700.0,2239600.0,2263500.0,6247401
20221012 20:00,2257500.0,2360900.0,2189800.0,2335000.0,13037325
20221013 20:00,2342400.0,2372400.0,2278000.0,2279500.0,11292148
20221016 20:00,2315400.0,2400000.0,2307400.0,2400000.0,10311566
20221017 20:00,2417400.0,2442300.0,2353700.0,2417000.0,8189618
20221018 20:00,2394400.0,2403500.0,2342900.0,2343000.0,5780411
20221019 20:00,2344000.0,2413100.0,2332500.0,2350000.0,7177874
20221020 20:00,2343000.0,2429000.0,2333000.0,2424200.0,10988805
20221023 20:00,2422800.0,2478200.0,2411400.0,2476500.0,7728837
20221024 20:00,2472500.0,2527000.0,2303400.0,2338500.0,10337332
20221025 20:00,2354200.0,2382900.0,2300600.0,2324000.0,19998454
20221026 20:00,2323300.0,2336900.0,2203900.0,2247000.0,11148307
20221027 20:00,2240200.0,2366000.0,2232200.0,2355900.0,12512602
20221030 20:00,2347900.0,2349200.0,2311500.0,2327000.0,10180445
20221031 20:00,2340000.0,2357400.0,2271400.0,2278000.0,8233477
20221101 20:00,2281700.0,2312800.0,2197800.0,2200000.0,11964957
20221102 20:00,2205000.0,2211800.0,2133300.0,2138000.0,9812133
20221103 20:00,2149700.0,2217000.0,2120100.0,2209200.0,11086912
20221106 19:00,2214300.0,2284100.0,2210200.0,2280600.0,9085687
20221107 19:00,2275400.0,2316500.0,2258500.0,2297900.0,7854445
20221108 19:00,2292500.0,2292500.0,2243300.0,2247400.0,8690248
20221109 19:00,2249700.0,2441200.0,2239900.0,2440000.0,16934921
20221110 19:00,2455700.0,2479900.0,2413100.0,2469800.0,9636485
20221113 19:00,2463500.0,2464400.0,2392300.0,2422400.0,10420886
20221114 19:00,2434300.0,2498200.0,2400400.0,2415000.0,9682704
20221115 19:00,2416200.0,2438000.0,2402000.0,2419200.0,8374005
20221116 19:00,2420800.0,2432500.0,2372600.0,2419000.0,7471901
20221117 19:00,2417700.0,2446000.0,2390600.0,2413000.0,8939426
20221120 19:00,2403300.0,2446800.0,2394200.0,2421000.0,6670231
20221121 19:00,2419200.0,2453000.0,2407000.0,2447500.0,7066180
20221122 19:00,2449900.0,2482700.0,2442800.0,2480000.0,5939038
20221124 19:00,2481500.0,2487000.0,2464300.0,2477000.0,3310444
20221127 19:00,2465000.0,2466600.0,2408100.0,2411100.0,7221291
20221128 19:00,2428300.0,2429100.0,2382200.0,2401000.0,4738216
20221129 19:00,2412800.0,2556800.0,2398750.0,2551800.0,19589436
20221130 19:00,2547700.0,2561200.0,2509100.0,2542900.0,9144795
20221201 19:00,2542300.0,2560600.0,2481200.0,2548700.0,6810194
20221204 19:00,2547100.0,2547100.0,2480500.0,2503700.0,6947339
20221205 19:00,2503500.0,2518600.0,2437800.0,2452400.0,7880272
20221206 19:00,2454000.0,2461500.0,2420000.0,2445000.0,7660559
20221207 19:00,2448200.0,2487300.0,2430600.0,2470000.0,6411365
20221208 19:00,2476300.0,2489500.0,2435000.0,2449800.0,7245547
20221211 19:00,2452600.0,2527400.0,2447100.0,2527200.0,8850814
20221212 19:00,2527100.0,2650000.0,2524700.0,2575000.0,13291436
20221213 19:00,2575000.0,2625800.0,2543100.0,2580000.0,11202275
20221214 19:00,2553400.0,2554100.0,2473400.0,2492200.0,11736664
20221215 19:00,2469300.0,2498300.0,2435500.0,2451900.0,45572688
20221218 19:00,2462700.0,2466200.0,2387000.0,2415000.0,9871609
20221219 19:00,2398000.0,2429200.0,2384100.0,2425000.0,7351328
20221220 19:00,2430000.0,2456200.0,2401200.0,2445000.0,7377695
20221221 19:00,2450000.0,2450400.0,2338600.0,2375700.0,10253603
20221222 19:00,2378700.0,2407200.0,2339300.0,2383000.0,5930294
20221226 19:00,2399800.0,2402300.0,2358300.0,2370000.0,5736574
20221227 19:00,2370800.0,2397200.0,2341700.0,2348000.0,5365440
20221228 19:00,2358000.0,2419400.0,2351200.0,2407500.0,6464215
20221229 19:00,2389600.0,2406000.0,2366600.0,2399700.0,7854200
20230102 19:00,2420300.0,2457500.0,2374000.0,2398200.0,8429143
20230103 19:00,2362900.0,2379500.0,2259600.0,2285900.0,14979948
20230104 19:00,2278300.0,2298900.0,2217700.0,2224500.0,11288236
20230105 19:00,2228600.0,2259900.0,2193500.0,2251000.0,13894384
20230108 19:00,2253400.0,2312300.0,2252200.0,2270000.0,9150915
20230109 19:00,2275300.0,2313000.0,2257200.0,2289000.0,7999975
20230110 19:00,2291000.0,2358900.0,2286300.0,2355000.0,9981126
20230111 19:00,2356300.0,2399000.0,2310000.0,2384600.0,8945966
20230112 19:00,2386500.0,2395200.0,2349500.0,2390200.0,6318144
20230116 19:00,2389200.0,2409100.0,2356100.0,2392700.0,10195280
20230117 19:00,2403000.0,2440000.0,2351000.0,2355700.0,9972163
20230118 19:00,2354500.0,2357500.0,2306800.0,2322000.0,9590541
20230119 19:00,2325300.0,2407300.0,2317500.0,2402700.0,14560792
20230122 19:00,2404700.0,2451650.0,2396200.0,2424000.0,10019704
20230123 19:00,2428800.0,2547900.0,2387000.0,2403800.0,9811428
20230124 19:00,2390800.0,2433000.0,2309000.0,2410400.0,13746398
20230125 19:00,2414200.0,2482400.0,2405500.0,2470200.0,9654227
20230126 19:00,2469900.0,2498200.0,2462800.0,2481100.0,8528392
20230129 19:00,2460500.0,2462000.0,2421900.0,2432900.0,8164718
20230130 19:00,2419100.0,2479500.0,2409200.0,2471500.0,10078066
20230131 19:00,2475100.0,2551800.0,2454700.0,2523000.0,11254539
20230201 19:00,2541600.0,2651700.0,2534900.0,2615899.0,13280469
20230202 19:00,2607300.0,2642000.0,2571000.0,2582200.0,10557659
20230205 19:00,2569200.0,2582900.0,2547800.0,2571300.0,6741417
20230206 19:00,2575200.0,2701700.0,2573800.0,2692799.0,15003404
20230207 19:00,2702799.0,2767600.0,2662100.0,2675000.0,15324916
20230208 19:00,2696500.0,2742100.0,2628000.0,2634400.0,11145009
20230209 19:00,2638800.0,2645000.0,2587400.0,2641700.0,8065470
20230212 19:00,2643300.0,2746100.0,2643300.0,2713800.0,10950649
20230213 19:00,2721200.0,2750200.0,2692799.0,2716100.0,11281812
20230214 19:00,2716000.0,2719700.0,2661700.0,2693300.0,7851531
20230215 19:00,2695800.0,2704600.0,2603300.0,2606500.0,10357448
20230216 19:00,2601500.0,2619500.0,2559900.0,2584300.0,9878552
20230220 19:00,2556200.0,2571900.0,2515900.0,2530000.0,11194229
20230221 19:00,2543700.0,2543700.0,2503500.0,2525500.0,8300898
20230222 19:00,2529400.0,2568500.0,2504700.0,2545500.0,8837125
20230223 19:00,2539000.0,2539900.0,2481000.0,2491500.0,8378995
20230226 19:00,2500000.0,2528600.0,2493900.0,2502000.0,6260077
20230227 19:00,2502900.0,2514900.0,2487100.0,2488300.0,7390000
20230228 19:00,2507800.0,2521500.0,2457900.0,2472400.0,9259182
20230301 19:00,2462500.0,2514000.0,2432500.0,2509800.0,9049287
20230302 19:00,2513100.0,2556100.0,2507200.0,2555000.0,10109260
20230305 19:00,2560000.0,2601200.0,2546400.0,2568500.0,8291200
20230306 19:00,2575000.0,2583800.0,2533900.0,2546300.0,7233919
20230307 19:00,2544900.0,2555500.0,2508100.0,2534900.0,6017897
20230308 19:00,2526000.0,2595500.0,2511100.0,2516600.0,8351101
20230309 19:00,2514700.0,2549100.0,2476000.0,2489800.0,9960277
20230312 20:00,2520000.0,2579100.0,2450000.0,2551800.0,11497949
20230313 20:00,2551900.0,2620000.0,2516000.0,2605000.0,12786253
20230314 20:00,2610000.0,2664700.0,2558400.0,2661000.0,15293440
20230315 20:00,2669700.0,2765800.0,2632799.0,2764000.0,17192021
20230316 20:00,2764100.0,2833200.0,2763000.0,2792600.0,31200272
20230319 20:00,2792300.0,2813900.0,2698600.0,2720000.0,13182645
20230320 20:00,2725000.0,2753600.0,2695200.0,2730100.0,11233301
20230321 20:00,2730800.0,2810400.0,2712100.0,2728000.0,10417591
20230322 20:00,2749900.0,2810600.0,2744200.0,2772000.0,10819778
20230323 20:00,2788900.0,2810000.0,2748500.0,2809200.0,8788404
20230326 20:00,2809400.0,2818800.0,2755200.0,2765500.0,8149746
20230327 20:00,2755000.0,2763800.0,2720400.0,2761000.0,6775438
20230328 20:00,2769800.0,2814900.0,2767200.0,2808800.0,9293749
20230329 20:00,2811200.0,2847200.0,2810000.0,2842400.0,7348538
20230330 20:00,2841000.0,2888100.0,2830000.0,2885400.0,12421133
20230402 20:00,2865600.0,2882700.0,2839500.0,2867500.0,7352781
20230403 20:00,2866400.0,2904600.0,2856800.0,2878700.0,7633993
20230404 20:00,2875500.0,2876400.0,2829500.0,2841700.0,6411387
20230405 20:00,2844800.0,2920800.0,2810100.0,2916000.0,9193494
20230409 20:00,2914700.0,2918500.0,2847400.0,2887100.0,5799548
20230410 20:00,2887500.0,2893900.0,2816400.0,2829400.0,7838250
20230411 20:00,2823000.0,2872700.0,2819500.0,2826700.0,7914132
20230412 20:00,2834900.0,2903600.0,2824100.0,2897100.0,7690913
20230413 20:00,2899000.0,2900899.0,2837000.0,2866500.0,6169941
20230416 20:00,2873800.0,2925000.0,2862000.0,2881700.0,6304086
20230417 20:00,2886800.0,2927799.0,2870200.0,2879000.0,6443398
20230418 20:00,2873800.0,2890500.0,2845500.0,2872700.0,4873185
20230419 20:00,2863500.0,2890299.0,2845400.0,2859400.0,6871213
20230420 20:00,2859400.0,2867400.0,2830600.0,2853399.0,7370675
20230423 20:00,2847500.0,2857200.0,2787300.0,2811600.0,7868816
20230424 20:00,2803000.0,3019900.0,2751900.0,2986800.0,13010580
20230425 20:00,2961000.0,2995600.0,2927400.0,2958900.0,17244208
20230426 20:00,2967200.0,3056600.0,2946000.0,3045700.0,13399091
20230427 20:00,3044500.0,3089300.0,3029700.0,3076000.0,11214957
20230430 20:00,3072000.0,3086000.0,3051300.0,3054500.0,6074158
20230501 20:00,3059900.0,3091600.0,3039100.0,3062400.0,8477541
20230502 20:00,3062000.0,3086200.0,3037000.0,3047600.0,6854260
20230503 20:00,3066200.0,3077600.0,3034000.0,3064000.0,6050641
20230504 20:00,3062200.0,3119600.0,3042799.0,3106200.0,8678945
20230507 20:00,3104200.0,3107700.0,3060899.0,3078500.0,5937444
20230508 20:00,3077000.0,3100299.0,3063200.0,3073000.0,5871624
20230509 20:00,3062799.0,3130000.0,3052000.0,3123000.0,8608692
20230510 20:00,3123399.0,3131800.0,3062600.0,3100000.0,8731697
20230511 20:00,3102000.0,3106500.0,3066000.0,3083300.0,6441561
20230514 20:00,3090800.0,3099049.0,3076000.0,3094500.0,5248710
20230515 20:00,3097799.0,3137100.0,3089100.0,3116000.0,7729096
20230516 20:00,3116300.0,3144300.0,3107400.0,3139500.0,9013497
20230517 20:00,3141200.0,3200000.0,3137200.0,3191500.0,8991148
20230518 20:00,3193500.0,3195000.0,3160000.0,3178500.0,8308886
20230521 20:00,3185000.0,3225899.0,3178500.0,3221000.0,6347533
20230522 20:00,3219300.0,3232900.0,3151100.0,3159500.0,8767658
20230523 20:00,3150000.0,3212000.0,3126100.0,3190800.0,6689496
20230524 20:00,3185100.0,3269000.0,3185000.0,3239500.0,12184290
20230525 20:00,3249400.0,3341800.0,3234900.0,3341800.0,11530755
20230529 20:00,3356200.0,3382700.0,3305400.0,3330000.0,10121528
20230530 20:00,3310000.0,3359300.0,3273500.0,3293500.0,18810555
20230531 20:00,3289600.0,3335200.0,3247100.0,3332100.0,7976256
20230601 20:00,3336300.0,3374900.0,3309000.0,3351200.0,7275781
20230604 20:00,3349900.0,3385500.0,3330000.0,3354800.0,6141315
20230605 20:00,3357300.0,3364300.0,3321800.0,3332600.0,6326950
20230606 20:00,3329700.0,3344600.0,3220700.0,3225800.0,12687528
20230607 20:00,3220600.0,3266300.0,3212600.0,3236000.0,7840615
20230608 20:00,3240000.0,3299900.0,3231900.0,3272000.0,7896147
20230611 20:00,3284600.0,3342000.0,3251600.0,3340000.0,9320726
20230612 20:00,3352400.0,3369800.0,3304000.0,3336800.0,7309023
20230613 20:00,3347900.0,3390400.0,3328300.0,3381100.0,9119874
20230614 20:00,3373700.0,3499500.0,3345800.0,3490000.0,11910627
20230615 20:00,3487799.0,3522500.0,3419600.0,3430000.0,22964694
20230619 20:00,3417900.0,3431800.0,3358700.0,3384700.0,8690691
20230620 20:00,3376500.0,3378100.0,3320800.0,3346200.0,9504035
20230621 20:00,3331000.0,3405000.0,3330100.0,3397100.0,7093224
20230622 20:00,3384600.0,3384600.0,3334500.0,3348800.0,8948116
20230625 20:00,3348600.0,3361100.0,3284500.0,3298399.0,7252748
20230626 20:00,3298600.0,3361500.0,3284300.0,3343600.0,7871029
20230627 20:00,3345700.0,3379800.0,3338100.0,3364100.0,6540314
20230628 20:00,3359900.0,3367799.0,3326150.0,3351500.0,5673307
20230629 20:00,3356700.0,3427400.0,3353600.0,3407500.0,11159377
20230702 20:00,3407200.0,3414100.0,3365800.0,3380000.0,3888271
20230704 20:00,3367100.0,3416500.0,3347500.0,3378500.0,6393861
20230705 20:00,3382300.0,3429900.0,3355000.0,3413200.0,8288548
20230706 20:00,3408000.0,3430000.0,3370000.0,3373900.0,7101707
20230709 20:00,3349900.0,3358300.0,3275899.0,3311900.0,10453756
20230710 20:00,3324800.0,3332000.0,3270000.0,3325800.0,7436403
20230711 20:00,3332100.0,3416600.0,3321800.0,3376000.0,9415293
20230712 20:00,3391200.0,3437400.0,3381400.0,3426800.0,6636714
20230713 20:00,3462900.0,3514300.0,3443100.0,3468000.0,8077709
20230716 20:00,3471000.0,3478800.0,3421900.0,3448900.0,7293477
20230717 20:00,3451100.0,3667799.0,3421700.0,3607700.0,17281415
20230718 20:00,3610000.0,3629600.0,3524400.0,3534000.0,9903817
20230719 20:00,3531300.0,3574150.0,3453600.0,3464100.0,10648595
20230720 20:00,3483399.0,3506000.0,3408600.0,3448000.0,35181557
20230723 20:00,3457000.0,3469500.0,3423200.0,3462000.0,6419737
20230724 20:00,3468200.0,3549000.0,3350000.0,3380000.0,11505525
20230725 20:00,3383300.0,3446600.0,3331100.0,3380100.0,14517782
20230726 20:00,3401500.0,3413300.0,3290400.0,3301500.0,11156731
20230727 20:00,3328200.0,3400000.0,3325000.0,3381000.0,8892137
20230730 20:00,3380200.0,3382000.0,3333600.0,3361000.0,8688321
20230731 20:00,3355500.0,3385299.0,3332700.0,3343900.0,6164414
20230801 20:00,3326100.0,3344500.0,3262000.0,3284000.0,9377713
20230802 20:00,3257700.0,3298600.0,3248500.0,3296200.0,6105821
20230803 20:00,3297799.0,3351500.0,3272400.0,3276500.0,7791340
20230806 20:00,3301900.0,3311200.0,3275200.0,3304500.0,4753143
20230807 20:00,3298000.0,3302200.0,3229900.0,3256500.0,6860245
20230808 20:00,3269400.0,3277000.0,3210500.0,3229300.0,6792584
20230809 20:00,3243600.0,3282799.0,3211700.0,3235000.0,5047083
20230810 20:00,3234800.0,3234800.0,3192200.0,3207500.0,6174181
20230813 20:00,3232900.0,3246800.0,3201100.0,3246800.0,5551032
20230814 20:00,3227300.0,3250899.0,3209000.0,3219600.0,5193337
20230815 20:00,3224700.0,3244300.0,3193100.0,3193100.0,6487573
20230816 20:00,3201100.0,3218500.0,3155899.0,3156600.0,6850978
20230817 20:00,3159400.0,3183800.0,3115600.0,3170000.0,8345797
20230820 20:00,3173300.0,3227700.0,3169900.0,3213700.0,6499579
20230821 20:00,3230000.0,3262000.0,3214700.0,3223100.0,5201207
20230822 20:00,3242000.0,3351500.0,3229300.0,3328900.0,6457708
20230823 20:00,3330100.0,3347000.0,3182799.0,3196200.0,7948296
20230824 20:00,3200000.0,3254000.0,3188100.0,3229400.0,7515942
20230827 20:00,3228600.0,3261500.0,3217300.0,3239000.0,4570347
20230828 20:00,3237700.0,3292700.0,3215500.0,3290600.0,6892126
20230829 20:00,3289900.0,3298300.0,3264400.0,3290899.0,4883575
20230830 20:00,3297700.0,3309000.0,3267799.0,3283000.0,10487392
20230831 20:00,3283100.0,3320000.0,3267700.0,3280500.0,5498760
20230904 20:00,3273399.0,3348399.0,3265000.0,3332000.0,5840124
20230905 20:00,3319800.0,3344500.0,3301800.0,3331600.0,5339069
20230906 20:00,3323200.0,3330800.0,3290400.0,3303300.0,6482298
20230907 20:00,3312000.0,3361600.0,3290299.0,3346500.0,5844947
20230910 20:00,3361100.0,3384200.0,3344300.0,3365500.0,5659810
20230911 20:00,3367300.0,3369100.0,3314800.0,3319400.0,6353571
20230912 20:00,3320600.0,3368500.0,3297700.0,3365000.0,5872533
20230913 20:00,3369200.0,3408700.0,3360500.0,3402000.0,7111718
20230914 20:00,3398300.0,3398300.0,3296600.0,3300500.0,18529944
20230917 20:00,3304700.0,3313100.0,3263600.0,3292900.0,5820626
20230918 20:00,3292100.0,3296600.0,3245200.0,3289000.0,5685313
20230919 20:00,3289100.0,3303000.0,3200000.0,3200600.0,6742412
20230920 20:00,3201900.0,3253300.0,3170100.0,3191000.0,10963848
20230921 20:00,3208700.0,3218000.0,3161200.0,3168100.0,7665671
20230924 20:00,3175600.0,3182000.0,3144500.0,3174200.0,5009136
20230925 20:00,3159400.0,3168399.0,3100600.0,3129800.0,8085423
20230926 20:00,3143600.0,3146900.0,3097000.0,3137799.0,6008462
20230927 20:00,3130899.0,3154800.0,3094500.0,3140000.0,5957889
20230928 20:00,3156100.0,3194700.0,3149800.0,3158100.0,10024005
20231001 20:00,3189400.0,3224700.0,3151700.0,3218100.0,6800510
20231002 20:00,3214700.0,3224000.0,3112149.0,3136900.0,6954543
20231003 20:00,3120299.0,3200800.0,3108900.0,3196800.0,7425793
20231004 20:00,3189500.0,3204900.0,3148900.0,3187100.0,6089318
20231005 20:00,3198300.0,3296900.0,3140000.0,3290100.0,9079048
20231008 20:00,3254300.0,3304700.0,3231900.0,3304500.0,6100046
20231009 20:00,3303300.0,3316800.0,3276900.0,3293500.0,6485555
20231010 20:00,3293500.0,3332799.0,3286600.0,3311000.0,7481277
20231011 20:00,3307799.0,3336200.0,3287100.0,3315000.0,6022353
20231012 20:00,3316200.0,3338399.0,3263600.0,3273700.0,7688200
20231015 20:00,3274000.0,3360000.0,3267500.0,3326400.0,7733447
20231016 20:00,3327000.0,3358600.0,3274500.0,3342000.0,6379516
20231017 20:00,3329200.0,3355700.0,3283000.0,3307900.0,6970073
20231018 20:00,3295100.0,3368800.0,3294200.0,3302100.0,8342304
20231019 20:00,3302100.0,3328800.0,3254700.0,3268399.0,10397302
20231022 20:00,3269400.0,3327050.0,3242200.0,3309800.0,7742391
20231023 20:00,3318800.0,3519000.0,3276000.0,3433800.0,8854505
20231024 20:00,3426000.0,3473399.0,3367200.0,3370899.0,15196178
20231025 20:00,3365000.0,3420700.0,3265500.0,3317500.0,12126949
20231026 20:00,3309500.0,3367100.0,3284000.0,3301000.0,9326352
20231029 20:00,3320000.0,3394400.0,3318300.0,3371800.0,6804269
20231030 20:00,3369700.0,3396800.0,3346900.0,3376500.0,6510792
20231031 20:00,3376500.0,3474100.0,3364000.0,3469600.0,8879815
20231101 20:00,3470000.0,3496900.0,3447700.0,3493399.0,7793605
20231102 20:00,3495899.0,3543900.0,3473399.0,3528500.0,7768012
20231105 19:00,3531200.0,3575400.0,3528500.0,3561800.0,7852482
20231106 19:00,3566600.0,3624700.0,3566600.0,3600000.0,8283149
20231107 19:00,3601600.0,3638700.0,3599100.0,3628000.0,6805178
20231108 19:00,3629000.0,3647900.0,3597600.0,3599700.0,7072208
20231109 19:00,3609100.0,3701000.0,3596000.0,3691000.0,9089017
20231112 19:00,3689900.0,3699300.0,3659000.0,3668000.0,5988549
20231113 19:00,3680200.0,3730000.0,3667000.0,3711100.0,8859671
20231114 19:00,3721300.0,3735000.0,3671200.0,3707000.0,8119408
20231115 19:00,3707600.0,3767000.0,3701700.0,3761000.0,7858871
20231116 19:00,3772500.0,3778200.0,3665500.0,3667700.0,13148501
20231119 19:00,3741100.0,3799400.0,3670700.0,3785500.0,12922577
20231120 19:00,3789300.0,3796400.0,3704100.0,3714300.0,7241140
20231121 19:00,3732200.0,3797799.0,3732200.0,3778300.0,6775262
20231123 19:00,3781000.0,3793900.0,3751400.0,3774100.0,3249371
20231126 19:00,3771000.0,3806350.0,3760100.0,3790600.0,7215638
20231127 19:00,3785299.0,3831700.0,3770100.0,3825100.0,6886992
20231128 19:00,3829000.0,3854700.0,3774400.0,3788600.0,6830886
20231129 19:00,3795000.0,3809800.0,3754700.0,3788800.0,14350521
20231130 19:00,3786200.0,3794700.0,3713200.0,3740899.0,9750352
20231203 19:00,3730200.0,3731900.0,3629000.0,3702600.0,10064335
20231204 19:00,3683800.0,3730800.0,3656400.0,3730000.0,7249454
20231205 19:00,3734900.0,3749900.0,3678900.0,3687400.0,6858038
20231206 19:00,3686800.0,3714500.0,3658000.0,3706000.0,7505575
20231207 19:00,3701300.0,3744500.0,3680000.0,3739400.0,6794733
20231210 19:00,3732400.0,3739000.0,3661000.0,3704800.0,9602935
20231211 19:00,3717000.0,3752000.0,3696700.0,3751900.0,8030733
20231212 19:00,3744900.0,3776900.0,3707799.0,3744400.0,9028461
20231213 19:00,3756300.0,3758700.0,3641100.0,3666800.0,13109219
20231214 19:00,3671100.0,3724000.0,3660000.0,3699500.0,39894945
20231217 19:00,3702400.0,3730000.0,3683000.0,3722400.0,7755341
20231218 19:00,3722500.0,3741000.0,3698200.0,3732000.0,6765782
20231219 19:00,3730700.0,3760299.0,3700000.0,3712700.0,9935482
20231220 19:00,3720000.0,3744000.0,3700299.0,3734800.0,5462541
20231221 19:00,3726000.0,3752500.0,3720299.0,3750000.0,5358985
20231225 19:00,3754000.0,3769300.0,3734900.0,3748100.0,4201523
20231226 19:00,3747300.0,3750600.0,3728100.0,3741300.0,5827500
20231227 19:00,3745700.0,3764600.0,3741500.0,3759500.0,5254797
20231228 19:00,3762300.0,3771600.0,3734700.0,3758100.0,8061413
