20190101 19:00,1094000.0,1100000.0,1082000.0,1089700.0,2435627
20190102 19:00,1087000.0,1101300.0,1080500.0,1083100.0,2630836
20190103 19:00,1096400.0,1105900.0,1082400.0,1104800.0,2715075
20190106 19:00,1098500.0,1104800.0,1086600.0,1091100.0,2104265
20190107 19:00,1102000.0,1107900.0,1094200.0,1105000.0,2558054
20190108 19:00,1107000.0,1108700.0,1074900.0,1079500.0,2708454
20190109 19:00,1074000.0,1083400.0,1072700.0,1080500.0,2328857
20190110 19:00,1080600.0,1085000.0,1076300.0,1080800.0,2259721
20190113 19:00,1072600.0,1079600.0,1069600.0,1074200.0,2299638
20190114 19:00,1073300.0,1092700.0,1067300.0,1092700.0,1932441
20190115 19:00,1090400.0,1090400.0,1077000.0,1083400.0,1959562
20190116 19:00,1081100.0,1094700.0,1081000.0,1092200.0,1509482
20190117 19:00,1092700.0,1102900.0,1092100.0,1100700.0,2634207
20190121 19:00,1096200.0,1102300.0,1087800.0,1097700.0,2212017
20190122 19:00,1099100.0,1108700.0,1095100.0,1108700.0,2168132
20190123 19:00,1107600.0,1109600.0,1084200.0,1091100.0,1659493
20190124 19:00,1101500.0,1105800.0,1090400.0,1093500.0,2043821
20190127 19:00,1099300.0,1099300.0,1080100.0,1088200.0,1711806
20190128 19:00,1089000.0,1096200.0,1084300.0,1084300.0,1690782
20190129 19:00,1089000.0,1112400.0,1087000.0,1112000.0,2003362
20190130 19:00,1108200.0,1134900.0,1101900.0,1128000.0,2513019
20190131 19:00,1127000.0,1132800.0,1114600.0,1121200.0,1721854
20190203 19:00,1121800.0,1133900.0,1118500.0,1130900.0,1456686
20190204 19:00,1130300.0,1135400.0,1124900.0,1127200.0,1806204
20190205 19:00,1124900.0,1133200.0,1122500.0,1131000.0,1524918
20190206 19:00,1128200.0,1132100.0,1121700.0,1131000.0,1795614
20190207 19:00,1131100.0,1131100.0,1119400.0,1128800.0,1746305
20190210 19:00,1132500.0,1135900.0,1126500.0,1133100.0,2194707
20190211 19:00,1132700.0,1145000.0,1122200.0,1135300.0,2121311
20190212 19:00,1140000.0,1147100.0,1136300.0,1140600.0,2121968
20190213 19:00,1130000.0,1138500.0,1118800.0,1129000.0,2112865
20190214 19:00,1131000.0,1164900.0,1131000.0,1158800.0,3158049
20190218 19:00,1159900.0,1169400.0,1151900.0,1156400.0,1943437
20190219 19:00,1157500.0,1166300.0,1154100.0,1158000.0,1748931
20190220 19:00,1158600.0,1169300.0,1155000.0,1168500.0,1672860
20190221 19:00,1161300.0,1168700.0,1155900.0,1168700.0,1753740
20190224 19:00,1171500.0,1172900.0,1157100.0,1162500.0,1391346
20190225 19:00,1160700.0,1166300.0,1154500.0,1159600.0,1625618
20190226 19:00,1155500.0,1157200.0,1144200.0,1153700.0,1633818
20190227 19:00,1146300.0,1162200.0,1142200.0,1158000.0,2246410
20190228 19:00,1158900.0,1163700.0,1152400.0,1161600.0,1487290
20190303 19:00,1162300.0,1169300.0,1155100.0,1162500.0,1730977
20190304 19:00,1160000.0,1168200.0,1156600.0,1160900.0,1489454
20190305 19:00,1161000.0,1168200.0,1155800.0,1158500.0,1491821
20190306 19:00,1160000.0,1173400.0,1156400.0,1164500.0,1961696
20190307 19:00,1150000.0,1162500.0,1142700.0,1155000.0,2177575
20190310 20:00,1153000.0,1169400.0,1149800.0,1169400.0,1884020
20190311 20:00,1167500.0,1172200.0,1160100.0,1165900.0,1944296
20190312 20:00,1164100.0,1175600.0,1163800.0,1166700.0,2756352
20190313 20:00,1167000.0,1169800.0,1154100.0,1155600.0,3851666
20190314 20:00,1150100.0,1165400.0,1150100.0,1156000.0,11410003
20190317 20:00,1158100.0,1174600.0,1158100.0,1174600.0,3794469
20190318 20:00,1169300.0,1187400.0,1169300.0,1179400.0,2586940
20190319 20:00,1180900.0,1194900.0,1173800.0,1188600.0,2550765
20190320 20:00,1182600.0,1196600.0,1179500.0,1194500.0,1694458
20190321 20:00,1194600.0,1212900.0,1194100.0,1205100.0,3036547
20190324 20:00,1208700.0,1212900.0,1200700.0,1212700.0,1657808
20190325 20:00,1210000.0,1221600.0,1208500.0,1220000.0,2129597
20190326 20:00,1224000.0,1231900.0,1211850.0,1216000.0,2320883
20190327 20:00,1220000.0,1225000.0,1215900.0,1220100.0,1363379
20190328 20:00,1222400.0,1228600.0,1212700.0,1225600.0,2220003
20190331 20:00,1227100.0,1229300.0,1215900.0,1217000.0,1841943
20190401 20:00,1214600.0,1222500.0,1214600.0,1216800.0,1206036
20190402 20:00,1215400.0,1222300.0,1207500.0,1216800.0,1917070
20190403 20:00,1215600.0,1221200.0,1212000.0,1214700.0,1358998
20190404 20:00,1213500.0,1220900.0,1208400.0,1210400.0,1374766
20190407 20:00,1216200.0,1221000.0,1212000.0,1221000.0,1390235
20190408 20:00,1217600.0,1222000.0,1208600.0,1221700.0,1537278
20190409 20:00,1223000.0,1227100.0,1216600.0,1222200.0,1190865
20190410 20:00,1221200.0,1227500.0,1211700.0,1214200.0,1425398
20190411 20:00,1220200.0,1222700.0,1211700.0,1222300.0,1297202
20190414 20:00,1224500.0,1240000.0,1223600.0,1238800.0,1858740
20190415 20:00,1236600.0,1237700.0,1219000.0,1225200.0,1949488
20190416 20:00,1247200.0,1271100.0,1221400.0,1270000.0,2755621
20190417 20:00,1269900.0,1289800.0,1267300.0,1274100.0,2543018
20190421 20:00,1270900.0,1272300.0,1258800.0,1266400.0,1160018
20190422 20:00,1269300.0,1275400.0,1261500.0,1268100.0,1827376
20190423 20:00,1275400.0,1279700.0,1257700.0,1258100.0,1597963
20190424 20:00,1261500.0,1264500.0,1251800.0,1259000.0,1634823
20190425 20:00,1265100.0,1272450.0,1261200.0,1265000.0,1344462
20190428 20:00,1263000.0,1272500.0,1260000.0,1272500.0,1111679
20190429 20:00,1273100.0,1283899.0,1263400.0,1281100.0,2265787
20190430 20:00,1276500.0,1280000.0,1266300.0,1271000.0,1700731
20190501 20:00,1275800.0,1275800.0,1261700.0,1268900.0,1121287
20190502 20:00,1270500.0,1281800.0,1269500.0,1276700.0,1210990
20190505 20:00,1267900.0,1277700.0,1264300.0,1265700.0,1093238
20190506 20:00,1265000.0,1272800.0,1251800.0,1259800.0,1668184
20190507 20:00,1256000.0,1267300.0,1249500.0,1257500.0,1755026
20190508 20:00,1259200.0,1265300.0,1248500.0,1260500.0,1389766
20190509 20:00,1257500.0,1282800.0,1256200.0,1280300.0,1627316
20190512 20:00,1270100.0,1279000.0,1266300.0,1268900.0,1968167
20190513 20:00,1271500.0,1285100.0,1269500.0,1276800.0,2468338
20190514 20:00,1273100.0,1298700.0,1271000.0,1293500.0,1611128
20190515 20:00,1297000.0,1307400.0,1287500.0,1303500.0,2064509
20190516 20:00,1300000.0,1308700.0,1296500.0,1306100.0,1910051
20190519 20:00,1296300.0,1304500.0,1295000.0,1302500.0,1761786
20190520 20:00,1306800.0,1306800.0,1288600.0,1290700.0,1446092
20190521 20:00,1287200.0,1306399.0,1287200.0,1300700.0,1279754
20190522 20:00,1295100.0,1309000.0,1295100.0,1299100.0,1573249
20190523 20:00,1302600.0,1304700.0,1289500.0,1293800.0,1192259
20190527 20:00,1298000.0,1299000.0,1273600.0,1276000.0,5635076
20190528 20:00,1271100.0,1287700.0,1268400.0,1281300.0,2185296
20190529 20:00,1284100.0,1289100.0,1277800.0,1281200.0,1139760
20190530 20:00,1278600.0,1284500.0,1269900.0,1280000.0,1969502
20190602 20:00,1276000.0,1294199.0,1276000.0,1292800.0,1786496
20190603 20:00,1296000.0,1299100.0,1280350.0,1292900.0,1544446
20190604 20:00,1290700.0,1317400.0,1288700.0,1317400.0,2078928
20190605 20:00,1308000.0,1322700.0,1306000.0,1316500.0,2128429
20190606 20:00,1323200.0,1347000.0,1323100.0,1334700.0,2302056
20190609 20:00,1335100.0,1337000.0,1323600.0,1337000.0,1445717
20190610 20:00,1341300.0,1343100.0,1326000.0,1330200.0,1383772
20190611 20:00,1339900.0,1344400.0,1326600.0,1329400.0,1461385
20190612 20:00,1334900.0,1337900.0,1318500.0,1330000.0,1231297
20190613 20:00,1328500.0,1335400.0,1325600.0,1333200.0,1427814
20190616 20:00,1331100.0,1331100.0,1318899.0,1325200.0,1256010
20190617 20:00,1331900.0,1344199.0,1318700.0,1322200.0,1994485
20190618 20:00,1324800.0,1332900.0,1313300.0,1328200.0,2081138
20190619 20:00,1333899.0,1344500.0,1333800.0,1342000.0,1739853
20190620 20:00,1340900.0,1347000.0,1336300.0,1343000.0,4687696
20190623 20:00,1345700.0,1352500.0,1339400.0,1341399.0,1776166
20190624 20:00,1339800.0,1344600.0,1335500.0,1336500.0,1680517
20190625 20:00,1338000.0,1338600.0,1323000.0,1325000.0,2736327
20190626 20:00,1327000.0,1327000.0,1312700.0,1312700.0,1917334
20190627 20:00,1320000.0,1324100.0,1307700.0,1312000.0,3114272
20190630 20:00,1313300.0,1322900.0,1308500.0,1318700.0,1568212
20190701 20:00,1322500.0,1326500.0,1313500.0,1324700.0,1455809
20190702 20:00,1325400.0,1341600.0,1324300.0,1339000.0,1490183
20190704 20:00,1339900.0,1339900.0,1315500.0,1331900.0,1598484
20190707 20:00,1331800.0,1333899.0,1320400.0,1326200.0,2458935
20190708 20:00,1331000.0,1343000.0,1307200.0,1316000.0,2809672
20190709 20:00,1318700.0,1346100.0,1311100.0,1344199.0,2019432
20190710 20:00,1345000.0,1347400.0,1333500.0,1339800.0,1503147
20190711 20:00,1346000.0,1348500.0,1326100.0,1334400.0,1860843
20190714 20:00,1336399.0,1341900.0,1325700.0,1341500.0,1353511
20190715 20:00,1340000.0,1352400.0,1330500.0,1339000.0,1626412
20190716 20:00,1338000.0,1342800.0,1321100.0,1322400.0,2208563
20190717 20:00,1323600.0,1332100.0,1315200.0,1329800.0,1633226
20190718 20:00,1331100.0,1333600.0,1297400.0,1297400.0,2288387
20190721 20:00,1308800.0,1308800.0,1296300.0,1302800.0,1778013
20190722 20:00,1306100.0,1322500.0,1304100.0,1305000.0,1787869
20190723 20:00,1316000.0,1316000.0,1286200.0,1297500.0,1991649
20190724 20:00,1294900.0,1295000.0,1283899.0,1285000.0,1596602
20190725 20:00,1295000.0,1315000.0,1287800.0,1315000.0,1698986
20190728 20:00,1313300.0,1324100.0,1311800.0,1315300.0,1821101
20190729 20:00,1315000.0,1320700.0,1302200.0,1302300.0,1417386
20190730 20:00,1301100.0,1304300.0,1262500.0,1277500.0,2659622
20190731 20:00,1284700.0,1294199.0,1266000.0,1266000.0,2901390
20190801 20:00,1266800.0,1288200.0,1264900.0,1279000.0,2353446
20190804 20:00,1279000.0,1291500.0,1230600.0,1239700.0,2954528
20190805 20:00,1243300.0,1270000.0,1243300.0,1260200.0,2781777
20190806 20:00,1265300.0,1283400.0,1244200.0,1277900.0,2372256
20190807 20:00,1296399.0,1299500.0,1271100.0,1292900.0,1659738
20190808 20:00,1293100.0,1297400.0,1273100.0,1286000.0,1323493
20190811 20:00,1284900.0,1291500.0,1278700.0,1283500.0,1332817
20190812 20:00,1288100.0,1303899.0,1277100.0,1303899.0,1786513
20190813 20:00,1292500.0,1305100.0,1288000.0,1291000.0,2874074
20190814 20:00,1303600.0,1312200.0,1293500.0,1309500.0,1580522
20190815 20:00,1316000.0,1323200.0,1306500.0,1315200.0,1836157
20190818 20:00,1322500.0,1328600.0,1319300.0,1325700.0,1084611
20190819 20:00,1327400.0,1331000.0,1316900.0,1316900.0,1348196
20190820 20:00,1328500.0,1336300.0,1316200.0,1323400.0,985857
20190821 20:00,1324500.0,1329300.0,1313200.0,1323100.0,1048920
20190822 20:00,1330200.0,1333400.0,1295600.0,1303500.0,2110751
20190825 20:00,1312100.0,1338700.0,1303100.0,1338700.0,1638806
20190826 20:00,1340600.0,1353400.0,1326200.0,1345800.0,2239314
20190827 20:00,1341300.0,1353400.0,1341300.0,1351800.0,1328981
20190828 20:00,1363500.0,1364400.0,1345200.0,1357500.0,1184268
20190829 20:00,1367500.0,1371000.0,1357500.0,1366900.0,1825793
20190902 20:00,1368400.0,1379199.0,1358800.0,1379199.0,1178569
20190903 20:00,1381900.0,1394800.0,1372900.0,1394800.0,1479699
20190904 20:00,1391500.0,1391500.0,1354700.0,1357200.0,2136293
20190905 20:00,1366900.0,1375600.0,1355500.0,1373000.0,1365859
20190908 20:00,1375900.0,1377200.0,1354400.0,1363899.0,1811965
20190909 20:00,1357500.0,1365500.0,1346800.0,1360100.0,1652651
20190910 20:00,1355200.0,1370000.0,1348500.0,1370000.0,2300859
20190911 20:00,1367000.0,1382900.0,1367000.0,1372000.0,2077041
20190912 20:00,1374300.0,1378400.0,1357000.0,1367100.0,1714676
20190915 20:00,1360900.0,1365400.0,1343800.0,1348899.0,1203122
20190916 20:00,1348800.0,1363100.0,1345100.0,1360000.0,1507241
20190917 20:00,1363200.0,1363200.0,1341000.0,1355000.0,1410970
20190918 20:00,1350100.0,1360000.0,1350000.0,1356200.0,1306623
20190919 20:00,1360000.0,1360000.0,1344800.0,1347000.0,4186935
20190922 20:00,1351300.0,1361699.0,1349600.0,1361699.0,1551819
20190923 20:00,1361200.0,1364400.0,1345800.0,1354199.0,2435858
20190924 20:00,1353899.0,1356399.0,1345100.0,1350900.0,1514428
20190925 20:00,1351600.0,1363200.0,1351600.0,1357000.0,2255039
20190926 20:00,1358500.0,1362700.0,1346900.0,1362700.0,1150149
20190929 20:00,1359000.0,1377300.0,1358700.0,1373600.0,1676003
20190930 20:00,1374000.0,1379900.0,1360900.0,1379900.0,1565896
20191001 20:00,1367200.0,1373800.0,1334000.0,1338400.0,2431345
20191002 20:00,1383899.0,1397500.0,1365000.0,1378800.0,2744594
20191003 20:00,1377000.0,1404400.0,1376500.0,1402800.0,2086965
20191006 20:00,1402000.0,1402500.0,1379700.0,1383400.0,1586243
20191007 20:00,1383400.0,1384400.0,1370500.0,1372500.0,1419760
20191008 20:00,1379900.0,1381699.0,1355900.0,1355900.0,1189800
20191009 20:00,1375000.0,1384100.0,1366300.0,1382400.0,821274
20191010 20:00,1386100.0,1387300.0,1370800.0,1378600.0,1216673
20191013 20:00,1381300.0,1382900.0,1372500.0,1374400.0,1053799
20191014 20:00,1378700.0,1380200.0,1361600.0,1363400.0,1371255
20191015 20:00,1364400.0,1365400.0,1355800.0,1364300.0,1239164
20191016 20:00,1366000.0,1376100.0,1364199.0,1370600.0,1015627
20191017 20:00,1371000.0,1375100.0,1362500.0,1365200.0,1920471
20191020 20:00,1362800.0,1367300.0,1356699.0,1365900.0,1447698
20191021 20:00,1361200.0,1373500.0,1361200.0,1366000.0,1497349
20191022 20:00,1366600.0,1377200.0,1365400.0,1376399.0,1044774
20191023 20:00,1379000.0,1381600.0,1368000.0,1381600.0,861677
20191024 20:00,1378899.0,1380300.0,1362400.0,1368300.0,1007267
20191027 20:00,1368400.0,1375600.0,1360000.0,1372800.0,1030935
20191028 20:00,1365100.0,1371100.0,1359400.0,1361000.0,852501
20191029 20:00,1357400.0,1372850.0,1354100.0,1367600.0,949204
20191030 20:00,1365100.0,1375300.0,1361000.0,1371500.0,1572347
20191031 20:00,1368700.0,1383400.0,1367000.0,1367300.0,1227445
20191103 19:00,1370900.0,1371000.0,1347400.0,1351600.0,1109321
20191104 19:00,1351500.0,1352500.0,1326000.0,1338000.0,1601148
20191105 19:00,1336900.0,1348700.0,1335700.0,1347100.0,1304053
20191106 19:00,1347000.0,1349900.0,1331300.0,1333200.0,1152562
20191107 19:00,1338500.0,1341200.0,1325700.0,1331300.0,1281568
20191110 19:00,1331300.0,1331300.0,1319700.0,1326500.0,756678
20191111 19:00,1329400.0,1329400.0,1315900.0,1320700.0,1160986
20191112 19:00,1319000.0,1335700.0,1319000.0,1334900.0,1261568
20191113 19:00,1339199.0,1339500.0,1327400.0,1334900.0,730727
20191114 19:00,1335900.0,1348000.0,1327900.0,1338100.0,1932661
20191117 19:00,1340800.0,1356699.0,1334000.0,1338700.0,1292710
20191118 19:00,1343800.0,1350600.0,1340700.0,1342800.0,1132007
20191119 19:00,1345700.0,1352000.0,1334000.0,1335500.0,1306560
20191120 19:00,1339000.0,1342100.0,1330900.0,1336200.0,1324134
20191121 19:00,1340700.0,1342500.0,1330300.0,1338600.0,1252461
20191124 19:00,1333400.0,1347800.0,1332200.0,1338300.0,1154468
20191125 19:00,1338300.0,1359700.0,1338300.0,1359700.0,2640571
20191126 19:00,1358100.0,1365200.0,1353300.0,1360800.0,810531
20191128 19:00,1358000.0,1364000.0,1352600.0,1358400.0,864584
20191201 19:00,1362800.0,1362800.0,1344300.0,1362000.0,1795521
20191202 19:00,1357300.0,1367100.0,1343200.0,1354900.0,2089020
20191203 19:00,1354600.0,1373600.0,1345500.0,1372900.0,1979986
20191204 19:00,1368899.0,1368899.0,1352800.0,1361300.0,1560915
20191205 19:00,1356000.0,1376900.0,1356000.0,1368899.0,1311489
20191208 19:00,1375000.0,1380400.0,1370000.0,1370000.0,1530346
20191209 19:00,1368200.0,1374800.0,1361699.0,1362700.0,1172506
20191210 19:00,1362700.0,1375300.0,1362700.0,1368200.0,1098685
20191211 19:00,1374100.0,1379000.0,1359400.0,1376500.0,1459061
20191212 19:00,1366200.0,1382500.0,1362000.0,1379300.0,1346950
20191215 19:00,1369400.0,1375100.0,1361699.0,1370000.0,1832436
20191216 19:00,1370100.0,1374300.0,1356800.0,1361900.0,2141189
20191217 19:00,1364600.0,1372900.0,1356000.0,1359700.0,2147538
20191218 19:00,1362400.0,1367500.0,1359500.0,1366000.0,1558017
20191219 19:00,1364000.0,1381300.0,1351600.0,1376800.0,5819596
20191222 19:00,1385000.0,1385000.0,1368400.0,1382000.0,1250284
20191223 19:00,1370400.0,1375400.0,1362700.0,1366200.0,452668
20191225 19:00,1369199.0,1373300.0,1361000.0,1366000.0,921990
20191226 19:00,1370000.0,1378600.0,1362400.0,1375300.0,1016862
20191229 19:00,1367600.0,1379600.0,1364800.0,1375400.0,1164921
20191230 19:00,1373899.0,1373899.0,1360400.0,1367100.0,1474994
20200101 19:00,1370100.0,1374700.0,1351200.0,1358200.0,1407242
20200102 19:00,1348800.0,1367300.0,1348800.0,1353400.0,1751133
20200105 19:00,1352200.0,1363899.0,1351900.0,1360200.0,1711138
20200106 19:00,1363400.0,1363500.0,1330000.0,1330600.0,1912493
20200107 19:00,1345000.0,1353600.0,1340800.0,1345000.0,1311767
20200108 19:00,1349900.0,1355500.0,1344199.0,1344199.0,1251316
20200109 19:00,1353500.0,1354199.0,1343899.0,1346200.0,1272804
20200112 19:00,1347800.0,1367300.0,1346200.0,1367300.0,1947555
20200113 19:00,1361900.0,1370000.0,1357200.0,1370000.0,1602885
20200114 19:00,1368500.0,1397500.0,1368500.0,1390300.0,1827125
20200115 19:00,1393000.0,1401699.0,1388899.0,1400000.0,1896410
20200116 19:00,1397300.0,1415500.0,1396100.0,1414000.0,3175111
20200120 19:00,1415000.0,1421200.0,1403500.0,1418000.0,1833103
20200121 19:00,1420000.0,1436000.0,1414100.0,1436000.0,2084308
20200122 19:00,1431200.0,1438500.0,1423800.0,1435500.0,1383683
20200123 19:00,1442000.0,1442000.0,1424500.0,1429000.0,1169880
20200126 19:00,1418100.0,1433600.0,1411600.0,1420000.0,1407438
20200127 19:00,1427300.0,1430000.0,1417500.0,1424400.0,1027124
20200128 19:00,1423899.0,1431200.0,1410000.0,1415300.0,1183380
20200129 19:00,1410800.0,1440000.0,1410800.0,1431800.0,1739293
20200130 19:00,1432000.0,1446300.0,1415700.0,1420500.0,2136336
20200202 19:00,1423800.0,1430900.0,1418400.0,1422500.0,1711010
20200203 19:00,1433899.0,1440600.0,1422600.0,1432300.0,1450862
20200204 19:00,1440000.0,1445800.0,1434500.0,1443000.0,1377416
20200205 19:00,1444900.0,1452900.0,1440800.0,1444300.0,1520740
20200206 19:00,1442000.0,1459500.0,1438400.0,1455200.0,1290036
20200209 19:00,1455300.0,1464150.0,1451300.0,1460000.0,1646885
20200210 19:00,1459900.0,1463600.0,1448800.0,1463000.0,1560013
20200211 19:00,1462700.0,1471200.0,1453400.0,1471200.0,1724581
20200212 19:00,1463400.0,1475000.0,1435200.0,1465000.0,1850248
20200213 19:00,1465200.0,1471500.0,1459500.0,1471500.0,1283082
20200217 19:00,1477100.0,1477100.0,1452500.0,1452500.0,1671403
20200218 19:00,1458700.0,1464800.0,1454000.0,1454000.0,1199089
20200219 19:00,1453000.0,1457000.0,1439500.0,1448800.0,1277224
20200220 19:00,1446600.0,1459900.0,1445900.0,1459000.0,2131592
20200223 19:00,1445500.0,1472000.0,1421500.0,1429500.0,2335548
20200224 19:00,1429300.0,1443800.0,1405700.0,1416800.0,2494431
20200225 19:00,1406500.0,1437500.0,1397000.0,1416600.0,2333156
20200226 19:00,1401000.0,1431399.0,1350000.0,1360000.0,3545323
20200227 19:00,1334300.0,1370500.0,1283500.0,1336500.0,6037914
20200301 19:00,1347600.0,1377700.0,1305100.0,1366800.0,3790883
20200302 19:00,1382800.0,1397100.0,1347400.0,1350000.0,3681568
20200303 19:00,1376800.0,1427000.0,1360600.0,1415200.0,3210706
20200304 19:00,1413700.0,1413700.0,1366699.0,1388000.0,2876774
20200305 19:00,1360100.0,1381600.0,1314600.0,1372500.0,2933950
20200308 20:00,1272500.0,1333500.0,1272500.0,1317500.0,4164202
20200309 20:00,1326300.0,1345700.0,1268600.0,1321300.0,3716871
20200310 20:00,1319400.0,1350400.0,1276200.0,1293899.0,3280645
20200311 20:00,1262700.0,1262700.0,1127500.0,1130000.0,5975405
20200312 20:00,1176300.0,1275900.0,1150500.0,1267500.0,5763444
20200315 20:00,1195200.0,1237900.0,1120000.0,1169900.0,5325856
20200316 20:00,1179900.0,1278600.0,1142500.0,1202100.0,5897999
20200317 20:00,1212000.0,1277200.0,1138400.0,1240100.0,6708534
20200318 20:00,1233800.0,1247800.0,1160600.0,1170100.0,3718129
20200319 20:00,1198200.0,1235000.0,1014200.0,1044900.0,5540934
20200322 20:00,1030200.0,1128500.0,1014500.0,1097800.0,4785113
20200323 20:00,1100000.0,1150000.0,1090500.0,1141200.0,4245115
20200324 20:00,1177000.0,1207400.0,1110300.0,1122100.0,3738915
20200325 20:00,1112000.0,1218000.0,1110000.0,1183000.0,4064053
20200326 20:00,1193900.0,1246200.0,1174400.0,1204700.0,4160127
20200329 20:00,1205000.0,1274800.0,1200000.0,1257500.0,2652027
20200330 20:00,1250000.0,1260000.0,1189200.0,1189200.0,3173804
20200331 20:00,1166600.0,1223000.0,1156900.0,1193500.0,2937445
20200401 20:00,1194100.0,1255000.0,1164600.0,1242500.0,1985601
20200402 20:00,1228200.0,1253700.0,1224500.0,1240600.0,1993200
20200405 20:00,1267100.0,1321300.0,1254000.0,1315300.0,3674129
20200406 20:00,1350000.0,1355300.0,1296100.0,1303800.0,2394398
20200407 20:00,1310000.0,1332949.0,1291300.0,1322500.0,2292160
20200408 20:00,1329900.0,1350800.0,1305100.0,1342000.0,1997685
20200412 20:00,1325200.0,1333000.0,1294199.0,1320000.0,1389620
20200413 20:00,1325000.0,1388899.0,1321000.0,1381100.0,2545825
20200414 20:00,1370000.0,1384000.0,1336900.0,1340100.0,2027441
20200415 20:00,1361100.0,1382200.0,1338500.0,1378500.0,2004197
20200416 20:00,1387300.0,1394900.0,1349100.0,1364100.0,2358067
20200419 20:00,1383400.0,1383400.0,1345100.0,1345600.0,1755915
20200420 20:00,1340000.0,1347300.0,1305300.0,1313100.0,1884013
20200421 20:00,1324100.0,1336699.0,1310100.0,1310100.0,1670931
20200422 20:00,1333000.0,1341399.0,1299900.0,1299900.0,2543470
20200423 20:00,1309900.0,1348600.0,1302500.0,1344000.0,1472231
20200426 20:00,1357200.0,1371600.0,1339000.0,1345700.0,1343533
20200427 20:00,1350000.0,1376600.0,1345100.0,1363500.0,2081091
20200428 20:00,1363200.0,1380000.0,1329000.0,1339700.0,2505234
20200429 20:00,1336500.0,1344500.0,1304300.0,1305700.0,3182613
20200430 20:00,1305100.0,1322100.0,1295200.0,1301399.0,1966887
20200503 20:00,1285200.0,1313400.0,1285000.0,1305000.0,2234754
20200504 20:00,1320000.0,1333300.0,1307700.0,1320000.0,1384838
20200505 20:00,1322500.0,1325000.0,1302200.0,1302200.0,1303542
20200506 20:00,1320000.0,1324700.0,1301200.0,1322500.0,2115690
20200507 20:00,1307100.0,1351500.0,1307100.0,1346100.0,1644464
20200510 20:00,1347900.0,1362000.0,1332600.0,1346500.0,1346130
20200511 20:00,1343800.0,1363800.0,1313500.0,1313500.0,1637113
20200512 20:00,1329400.0,1344700.0,1314500.0,1335000.0,2128638
20200513 20:00,1320600.0,1335900.0,1301500.0,1328800.0,2060422
20200514 20:00,1330900.0,1376500.0,1322500.0,1352600.0,9494283
20200517 20:00,1370100.0,1380000.0,1350600.0,1355200.0,3747740
20200518 20:00,1355000.0,1355000.0,1314000.0,1321300.0,2655262
20200519 20:00,1334400.0,1334400.0,1303400.0,1315700.0,2977641
20200520 20:00,1312600.0,1314400.0,1296200.0,1304000.0,1823817
20200521 20:00,1299100.0,1306800.0,1291100.0,1305200.0,1272050
20200525 20:00,1332800.0,1332800.0,1295100.0,1299400.0,2257892
20200526 20:00,1310000.0,1312600.0,1285800.0,1310000.0,2061410
20200527 20:00,1302900.0,1332400.0,1301100.0,1326600.0,2004410
20200528 20:00,1321100.0,1332900.0,1303400.0,1320500.0,9235647
20200531 20:00,1319700.0,1339450.0,1311300.0,1330300.0,1759037
20200601 20:00,1336900.0,1338000.0,1311200.0,1327000.0,2012985
20200602 20:00,1328000.0,1342900.0,1324000.0,1328000.0,2289978
20200603 20:00,1322000.0,1335600.0,1301900.0,1306100.0,2287726
20200604 20:00,1309000.0,1335300.0,1301800.0,1324000.0,2806367
20200607 20:00,1320000.0,1327000.0,1310700.0,1320000.0,2544374
20200608 20:00,1315100.0,1334400.0,1310000.0,1334400.0,2292017
20200609 20:00,1329600.0,1351600.0,1324800.0,1331600.0,3365338
20200610 20:00,1324400.0,1351399.0,1275700.0,1299100.0,3782400
20200611 20:00,1295000.0,1308800.0,1274200.0,1289500.0,3398823
20200614 20:00,1270000.0,1311500.0,1265300.0,1311500.0,2481406
20200615 20:00,1304800.0,1330600.0,1301100.0,1319700.0,2653066
20200616 20:00,1324900.0,1330400.0,1314800.0,1319000.0,1545092
20200617 20:00,1317600.0,1331300.0,1306500.0,1326399.0,1670858
20200618 20:00,1335200.0,1350000.0,1306399.0,1312100.0,5812974
20200621 20:00,1310700.0,1317600.0,1299500.0,1314000.0,1603367
20200622 20:00,1315000.0,1326800.0,1309700.0,1311000.0,1709421
20200623 20:00,1310000.0,1310700.0,1286699.0,1295000.0,2291129
20200624 20:00,1297000.0,1320000.0,1280300.0,1311900.0,2019015
20200625 20:00,1314100.0,1323700.0,1280600.0,1285000.0,3361834
20200628 20:00,1300000.0,1316200.0,1293300.0,1314000.0,1784745
20200629 20:00,1311500.0,1328200.0,1307600.0,1322700.0,2460859
20200630 20:00,1322600.0,1336200.0,1319300.0,1329700.0,1714757
20200701 20:00,1324000.0,1341699.0,1324000.0,1331200.0,1329281
20200705 20:00,1339900.0,1339900.0,1323200.0,1334900.0,1980730
20200706 20:00,1333300.0,1346200.0,1320100.0,1339900.0,1735266
20200707 20:00,1338000.0,1347000.0,1331100.0,1343899.0,1832970
20200708 20:00,1344500.0,1344500.0,1317300.0,1334000.0,1970308
20200709 20:00,1321699.0,1349700.0,1313100.0,1344600.0,2588377
20200712 20:00,1347700.0,1398000.0,1344800.0,1355000.0,3184181
20200713 20:00,1354300.0,1369400.0,1330000.0,1355100.0,2485425
20200714 20:00,1356200.0,1361600.0,1332700.0,1336100.0,2665413
20200715 20:00,1336900.0,1345000.0,1330500.0,1338700.0,1836220
20200716 20:00,1343000.0,1360300.0,1335600.0,1347100.0,1618207
20200719 20:00,1348000.0,1351399.0,1321900.0,1333500.0,1646851
20200720 20:00,1340500.0,1364000.0,1338000.0,1347700.0,2790982
20200721 20:00,1344400.0,1364000.0,1336800.0,1362900.0,1563679
20200722 20:00,1360800.0,1380000.0,1354900.0,1379900.0,2270264
20200723 20:00,1370400.0,1386399.0,1353899.0,1358000.0,1625181
20200726 20:00,1370000.0,1383000.0,1348400.0,1383000.0,1538852
20200727 20:00,1376699.0,1385900.0,1370900.0,1374600.0,1368069
20200728 20:00,1380000.0,1390000.0,1370300.0,1379300.0,1298043
20200729 20:00,1366300.0,1382100.0,1356000.0,1375100.0,1118310
20200730 20:00,1376900.0,1378000.0,1352000.0,1376600.0,2417197
20200802 20:00,1374000.0,1377500.0,1360300.0,1367600.0,1413019
20200803 20:00,1362800.0,1378600.0,1360000.0,1377000.0,1274420
20200804 20:00,1374700.0,1381500.0,1357700.0,1364000.0,1133786
20200805 20:00,1363000.0,1363000.0,1353400.0,1360000.0,1230769
20200806 20:00,1356000.0,1367500.0,1353700.0,1364700.0,1599197
20200809 20:00,1364700.0,1368600.0,1353800.0,1359900.0,1253745
20200810 20:00,1367000.0,1374500.0,1346000.0,1357800.0,1552252
20200811 20:00,1351200.0,1386699.0,1351200.0,1370300.0,1798960
20200812 20:00,1375600.0,1386200.0,1370300.0,1379500.0,1180016
20200813 20:00,1381000.0,1383000.0,1369100.0,1374500.0,1172474
20200816 20:00,1375600.0,1388800.0,1370700.0,1381399.0,1445031
20200817 20:00,1388100.0,1388200.0,1370600.0,1382500.0,1169355
20200818 20:00,1387900.0,1389100.0,1360000.0,1360000.0,1503776
20200819 20:00,1364600.0,1371500.0,1355000.0,1367200.0,1043302
20200820 20:00,1367000.0,1369900.0,1352500.0,1364500.0,1565921
20200823 20:00,1373400.0,1378899.0,1361100.0,1376399.0,1333284
20200824 20:00,1378000.0,1383800.0,1367100.0,1374000.0,1007472
20200825 20:00,1375000.0,1386699.0,1363800.0,1385000.0,2182583
20200826 20:00,1384700.0,1399199.0,1379100.0,1388500.0,1413630
20200827 20:00,1384199.0,1399900.0,1372500.0,1398600.0,1445902
20200830 20:00,1400000.0,1410200.0,1385000.0,1394300.0,1895242
20200831 20:00,1400600.0,1406100.0,1385100.0,1398899.0,1476906
20200901 20:00,1404000.0,1438200.0,1393500.0,1433500.0,2041490
20200902 20:00,1430000.0,1440400.0,1381200.0,1397000.0,3177041
20200903 20:00,1393700.0,1410500.0,1369500.0,1385600.0,2653500
20200907 20:00,1377100.0,1389000.0,1344000.0,1346000.0,2558000
20200908 20:00,1359000.0,1384500.0,1352500.0,1368100.0,1965785
20200909 20:00,1363000.0,1375500.0,1340000.0,1352900.0,2834956
20200910 20:00,1352500.0,1364000.0,1342200.0,1357900.0,1796746
20200913 20:00,1358100.0,1375000.0,1350400.0,1365000.0,1479430
20200914 20:00,1369000.0,1372400.0,1354100.0,1360000.0,1978714
20200915 20:00,1365000.0,1365900.0,1347900.0,1349800.0,1661262
20200916 20:00,1341000.0,1345500.0,1316800.0,1334500.0,2450520
20200917 20:00,1344700.0,1351900.0,1300100.0,1316399.0,5598499
20200920 20:00,1310000.0,1320000.0,1293600.0,1320000.0,2235300
20200921 20:00,1315600.0,1328850.0,1306000.0,1320000.0,1797109
20200922 20:00,1327000.0,1329000.0,1298400.0,1317100.0,2742283
20200923 20:00,1310000.0,1323400.0,1299199.0,1319199.0,1873661
20200924 20:00,1320000.0,1339700.0,1305100.0,1338100.0,1958349
20200927 20:00,1345700.0,1394900.0,1345700.0,1394900.0,3611563
20200928 20:00,1383500.0,1395500.0,1371300.0,1374000.0,1971258
20200929 20:00,1360900.0,1394900.0,1360900.0,1391000.0,3214787
20200930 20:00,1397000.0,1419900.0,1374900.0,1407500.0,2245298
20201001 20:00,1372300.0,1400000.0,1361900.0,1373200.0,2155840
20201004 20:00,1380500.0,1386600.0,1369900.0,1370000.0,1701862
20201005 20:00,1375200.0,1388200.0,1350200.0,1353300.0,2033561
20201006 20:00,1358200.0,1375000.0,1357600.0,1371000.0,1690800
20201007 20:00,1375700.0,1381300.0,1365100.0,1380000.0,1327070
20201008 20:00,1380000.0,1392600.0,1378899.0,1389500.0,1331366
20201011 20:00,1406600.0,1434900.0,1397800.0,1423000.0,2432293
20201012 20:00,1421300.0,1440000.0,1418600.0,1438000.0,1773113
20201013 20:00,1436000.0,1441100.0,1416100.0,1420500.0,1328435
20201014 20:00,1425000.0,1425000.0,1405600.0,1410600.0,1260784
20201015 20:00,1416500.0,1428200.0,1407200.0,1411200.0,2556474
20201018 20:00,1417300.0,1425300.0,1392500.0,1403899.0,1522295
20201019 20:00,1405800.0,1411699.0,1393300.0,1397600.0,1172918
20201020 20:00,1397100.0,1404800.0,1390000.0,1390000.0,1261553
20201021 20:00,1395000.0,1402000.0,1390100.0,1401000.0,1067617
20201022 20:00,1396100.0,1405400.0,1390400.0,1395600.0,1304968
20201025 20:00,1385500.0,1390500.0,1364100.0,1375100.0,1380443
20201026 20:00,1380600.0,1398899.0,1375000.0,1385500.0,1445329
20201027 20:00,1379400.0,1380000.0,1339500.0,1344600.0,2555595
20201028 20:00,1340100.0,1356300.0,1320100.0,1330400.0,1543383
20201029 20:00,1323000.0,1340000.0,1317100.0,1333400.0,1901886
20201101 19:00,1347200.0,1362000.0,1336300.0,1355000.0,1374764
20201102 19:00,1351900.0,1386000.0,1351900.0,1362900.0,1607085
20201103 19:00,1382600.0,1417000.0,1375000.0,1382500.0,2011669
20201104 19:00,1402000.0,1402500.0,1374800.0,1380600.0,1680282
20201105 19:00,1375000.0,1397600.0,1373300.0,1378600.0,1247119
20201108 19:00,1405000.0,1436500.0,1380100.0,1390000.0,2684874
20201109 19:00,1367400.0,1424400.0,1360700.0,1422000.0,2572476
20201110 19:00,1417200.0,1443000.0,1416200.0,1436000.0,1827113
20201111 19:00,1435000.0,1447500.0,1427600.0,1438600.0,1177439
20201112 19:00,1438400.0,1450000.0,1432900.0,1450000.0,1205641
20201115 19:00,1450100.0,1462700.0,1446000.0,1450200.0,1332237
20201116 19:00,1451200.0,1461000.0,1441200.0,1445900.0,1474992
20201117 19:00,1452400.0,1465600.0,1430000.0,1430000.0,1732925
20201118 19:00,1423200.0,1437000.0,1422200.0,1430000.0,1437996
20201119 19:00,1432500.0,1447000.0,1430100.0,1434000.0,1566424
20201122 19:00,1434199.0,1437000.0,1418700.0,1434700.0,1245125
20201123 19:00,1430200.0,1443700.0,1420100.0,1443700.0,1820447
20201124 19:00,1445000.0,1451399.0,1435200.0,1441600.0,1023065
20201126 19:00,1442200.0,1452900.0,1441800.0,1449900.0,648405
20201129 19:00,1446000.0,1449300.0,1428800.0,1444900.0,2295824
20201130 19:00,1452800.0,1466300.0,1445200.0,1464000.0,1770165
20201201 19:00,1461200.0,1469100.0,1438899.0,1447500.0,1850846
20201202 19:00,1441399.0,1449600.0,1430000.0,1444400.0,1913406
20201203 19:00,1444500.0,1459900.0,1438600.0,1448600.0,1816127
20201206 19:00,1455000.0,1465500.0,1446200.0,1450000.0,2187184
20201207 19:00,1447900.0,1461500.0,1442800.0,1460000.0,1704652
20201208 19:00,1455200.0,1461399.0,1442700.0,1458700.0,1684476
20201209 19:00,1456000.0,1462900.0,1444199.0,1445000.0,1977329
20201210 19:00,1443200.0,1450900.0,1434100.0,1443200.0,1251830
20201213 19:00,1449700.0,1464700.0,1438200.0,1441500.0,1390710
20201214 19:00,1458600.0,1458600.0,1438800.0,1450000.0,1538923
20201215 19:00,1447300.0,1454500.0,1439000.0,1451900.0,1987608
20201216 19:00,1448899.0,1462500.0,1448899.0,1462500.0,1215319
20201217 19:00,1462000.0,1477500.0,1454800.0,1476000.0,6029820
20201220 19:00,1468000.0,1468000.0,1434600.0,1449800.0,2367063
20201221 19:00,1447600.0,1453400.0,1434700.0,1439000.0,1133498
20201222 19:00,1440200.0,1456000.0,1440000.0,1441900.0,1128910
20201223 19:00,1444199.0,1452900.0,1441699.0,1450700.0,402023
20201227 19:00,1454300.0,1475900.0,1451600.0,1468500.0,1096591
20201228 19:00,1472500.0,1487700.0,1468300.0,1474700.0,1552595
20201229 19:00,1474300.0,1480400.0,1470100.0,1473100.0,891913
20201230 19:00,1472000.0,1484500.0,1466500.0,1483800.0,1171173
20210103 19:00,1485900.0,1485900.0,1419500.0,1440200.0,3179315
20210104 19:00,1440200.0,1451900.0,1429000.0,1443700.0,1916554
20210105 19:00,1447000.0,1447000.0,1413600.0,1435900.0,1932526
20210106 19:00,1434199.0,1435000.0,1411399.0,1424600.0,1944434
20210107 19:00,1424000.0,1444000.0,1416699.0,1443000.0,1896321
20210110 19:00,1441800.0,1444300.0,1417000.0,1421100.0,1752299
20210111 19:00,1427900.0,1427900.0,1394400.0,1414300.0,2229861
20210112 19:00,1412100.0,1432400.0,1408200.0,1428500.0,1862125
20210113 19:00,1425900.0,1425900.0,1410700.0,1417700.0,1686980
20210114 19:00,1410000.0,1425900.0,1405300.0,1410000.0,2108961
20210118 19:00,1423200.0,1429000.0,1409800.0,1409800.0,2614997
20210119 19:00,1417800.0,1419900.0,1399100.0,1413300.0,2124818
20210120 19:00,1413300.0,1418700.0,1387400.0,1392200.0,2086061
20210121 19:00,1393000.0,1395900.0,1382100.0,1390000.0,1847642
20210124 19:00,1385900.0,1404199.0,1375800.0,1392200.0,1535198
20210125 19:00,1400200.0,1433899.0,1396100.0,1415000.0,1614454
20210126 19:00,1415000.0,1423700.0,1370500.0,1378000.0,2701907
20210127 19:00,1380000.0,1408200.0,1377500.0,1380000.0,2702328
20210128 19:00,1391900.0,1391900.0,1359000.0,1367000.0,2962401
20210131 19:00,1365000.0,1379600.0,1359500.0,1370000.0,1782916
20210201 19:00,1379600.0,1395300.0,1366000.0,1379000.0,1631540
20210202 19:00,1383500.0,1395700.0,1370700.0,1388200.0,1667966
20210203 19:00,1378899.0,1397900.0,1376300.0,1397900.0,1854415
20210204 19:00,1400000.0,1421200.0,1397300.0,1419500.0,1954232
20210207 19:00,1408600.0,1420100.0,1395100.0,1404500.0,1898698
20210208 19:00,1403800.0,1412500.0,1395000.0,1400000.0,1505670
20210209 19:00,1404300.0,1410000.0,1367500.0,1376800.0,2727055
20210210 19:00,1370000.0,1389900.0,1343400.0,1349700.0,2759086
20210211 19:00,1358899.0,1358899.0,1334500.0,1340000.0,2062519
20210215 19:00,1348000.0,1353700.0,1334100.0,1342500.0,2140818
20210216 19:00,1344000.0,1350700.0,1338800.0,1344500.0,1388197
20210217 19:00,1342700.0,1357000.0,1338800.0,1354900.0,1319212
20210218 19:00,1357000.0,1357500.0,1322800.0,1329400.0,2103187
20210221 19:00,1325100.0,1328500.0,1307500.0,1320600.0,1945321
20210222 19:00,1319900.0,1343600.0,1310100.0,1326300.0,2240857
20210223 19:00,1327800.0,1331500.0,1312100.0,1322100.0,1905272
20210224 19:00,1320900.0,1321100.0,1297400.0,1303400.0,2487058
20210225 19:00,1300000.0,1309100.0,1285700.0,1290000.0,3073999
20210228 19:00,1310100.0,1319500.0,1300100.0,1308400.0,2282897
20210301 19:00,1306399.0,1320400.0,1303800.0,1312000.0,2305248
20210302 19:00,1320000.0,1320000.0,1289600.0,1291000.0,3138859
20210303 19:00,1288000.0,1317500.0,1276000.0,1288700.0,3836456
20210304 19:00,1288300.0,1334100.0,1283500.0,1330500.0,3846317
20210307 19:00,1329900.0,1341699.0,1319900.0,1330000.0,3058012
20210308 19:00,1330300.0,1339100.0,1320000.0,1325000.0,3017311
20210309 19:00,1331200.0,1344700.0,1305400.0,1337800.0,3200696
20210310 19:00,1335800.0,1345700.0,1330500.0,1333600.0,2007246
20210311 19:00,1332200.0,1338000.0,1320700.0,1330000.0,1930718
20210314 20:00,1330000.0,1336200.0,1319700.0,1330200.0,2228461
20210315 20:00,1332000.0,1345900.0,1327500.0,1342000.0,2128000
20210316 20:00,1342000.0,1345800.0,1333800.0,1339000.0,2414820
20210317 20:00,1340900.0,1340900.0,1314100.0,1328000.0,2133850
20210318 20:00,1325300.0,1350300.0,1320000.0,1343500.0,11353988
20210321 20:00,1352100.0,1382000.0,1347500.0,1381399.0,3152046
20210322 20:00,1381399.0,1401699.0,1375600.0,1396000.0,2477768
20210323 20:00,1395000.0,1401200.0,1382200.0,1388500.0,2118340
20210324 20:00,1388100.0,1404000.0,1380000.0,1404000.0,2620229
20210325 20:00,1396300.0,1430000.0,1390100.0,1427000.0,2878980
20210328 20:00,1420000.0,1449700.0,1417700.0,1449500.0,2687597
20210329 20:00,1433800.0,1447500.0,1420100.0,1425400.0,1832497
20210330 20:00,1425000.0,1435100.0,1411699.0,1414600.0,2877891
20210331 20:00,1414500.0,1427700.0,1401100.0,1413500.0,2058605
20210404 20:00,1413500.0,1443400.0,1409700.0,1432000.0,2774721
20210405 20:00,1431000.0,1443700.0,1425500.0,1436699.0,1944599
20210406 20:00,1437500.0,1441000.0,1430200.0,1430500.0,1986808
20210407 20:00,1439900.0,1441600.0,1420500.0,1428000.0,2439834
20210408 20:00,1425400.0,1433400.0,1416100.0,1425200.0,2181456
20210411 20:00,1424600.0,1434900.0,1415300.0,1430500.0,2025242
20210412 20:00,1431000.0,1439700.0,1421500.0,1427100.0,2260290
20210413 20:00,1430500.0,1434000.0,1412400.0,1413600.0,1975090
20210414 20:00,1421100.0,1431200.0,1412000.0,1421200.0,2021589
20210415 20:00,1423100.0,1444100.0,1423100.0,1441600.0,2777435
20210418 20:00,1441600.0,1456000.0,1432700.0,1452000.0,2808364
20210419 20:00,1447500.0,1466500.0,1439300.0,1461000.0,1692076
20210420 20:00,1466100.0,1478000.0,1462200.0,1465000.0,2356856
20210421 20:00,1469800.0,1469800.0,1453800.0,1462000.0,1937821
20210422 20:00,1462500.0,1463400.0,1449600.0,1453100.0,1823683
20210425 20:00,1454000.0,1458300.0,1429800.0,1432700.0,2107054
20210426 20:00,1436000.0,1436000.0,1421200.0,1431100.0,1637486
20210427 20:00,1427500.0,1436800.0,1409500.0,1409500.0,2125341
20210428 20:00,1423000.0,1444300.0,1415000.0,1439000.0,1755686
20210429 20:00,1427500.0,1447300.0,1425100.0,1440200.0,2097389
20210502 20:00,1444199.0,1467900.0,1441000.0,1458899.0,1880111
20210503 20:00,1453000.0,1467700.0,1435000.0,1435600.0,2651251
20210504 20:00,1439600.0,1450700.0,1434900.0,1439600.0,2158876
20210505 20:00,1438899.0,1459800.0,1438899.0,1459800.0,1699750
20210506 20:00,1455600.0,1460000.0,1445600.0,1452200.0,1582040
20210509 20:00,1455600.0,1479900.0,1455600.0,1467200.0,2327401
20210510 20:00,1465800.0,1477900.0,1450200.0,1452900.0,1926815
20210511 20:00,1456500.0,1457400.0,1436500.0,1442300.0,2375277
20210512 20:00,1442300.0,1471300.0,1430000.0,1468400.0,2030109
20210513 20:00,1463700.0,1479100.0,1463700.0,1466699.0,1635577
20210516 20:00,1468200.0,1474000.0,1457100.0,1463700.0,1501444
20210517 20:00,1464500.0,1469700.0,1453200.0,1454900.0,1594641
20210518 20:00,1448500.0,1460000.0,1440900.0,1450300.0,2060846
20210519 20:00,1454199.0,1477200.0,1448200.0,1474600.0,1575670
20210520 20:00,1472300.0,1485800.0,1465300.0,1474800.0,1992472
20210523 20:00,1474700.0,1483500.0,1470100.0,1479700.0,1482032
20210524 20:00,1479500.0,1485000.0,1470100.0,1483000.0,1427456
20210525 20:00,1485200.0,1486600.0,1476800.0,1483400.0,1687293
20210526 20:00,1483000.0,1489900.0,1464400.0,1471500.0,4001480
20210527 20:00,1441100.0,1485000.0,1441100.0,1481300.0,2166962
20210531 20:00,1483899.0,1490800.0,1470900.0,1474000.0,2340073
20210601 20:00,1473800.0,1485300.0,1472300.0,1478800.0,1589252
20210602 20:00,1474900.0,1477600.0,1453800.0,1473600.0,2042945
20210603 20:00,1476699.0,1485900.0,1470100.0,1479400.0,1586363
20210606 20:00,1478400.0,1482250.0,1467200.0,1477500.0,1840998
20210607 20:00,1477500.0,1480000.0,1459199.0,1465500.0,2099300
20210608 20:00,1463700.0,1475900.0,1460200.0,1467800.0,1861281
20210609 20:00,1462200.0,1480100.0,1455000.0,1476000.0,1602375
20210610 20:00,1475000.0,1481399.0,1467900.0,1476900.0,1927472
20210613 20:00,1471000.0,1486300.0,1467949.0,1485700.0,1388152
20210614 20:00,1484000.0,1491699.0,1480700.0,1487100.0,1569872
20210615 20:00,1485800.0,1492600.0,1463800.0,1463800.0,2011080
20210616 20:00,1471000.0,1490050.0,1467400.0,1481000.0,1999247
20210617 20:00,1485100.0,1495300.0,1451399.0,1452900.0,7158752
20210620 20:00,1455600.0,1467800.0,1454199.0,1465100.0,1462088
20210621 20:00,1464900.0,1475000.0,1462700.0,1466800.0,1293064
20210622 20:00,1467000.0,1467800.0,1447000.0,1448000.0,1435210
20210623 20:00,1451399.0,1459400.0,1446500.0,1457000.0,1306834
20210624 20:00,1459000.0,1467900.0,1450100.0,1464199.0,3150013
20210627 20:00,1464000.0,1475900.0,1463600.0,1473500.0,1653906
20210628 20:00,1470200.0,1478300.0,1464100.0,1470400.0,1208102
20210629 20:00,1468500.0,1483800.0,1468500.0,1483800.0,2199912
20210630 20:00,1481699.0,1490800.0,1476000.0,1478100.0,1684110
20210701 20:00,1482300.0,1497800.0,1482300.0,1487500.0,1843451
20210705 20:00,1489100.0,1496399.0,1477800.0,1488500.0,2233897
20210706 20:00,1493500.0,1506950.0,1490000.0,1500000.0,2035470
20210707 20:00,1494500.0,1506800.0,1482500.0,1497500.0,1776520
20210708 20:00,1500000.0,1512000.0,1487000.0,1494700.0,1759294
20210711 20:00,1494800.0,1500000.0,1487700.0,1497100.0,1974352
20210712 20:00,1499500.0,1539100.0,1497400.0,1528600.0,2779845
20210713 20:00,1530000.0,1551500.0,1518200.0,1545400.0,2241799
20210714 20:00,1545400.0,1553750.0,1532450.0,1552500.0,1706538
20210715 20:00,1554500.0,1569100.0,1550000.0,1557000.0,2576589
20210718 20:00,1555300.0,1575400.0,1547700.0,1558200.0,2220697
20210719 20:00,1560000.0,1573300.0,1555000.0,1558200.0,2108451
20210720 20:00,1558200.0,1574700.0,1545700.0,1554100.0,2277220
20210721 20:00,1552400.0,1557600.0,1539700.0,1556000.0,1176762
20210722 20:00,1552100.0,1577800.0,1550900.0,1571699.0,1376059
20210725 20:00,1571800.0,1575500.0,1560300.0,1570700.0,1223310
20210726 20:00,1570700.0,1586600.0,1564199.0,1578899.0,1651081
20210727 20:00,1579000.0,1587400.0,1558800.0,1568700.0,1327785
20210728 20:00,1568700.0,1576800.0,1562000.0,1568500.0,1199100
20210729 20:00,1568300.0,1576100.0,1565300.0,1571000.0,1628226
20210801 20:00,1569500.0,1573200.0,1555100.0,1563200.0,1147181
20210802 20:00,1564000.0,1580000.0,1562800.0,1562800.0,1332566
20210803 20:00,1570600.0,1570600.0,1538700.0,1540500.0,1947808
20210804 20:00,1540000.0,1553000.0,1538800.0,1542900.0,1447465
20210805 20:00,1543100.0,1547600.0,1530800.0,1540000.0,1348315
20210808 20:00,1543100.0,1548100.0,1537200.0,1542000.0,940332
20210809 20:00,1543500.0,1553100.0,1538100.0,1544300.0,1030209
20210810 20:00,1550000.0,1560100.0,1542600.0,1550500.0,1343637
20210811 20:00,1550400.0,1554900.0,1545800.0,1550700.0,909704
20210812 20:00,1550700.0,1567400.0,1545800.0,1564100.0,917716
20210815 20:00,1561600.0,1581300.0,1559900.0,1580700.0,1174721
20210816 20:00,1580000.0,1584500.0,1572400.0,1580000.0,1291937
20210817 20:00,1577700.0,1582100.0,1557600.0,1557600.0,1437869
20210818 20:00,1543000.0,1594600.0,1542500.0,1594600.0,1801854
20210819 20:00,1585100.0,1596300.0,1579900.0,1583899.0,1391221
20210822 20:00,1583700.0,1585100.0,1569600.0,1580000.0,1044967
20210823 20:00,1578500.0,1580000.0,1556800.0,1559700.0,1234508
20210824 20:00,1560000.0,1564600.0,1541600.0,1552000.0,1448693
20210825 20:00,1558200.0,1560300.0,1540800.0,1547300.0,1238372
20210826 20:00,1549199.0,1554000.0,1542100.0,1551699.0,1403400
20210829 20:00,1547500.0,1562300.0,1547500.0,1561800.0,1099520
20210830 20:00,1560000.0,1568600.0,1553400.0,1564000.0,2168868
20210831 20:00,1564000.0,1582000.0,1564000.0,1581200.0,1396349
20210901 20:00,1573300.0,1575100.0,1558800.0,1569500.0,1153696
20210902 20:00,1563899.0,1575600.0,1559000.0,1570700.0,929553
20210906 20:00,1571000.0,1571100.0,1536900.0,1549900.0,2042519
20210907 20:00,1546000.0,1567400.0,1543400.0,1566000.0,1270165
20210908 20:00,1567200.0,1570000.0,1553800.0,1557300.0,1125797
20210909 20:00,1556800.0,1569500.0,1550000.0,1554600.0,1518040
20210912 20:00,1556900.0,1574000.0,1553899.0,1557700.0,1342831
20210913 20:00,1557700.0,1566699.0,1548200.0,1551600.0,1395583
20210914 20:00,1551600.0,1564900.0,1547800.0,1559900.0,1731674
20210915 20:00,1560200.0,1563200.0,1538100.0,1554500.0,2170173
20210916 20:00,1548000.0,1563400.0,1536600.0,1536600.0,5119585
20210919 20:00,1533600.0,1549500.0,1521000.0,1538000.0,2253521
20210920 20:00,1544400.0,1561100.0,1529700.0,1534900.0,1588352
20210921 20:00,1544900.0,1559800.0,1534500.0,1537700.0,1435683
20210922 20:00,1550000.0,1550000.0,1535300.0,1541300.0,1372929
20210923 20:00,1543899.0,1546200.0,1535500.0,1540000.0,1100815
20210926 20:00,1550000.0,1554000.0,1523899.0,1527200.0,1919288
20210927 20:00,1521200.0,1525800.0,1501000.0,1513200.0,2551738
20210928 20:00,1519000.0,1531800.0,1507000.0,1523500.0,1578787
20210929 20:00,1523000.0,1534700.0,1503700.0,1509900.0,2374328
20210930 20:00,1500000.0,1520600.0,1495200.0,1509500.0,2045886
20211003 20:00,1509500.0,1530000.0,1494800.0,1494900.0,2781283
20211004 20:00,1502000.0,1523899.0,1481699.0,1508000.0,2301037
20211005 20:00,1504400.0,1555000.0,1495000.0,1555000.0,2365885
20211006 20:00,1561500.0,1577600.0,1554900.0,1569000.0,1925523
20211007 20:00,1563899.0,1567500.0,1554900.0,1555600.0,1725981
20211010 20:00,1562300.0,1572300.0,1556200.0,1562300.0,1154906
20211011 20:00,1559000.0,1578500.0,1559000.0,1561600.0,1429469
20211012 20:00,1569300.0,1582000.0,1560200.0,1582000.0,1528716
20211013 20:00,1584900.0,1594900.0,1582500.0,1590600.0,1615863
20211014 20:00,1588000.0,1600000.0,1575100.0,1588100.0,2577004
20211017 20:00,1588899.0,1588899.0,1568200.0,1584700.0,1696466
20211018 20:00,1583500.0,1604199.0,1575300.0,1602100.0,1538805
20211019 20:00,1600000.0,1618700.0,1591300.0,1605600.0,1698083
20211020 20:00,1613100.0,1616800.0,1589800.0,1594000.0,1754392
20211021 20:00,1592100.0,1604700.0,1590000.0,1597000.0,1482200
20211024 20:00,1599700.0,1601200.0,1588000.0,1592200.0,1396612
20211025 20:00,1592200.0,1615000.0,1591000.0,1611800.0,1548392
20211026 20:00,1610000.0,1618500.0,1595400.0,1598000.0,1332102
20211027 20:00,1605200.0,1625000.0,1592200.0,1624500.0,1609044
20211028 20:00,1617200.0,1622500.0,1609100.0,1616000.0,1983589
20211031 20:00,1616100.0,1621300.0,1601800.0,1610000.0,1047461
20211101 20:00,1612700.0,1628899.0,1609400.0,1628800.0,1564184
20211102 20:00,1623000.0,1644000.0,1610500.0,1640200.0,1568835
20211103 20:00,1643000.0,1649300.0,1633200.0,1643100.0,1458499
20211104 20:00,1643800.0,1664300.0,1643800.0,1659400.0,1529208
20211107 19:00,1660000.0,1664300.0,1611600.0,1629000.0,1969038
20211108 19:00,1624300.0,1638700.0,1619800.0,1634900.0,1731935
20211109 19:00,1638000.0,1650050.0,1628000.0,1641800.0,1374789
20211110 19:00,1642200.0,1646200.0,1625400.0,1629100.0,1094453
20211111 19:00,1633899.0,1639300.0,1621000.0,1626500.0,1755872
20211114 19:00,1626500.0,1638899.0,1621100.0,1638100.0,1484292
20211115 19:00,1634000.0,1650000.0,1631000.0,1631699.0,1311179
20211116 19:00,1633100.0,1637600.0,1621050.0,1633700.0,1655887
20211117 19:00,1636000.0,1644800.0,1617600.0,1624199.0,1531298
20211118 19:00,1635500.0,1650250.0,1621500.0,1643800.0,1906690
20211121 19:00,1639300.0,1668000.0,1627100.0,1644100.0,1640586
20211122 19:00,1639900.0,1656900.0,1632800.0,1650200.0,1679628
20211123 19:00,1656900.0,1657500.0,1625800.0,1637400.0,1399746
20211125 19:00,1604500.0,1638400.0,1596000.0,1611699.0,1787899
20211128 19:00,1614400.0,1646900.0,1611399.0,1641399.0,2142453
20211129 19:00,1630200.0,1644300.0,1588000.0,1610500.0,3912048
20211130 19:00,1621300.0,1632600.0,1595800.0,1602200.0,2455699
20211201 19:00,1604400.0,1617100.0,1593200.0,1605200.0,2461838
20211202 19:00,1603300.0,1650000.0,1602500.0,1642500.0,2865006
20211205 19:00,1651699.0,1673300.0,1642000.0,1664100.0,2948035
20211206 19:00,1677100.0,1680000.0,1656800.0,1663600.0,2228086
20211207 19:00,1662600.0,1667100.0,1640300.0,1659400.0,2067413
20211208 19:00,1664400.0,1668800.0,1648400.0,1659100.0,1761564
20211209 19:00,1660400.0,1692500.0,1660000.0,1689600.0,2023619
20211212 19:00,1684900.0,1712600.0,1680700.0,1704000.0,2383251
20211213 19:00,1698100.0,1703800.0,1683000.0,1692100.0,2116322
20211214 19:00,1692200.0,1719900.0,1687200.0,1715700.0,2633643
20211215 19:00,1716699.0,1735700.0,1707200.0,1720500.0,2505903
20211216 19:00,1721800.0,1723800.0,1680400.0,1680400.0,6241117
20211219 19:00,1660000.0,1702800.0,1660000.0,1702800.0,1803908
20211220 19:00,1706900.0,1709300.0,1677600.0,1678800.0,1506157
20211221 19:00,1680800.0,1702500.0,1667400.0,1695300.0,1692670
20211222 19:00,1702200.0,1706300.0,1692600.0,1692600.0,1309494
20211226 19:00,1694900.0,1719199.0,1694900.0,1712300.0,1246752
20211227 19:00,1714700.0,1727900.0,1712000.0,1725700.0,976661
20211228 19:00,1725100.0,1734700.0,1718600.0,1729700.0,1022151
20211229 19:00,1737000.0,1737800.0,1722300.0,1722300.0,816083
20211230 19:00,1726699.0,1740500.0,1718899.0,1738100.0,1628352
20220102 19:00,1738600.0,1745000.0,1705700.0,1729400.0,2430223
20220103 19:00,1734700.0,1744500.0,1719100.0,1732300.0,2480727
20220104 19:00,1732600.0,1753300.0,1730000.0,1742200.0,3231111
20220105 19:00,1740000.0,1756300.0,1730000.0,1744600.0,2072960
20220106 19:00,1737600.0,1747200.0,1725900.0,1738600.0,2364531
20220109 19:00,1747300.0,1758300.0,1735100.0,1741699.0,2678275
20220110 19:00,1740800.0,1747800.0,1716300.0,1738100.0,2648312
20220111 19:00,1742400.0,1748700.0,1729500.0,1739000.0,1946227
20220112 19:00,1739000.0,1746900.0,1732300.0,1738100.0,2204883
20220113 19:00,1742500.0,1759900.0,1734100.0,1759900.0,1900837
20220117 19:00,1744800.0,1751200.0,1728200.0,1742000.0,2600351
20220118 19:00,1739400.0,1759600.0,1735500.0,1755600.0,2754387
20220119 19:00,1752000.0,1768800.0,1738400.0,1741800.0,2355985
20220120 19:00,1748700.0,1772500.0,1738500.0,1742200.0,3486139
20220123 19:00,1744100.0,1764900.0,1689600.0,1732300.0,3886405
20220124 19:00,1717500.0,1730000.0,1697400.0,1713200.0,2837588
20220125 19:00,1735500.0,1735500.0,1664500.0,1695300.0,3402790
20220126 19:00,1699700.0,1732800.0,1688000.0,1695000.0,2788184
20220127 19:00,1695500.0,1728000.0,1670100.0,1726600.0,2813619
20220130 19:00,1726399.0,1741399.0,1700600.0,1726900.0,3110266
20220131 19:00,1735800.0,1739700.0,1695500.0,1712600.0,2149544
20220201 19:00,1723400.0,1759600.0,1721399.0,1757500.0,2472430
20220202 19:00,1760100.0,1769800.0,1738300.0,1752000.0,2310288
20220203 19:00,1747300.0,1749000.0,1711800.0,1724700.0,2256344
20220206 19:00,1729600.0,1731500.0,1712100.0,1719000.0,2067093
20220207 19:00,1718200.0,1729700.0,1703000.0,1724700.0,1720552
20220208 19:00,1724500.0,1730000.0,1710100.0,1728800.0,2492196
20220209 19:00,1726800.0,1750100.0,1672500.0,1683000.0,2876304
20220210 19:00,1685800.0,1702900.0,1674500.0,1687500.0,2772480
20220213 19:00,1682000.0,1697900.0,1650900.0,1670000.0,3473765
20220214 19:00,1691900.0,1691900.0,1652700.0,1655100.0,2075705
20220215 19:00,1660000.0,1672000.0,1645300.0,1660200.0,1996632
20220216 19:00,1659800.0,1679700.0,1650100.0,1669500.0,2122245
20220217 19:00,1674600.0,1682900.0,1660000.0,1677300.0,2507953
20220221 19:00,1667800.0,1696000.0,1655200.0,1687600.0,2960709
20220222 19:00,1691399.0,1699500.0,1662800.0,1668899.0,2139910
20220223 19:00,1645400.0,1667600.0,1602900.0,1632500.0,4191901
20220224 19:00,1620000.0,1685800.0,1620000.0,1681100.0,2259252
20220227 19:00,1666600.0,1676000.0,1614100.0,1637000.0,3730689
20220228 19:00,1647400.0,1647500.0,1613100.0,1623800.0,2468168
20220301 19:00,1627800.0,1658300.0,1624000.0,1643600.0,2597448
20220302 19:00,1637300.0,1652200.0,1628200.0,1636900.0,2302135
20220303 19:00,1607400.0,1665000.0,1602600.0,1655900.0,2779665
20220306 19:00,1640000.0,1656699.0,1618000.0,1620000.0,2870956
20220307 19:00,1624500.0,1639500.0,1570000.0,1577300.0,2480964
20220308 19:00,1610000.0,1619800.0,1564000.0,1566000.0,3052914
20220309 19:00,1567800.0,1567800.0,1533500.0,1550000.0,2186135
20220310 19:00,1550000.0,1568700.0,1533200.0,1539800.0,2041389
20220313 20:00,1537400.0,1577900.0,1537400.0,1564199.0,2507553
20220314 20:00,1538200.0,1595000.0,1533800.0,1590000.0,2231896
20220315 20:00,1620000.0,1620000.0,1570400.0,1602000.0,2669447
20220316 20:00,1597000.0,1616200.0,1593400.0,1601000.0,1579312
20220317 20:00,1609400.0,1632000.0,1595200.0,1630000.0,6347412
20220320 20:00,1633200.0,1638100.0,1610700.0,1625300.0,2142856
20220321 20:00,1629000.0,1647500.0,1621900.0,1640000.0,2395164
20220322 20:00,1648300.0,1652700.0,1626250.0,1635500.0,1938876
20220323 20:00,1642500.0,1649800.0,1632700.0,1649800.0,1382408
20220324 20:00,1644700.0,1659000.0,1638300.0,1651000.0,1861080
20220327 20:00,1651000.0,1659600.0,1637300.0,1650500.0,1569265
20220328 20:00,1658000.0,1686100.0,1653600.0,1672700.0,1833802
20220329 20:00,1675300.0,1684800.0,1661200.0,1679600.0,1976137
20220330 20:00,1681100.0,1700000.0,1663899.0,1684800.0,3223025
20220331 20:00,1670300.0,1699199.0,1670300.0,1697000.0,1562719
20220403 20:00,1697600.0,1706600.0,1674500.0,1690100.0,1660426
20220404 20:00,1693200.0,1713800.0,1680000.0,1695100.0,1648074
20220405 20:00,1699500.0,1727400.0,1680200.0,1720200.0,1995248
20220406 20:00,1723400.0,1735000.0,1707800.0,1723100.0,2235648
20220407 20:00,1727400.0,1736900.0,1715700.0,1730300.0,1935445
20220410 20:00,1731300.0,1749700.0,1720600.0,1724100.0,1774077
20220411 20:00,1726000.0,1746500.0,1718200.0,1737000.0,1431609
20220412 20:00,1733000.0,1739100.0,1717300.0,1731000.0,1710684
20220413 20:00,1731200.0,1745100.0,1717100.0,1718000.0,2460743
20220417 20:00,1720000.0,1723100.0,1699600.0,1710100.0,1463836
20220418 20:00,1701399.0,1731699.0,1693300.0,1721800.0,1710378
20220419 20:00,1728600.0,1763600.0,1725400.0,1763600.0,1846199
20220420 20:00,1763600.0,1772300.0,1745000.0,1748899.0,1655124
20220421 20:00,1748899.0,1752600.0,1711100.0,1717200.0,2734951
20220424 20:00,1712600.0,1739700.0,1698600.0,1736500.0,3058382
20220425 20:00,1725700.0,1759900.0,1714000.0,1721800.0,3118387
20220426 20:00,1740000.0,1767100.0,1724300.0,1753899.0,2419491
20220427 20:00,1751900.0,1785100.0,1737500.0,1780400.0,2381794
20220428 20:00,1788000.0,1788100.0,1709500.0,1718000.0,3345713
20220501 20:00,1720800.0,1735100.0,1652700.0,1680000.0,3096360
20220502 20:00,1689000.0,1693000.0,1665400.0,1680000.0,2714647
20220503 20:00,1680000.0,1741200.0,1676600.0,1718000.0,2889002
20220504 20:00,1726800.0,1737000.0,1690700.0,1704300.0,3718345
20220505 20:00,1701000.0,1710000.0,1687200.0,1702900.0,2617301
20220508 20:00,1689199.0,1729500.0,1671900.0,1725700.0,3258972
20220509 20:00,1719600.0,1745400.0,1707700.0,1717500.0,2971008
20220510 20:00,1713400.0,1737600.0,1682500.0,1706600.0,2492049
20220511 20:00,1703400.0,1720000.0,1680200.0,1697100.0,2479297
20220512 20:00,1700400.0,1741399.0,1694300.0,1737300.0,2261499
20220515 20:00,1732400.0,1763100.0,1726500.0,1755000.0,2145400
20220516 20:00,1772000.0,1776300.0,1725700.0,1745200.0,2271396
20220517 20:00,1748000.0,1750000.0,1621100.0,1648500.0,3635103
20220518 20:00,1647100.0,1647100.0,1596800.0,1617000.0,2674262
20220519 20:00,1646900.0,1646900.0,1596300.0,1624500.0,2344951
20220522 20:00,1631200.0,1669600.0,1619900.0,1656000.0,2304892
20220523 20:00,1640200.0,1683100.0,1640200.0,1683100.0,2537851
20220524 20:00,1684199.0,1694900.0,1666000.0,1692300.0,2779985
20220525 20:00,1702900.0,1711100.0,1682000.0,1699400.0,2650354
20220526 20:00,1703000.0,1721900.0,1701500.0,1721900.0,3413116
20220530 20:00,1717700.0,1723400.0,1653700.0,1680000.0,5982424
20220531 20:00,1683200.0,1685700.0,1638200.0,1666500.0,2282999
20220601 20:00,1667100.0,1669000.0,1626300.0,1664100.0,2349007
20220602 20:00,1657600.0,1666000.0,1643200.0,1647300.0,2104142
20220605 20:00,1655800.0,1676300.0,1646399.0,1650000.0,1467321
20220606 20:00,1655400.0,1668600.0,1642300.0,1664000.0,1722763
20220607 20:00,1664700.0,1668100.0,1651100.0,1663700.0,1432128
20220608 20:00,1657100.0,1669400.0,1624500.0,1634600.0,1851531
20220609 20:00,1626500.0,1642700.0,1595000.0,1630000.0,2589417
20220612 20:00,1601699.0,1628700.0,1586600.0,1605500.0,3145038
20220613 20:00,1608500.0,1629400.0,1548600.0,1569900.0,2453708
20220614 20:00,1570000.0,1598400.0,1559000.0,1589300.0,2804012
20220615 20:00,1560700.0,1584600.0,1551100.0,1575000.0,3184493
20220616 20:00,1571500.0,1589900.0,1561500.0,1573600.0,6386178
20220620 20:00,1583200.0,1611200.0,1573500.0,1609199.0,2162816
20220621 20:00,1590000.0,1630000.0,1587100.0,1609199.0,2093433
20220622 20:00,1602000.0,1651399.0,1601500.0,1635000.0,2218717
20220623 20:00,1635200.0,1661900.0,1632800.0,1655400.0,2936237
20220626 20:00,1659000.0,1671300.0,1653800.0,1669900.0,1944331
20220627 20:00,1671100.0,1684600.0,1633700.0,1648300.0,1946524
20220628 20:00,1644000.0,1675600.0,1642500.0,1674400.0,1630522
20220629 20:00,1659800.0,1675900.0,1652900.0,1666600.0,3098339
20220630 20:00,1664400.0,1697500.0,1655700.0,1683500.0,1941909
20220704 20:00,1690000.0,1694500.0,1653200.0,1681100.0,2248886
20220705 20:00,1681900.0,1719500.0,1678500.0,1707000.0,1810231
20220706 20:00,1707900.0,1710500.0,1689900.0,1703000.0,2446883
20220707 20:00,1704100.0,1727000.0,1700000.0,1718800.0,1730409
20220710 20:00,1721800.0,1728200.0,1700200.0,1701500.0,2160707
20220711 20:00,1700200.0,1734600.0,1674900.0,1695100.0,2028345
20220712 20:00,1706500.0,1714600.0,1666600.0,1690500.0,2216887
20220713 20:00,1694900.0,1714900.0,1676800.0,1714900.0,1841534
20220714 20:00,1709800.0,1729300.0,1700100.0,1713899.0,2301971
20220717 20:00,1714800.0,1720800.0,1678600.0,1686500.0,1503879
20220718 20:00,1687900.0,1708100.0,1686100.0,1706600.0,2014801
20220719 20:00,1700700.0,1706200.0,1674600.0,1681000.0,1636242
20220720 20:00,1682400.0,1699700.0,1673800.0,1685100.0,1434559
20220721 20:00,1688100.0,1705700.0,1683300.0,1697900.0,1623244
20220724 20:00,1691399.0,1708700.0,1689000.0,1696100.0,1581103
20220725 20:00,1685500.0,1725000.0,1683400.0,1725000.0,1768976
20220726 20:00,1724900.0,1725000.0,1690600.0,1714500.0,2363809
20220727 20:00,1715900.0,1751500.0,1710800.0,1748700.0,1433999
20220728 20:00,1745300.0,1754800.0,1734000.0,1749600.0,2421049
20220731 20:00,1750000.0,1776900.0,1738400.0,1773500.0,2032471
20220801 20:00,1760000.0,1771900.0,1752300.0,1755000.0,1893441
20220802 20:00,1751900.0,1770600.0,1742400.0,1768200.0,2239348
20220803 20:00,1766399.0,1770400.0,1745700.0,1755100.0,1948228
20220804 20:00,1762400.0,1762400.0,1723800.0,1744700.0,1579427
20220807 20:00,1745300.0,1762100.0,1733000.0,1738500.0,1256739
20220808 20:00,1740000.0,1752300.0,1737600.0,1740000.0,1698830
20220809 20:00,1753899.0,1764300.0,1740000.0,1756399.0,2051967
20220810 20:00,1751800.0,1771200.0,1747000.0,1754700.0,1314815
20220811 20:00,1750100.0,1774000.0,1750000.0,1772500.0,2175439
20220814 20:00,1774400.0,1793600.0,1766500.0,1790500.0,1355106
20220815 20:00,1792800.0,1807400.0,1784600.0,1807400.0,1544443
20220816 20:00,1803400.0,1810700.0,1795100.0,1804199.0,1412536
20220817 20:00,1802200.0,1809600.0,1799600.0,1808100.0,1532511
20220818 20:00,1800000.0,1810200.0,1791300.0,1801000.0,2113909
20220821 20:00,1797200.0,1808200.0,1778000.0,1784600.0,1695219
20220822 20:00,1786000.0,1790000.0,1772500.0,1785800.0,1260291
20220823 20:00,1776100.0,1798300.0,1776100.0,1795000.0,1187923
20220824 20:00,1796800.0,1799900.0,1773899.0,1791900.0,1556115
20220825 20:00,1794600.0,1800600.0,1744000.0,1744000.0,3216100
20220828 20:00,1745800.0,1753000.0,1732100.0,1747500.0,1573952
20220829 20:00,1748000.0,1756300.0,1723400.0,1729000.0,1642796
20220830 20:00,1734199.0,1749800.0,1710300.0,1710300.0,2772504
20220831 20:00,1709600.0,1730000.0,1700000.0,1730000.0,2335289
20220901 20:00,1728400.0,1749700.0,1698899.0,1707500.0,2438029
20220905 20:00,1709600.0,1725800.0,1687400.0,1695000.0,2520541
20220906 20:00,1697000.0,1737800.0,1689000.0,1732500.0,2204878
20220907 20:00,1735700.0,1739500.0,1705600.0,1726900.0,1823444
20220908 20:00,1736100.0,1745500.0,1716800.0,1731699.0,1623147
20220911 20:00,1729000.0,1751100.0,1723200.0,1741500.0,2484181
20220912 20:00,1733100.0,1751200.0,1669500.0,1675000.0,3741580
20220913 20:00,1677400.0,1692500.0,1674000.0,1692500.0,2429580
20220914 20:00,1694000.0,1694000.0,1651200.0,1651200.0,2285882
20220915 20:00,1650500.0,1673400.0,1647300.0,1672500.0,8503220
20220918 20:00,1662800.0,1690500.0,1659100.0,1687400.0,1663065
20220919 20:00,1693000.0,1693000.0,1668700.0,1690000.0,1679646
20220920 20:00,1681699.0,1720300.0,1680000.0,1680000.0,2163683
20220921 20:00,1706500.0,1707900.0,1674100.0,1687700.0,1818358
20220922 20:00,1687000.0,1688800.0,1665300.0,1688500.0,2244515
20220925 20:00,1673800.0,1700200.0,1670100.0,1685400.0,2515609
20220926 20:00,1688000.0,1701100.0,1652500.0,1658600.0,2359572
20220927 20:00,1650500.0,1696000.0,1650000.0,1686800.0,2568441
20220928 20:00,1684300.0,1691800.0,1650000.0,1671000.0,2207034
20220929 20:00,1682000.0,1683600.0,1630500.0,1632700.0,3169835
20221002 20:00,1632700.0,1657500.0,1630200.0,1657500.0,2512157
20221003 20:00,1674199.0,1687400.0,1655700.0,1665100.0,2028813
20221004 20:00,1671200.0,1671300.0,1637000.0,1660000.0,1519268
20221005 20:00,1647000.0,1665600.0,1623000.0,1630000.0,2094433
20221006 20:00,1638300.0,1641800.0,1609900.0,1614300.0,2219103
20221009 20:00,1625400.0,1630400.0,1610200.0,1627500.0,1806998
20221010 20:00,1615100.0,1643000.0,1609400.0,1622100.0,2177080
20221011 20:00,1639800.0,1706900.0,1620000.0,1697800.0,3559651
20221012 20:00,1694000.0,1750000.0,1668000.0,1742300.0,3330465
20221013 20:00,1743000.0,1762500.0,1699900.0,1701100.0,2630471
20221016 20:00,1707100.0,1736000.0,1707000.0,1733899.0,2544420
20221017 20:00,1744600.0,1769100.0,1733500.0,1751699.0,1982824
20221018 20:00,1750000.0,1758200.0,1723300.0,1733600.0,2436983
20221019 20:00,1733600.0,1748000.0,1707500.0,1707500.0,1998307
20221020 20:00,1716500.0,1736900.0,1699600.0,1732500.0,2596429
20221023 20:00,1732900.0,1779800.0,1717300.0,1775000.0,2009721
20221024 20:00,1770000.0,1793200.0,1760000.0,1787600.0,2054533
20221025 20:00,1776000.0,1810000.0,1774600.0,1810000.0,2445686
20221026 20:00,1793400.0,1809400.0,1785800.0,1789800.0,2422986
20221027 20:00,1788000.0,1829300.0,1784000.0,1827500.0,2927411
20221030 20:00,1820000.0,1829800.0,1805500.0,1815600.0,2494404
20221031 20:00,1815000.0,1832000.0,1798800.0,1802300.0,1508673
20221101 20:00,1817700.0,1835900.0,1772700.0,1781399.0,2280758
20221102 20:00,1787300.0,1788899.0,1760000.0,1777700.0,1681074
20221103 20:00,1773100.0,1797900.0,1765300.0,1789500.0,1891914
20221106 19:00,1799500.0,1806500.0,1788400.0,1804300.0,1511661
20221107 19:00,1808600.0,1821000.0,1788000.0,1813500.0,1428591
20221108 19:00,1807100.0,1813600.0,1784500.0,1790000.0,2708995
20221109 19:00,1794400.0,1844600.0,1780100.0,1817000.0,3262678
20221110 19:00,1824100.0,1834000.0,1754500.0,1778600.0,2800859
20221113 19:00,1781300.0,1791900.0,1765100.0,1776100.0,2061072
20221114 19:00,1767000.0,1786900.0,1753899.0,1771900.0,2309901
20221115 19:00,1756000.0,1796300.0,1756000.0,1783300.0,2131357
20221116 19:00,1790100.0,1806300.0,1770000.0,1801100.0,1840134
20221117 19:00,1797900.0,1818400.0,1797800.0,1818000.0,2139630
20221120 19:00,1813600.0,1851300.0,1807100.0,1850000.0,1809793
20221121 19:00,1849900.0,1865700.0,1842000.0,1848300.0,1570241
20221122 19:00,1855000.0,1860600.0,1844900.0,1852800.0,1143431
20221124 19:00,1847400.0,1866300.0,1837000.0,1841200.0,765644
20221127 19:00,1839400.0,1855100.0,1835100.0,1842100.0,2450625
20221128 19:00,1839900.0,1839900.0,1810100.0,1825900.0,1631900
20221129 19:00,1828899.0,1860000.0,1802100.0,1855000.0,4172033
20221130 19:00,1835800.0,1863300.0,1835800.0,1852900.0,1917311
20221201 19:00,1852200.0,1864199.0,1825100.0,1850000.0,1951811
20221204 19:00,1857200.0,1859300.0,1821300.0,1829100.0,1715265
20221205 19:00,1843000.0,1844000.0,1807000.0,1816200.0,1903152
20221206 19:00,1816399.0,1833899.0,1806900.0,1830300.0,1816576
20221207 19:00,1821600.0,1839800.0,1812700.0,1837800.0,1842186
20221208 19:00,1840100.0,1847200.0,1828000.0,1831500.0,1600018
20221211 19:00,1830000.0,1843100.0,1823500.0,1830100.0,2076403
20221212 19:00,1835000.0,1907000.0,1829400.0,1838700.0,2475180
20221213 19:00,1840400.0,1858800.0,1821600.0,1845000.0,2134636
20221214 19:00,1830200.0,1832100.0,1783899.0,1795000.0,3315274
20221215 19:00,1796000.0,1810000.0,1784800.0,1800100.0,9297027
20221218 19:00,1819000.0,1834700.0,1803600.0,1810300.0,1991200
20221219 19:00,1813400.0,1824000.0,1804000.0,1820900.0,1681485
20221220 19:00,1822000.0,1836800.0,1814700.0,1823600.0,1672104
20221221 19:00,1820000.0,1830200.0,1789199.0,1807200.0,1890984
20221222 19:00,1807900.0,1825500.0,1804800.0,1822700.0,1077943
20221226 19:00,1819400.0,1836100.0,1819300.0,1831200.0,1504429
20221227 19:00,1829900.0,1846900.0,1816300.0,1817700.0,1277133
20221228 19:00,1818200.0,1828500.0,1814700.0,1817900.0,1319602
20221229 19:00,1819900.0,1824600.0,1792800.0,1806500.0,1779087
20230102 19:00,1812000.0,1824300.0,1765600.0,1794100.0,2430991
20230103 19:00,1799000.0,1815500.0,1775500.0,1786100.0,1912590
20230104 19:00,1799000.0,1799000.0,1768600.0,1773800.0,1684367
20230105 19:00,1778800.0,1818300.0,1771300.0,1809199.0,1974892
20230108 19:00,1809300.0,1827800.0,1788200.0,1795800.0,1429044
20230109 19:00,1798800.0,1800100.0,1770800.0,1775200.0,1477363
20230110 19:00,1779400.0,1799500.0,1756800.0,1780000.0,1977515
20230111 19:00,1778000.0,1794000.0,1753300.0,1757400.0,1749495
20230112 19:00,1763700.0,1765800.0,1741699.0,1754300.0,1704711
20230116 19:00,1753500.0,1775600.0,1753500.0,1758000.0,2148775
20230117 19:00,1758000.0,1767500.0,1713200.0,1718800.0,1895613
20230118 19:00,1718800.0,1721800.0,1694800.0,1698000.0,1945889
20230119 19:00,1704199.0,1704600.0,1674400.0,1699900.0,2676306
20230122 19:00,1703000.0,1707500.0,1687200.0,1692700.0,2224824
20230123 19:00,1695300.0,1708700.0,1684600.0,1706600.0,1599081
20230124 19:00,1706900.0,1720000.0,1693400.0,1719000.0,1676420
20230125 19:00,1728000.0,1728000.0,1700000.0,1700000.0,1898004
20230126 19:00,1704900.0,1711000.0,1685900.0,1695700.0,1782994
20230129 19:00,1696399.0,1714700.0,1686000.0,1699800.0,2264846
20230130 19:00,1695400.0,1711900.0,1693300.0,1708000.0,2255174
20230131 19:00,1697000.0,1723200.0,1695200.0,1706000.0,1930803
20230201 19:00,1706000.0,1709500.0,1685300.0,1700000.0,2532271
20230202 19:00,1700000.0,1715300.0,1670600.0,1691100.0,2017244
20230205 19:00,1691000.0,1725000.0,1684100.0,1719500.0,2340505
20230206 19:00,1719500.0,1724600.0,1692600.0,1712500.0,2458633
20230207 19:00,1715200.0,1719900.0,1702400.0,1718500.0,2189020
20230208 19:00,1724000.0,1764900.0,1712000.0,1729000.0,3733054
20230209 19:00,1728500.0,1765900.0,1724800.0,1763899.0,2381812
20230212 19:00,1762200.0,1782300.0,1757000.0,1777800.0,2404974
20230213 19:00,1777700.0,1783800.0,1747900.0,1756900.0,2165537
20230214 19:00,1758600.0,1762000.0,1745900.0,1759199.0,1666692
20230215 19:00,1760400.0,1769000.0,1743000.0,1750000.0,1915403
20230216 19:00,1750000.0,1765400.0,1742000.0,1757800.0,1724167
20230220 19:00,1760100.0,1774199.0,1746900.0,1767900.0,2605837
20230221 19:00,1752100.0,1774199.0,1742900.0,1761200.0,1652708
20230222 19:00,1764900.0,1769800.0,1749900.0,1763100.0,1592846
20230223 19:00,1764199.0,1764300.0,1742900.0,1757700.0,1456907
20230226 19:00,1762400.0,1773000.0,1756500.0,1759100.0,1594094
20230227 19:00,1761699.0,1765000.0,1732000.0,1735700.0,1875345
20230228 19:00,1739800.0,1744800.0,1691300.0,1713400.0,1923579
20230301 19:00,1702400.0,1737700.0,1697000.0,1731900.0,1881251
20230302 19:00,1726100.0,1734900.0,1713300.0,1733500.0,1569817
20230305 19:00,1733400.0,1739400.0,1721699.0,1735100.0,1587075
20230306 19:00,1739300.0,1742500.0,1718700.0,1728000.0,1779699
20230307 19:00,1727200.0,1735800.0,1717800.0,1731100.0,1026423
20230308 19:00,1734199.0,1744000.0,1712000.0,1714400.0,1726956
20230309 19:00,1716300.0,1742400.0,1702200.0,1721000.0,1741226
20230312 20:00,1737500.0,1772500.0,1720200.0,1746300.0,2514069
20230313 20:00,1741399.0,1748100.0,1716000.0,1737500.0,2801433
20230314 20:00,1733700.0,1767700.0,1718000.0,1763200.0,3010698
20230315 20:00,1756200.0,1770000.0,1749000.0,1752500.0,2088789
20230316 20:00,1763000.0,1771000.0,1742300.0,1756800.0,4917549
20230319 20:00,1740200.0,1776900.0,1740200.0,1774800.0,1907327
20230320 20:00,1775900.0,1782500.0,1762800.0,1777100.0,1952046
20230321 20:00,1766399.0,1793899.0,1764199.0,1768800.0,2186688
20230322 20:00,1768500.0,1776200.0,1749199.0,1761500.0,2388132
20230323 20:00,1758700.0,1795000.0,1746500.0,1791100.0,1724246
20230326 20:00,1792700.0,1806500.0,1789600.0,1795000.0,1440577
20230327 20:00,1802200.0,1804600.0,1791699.0,1794300.0,1228337
20230328 20:00,1801900.0,1810900.0,1792300.0,1809000.0,2290545
20230329 20:00,1803700.0,1813300.0,1800700.0,1808600.0,1083931
20230330 20:00,1810000.0,1825000.0,1808400.0,1823800.0,2376684
20230402 20:00,1821800.0,1829800.0,1803800.0,1827700.0,1718380
20230403 20:00,1828600.0,1833600.0,1811000.0,1822600.0,1507682
20230404 20:00,1819199.0,1849500.0,1818000.0,1836300.0,1829001
20230405 20:00,1836399.0,1847600.0,1831000.0,1843400.0,1458828
20230409 20:00,1842800.0,1845000.0,1816800.0,1832200.0,1102608
20230410 20:00,1826200.0,1838700.0,1826200.0,1836000.0,1261757
20230411 20:00,1835100.0,1839500.0,1822000.0,1825600.0,1632995
20230412 20:00,1824000.0,1846100.0,1820000.0,1844800.0,2185477
20230413 20:00,1843800.0,1845000.0,1829199.0,1838000.0,1249810
20230416 20:00,1842800.0,1847900.0,1834800.0,1846300.0,1280318
20230417 20:00,1844600.0,1852200.0,1837400.0,1849900.0,1117649
20230418 20:00,1845900.0,1854000.0,1842200.0,1846600.0,990100
20230419 20:00,1847200.0,1860400.0,1841800.0,1853300.0,1687177
20230420 20:00,1855500.0,1863800.0,1849700.0,1854500.0,1523506
20230423 20:00,1854000.0,1867900.0,1848500.0,1867500.0,1478484
20230424 20:00,1861500.0,1901800.0,1858000.0,1892500.0,2370093
20230425 20:00,1892800.0,1894400.0,1878700.0,1880500.0,2205063
20230426 20:00,1878400.0,1900000.0,1875000.0,1899900.0,1977098
20230427 20:00,1900500.0,1916300.0,1896900.0,1909000.0,2193726
20230430 20:00,1910000.0,1923250.0,1900500.0,1919900.0,1318750
20230501 20:00,1920000.0,1926000.0,1897500.0,1926000.0,1611558
20230502 20:00,1925000.0,1932500.0,1918100.0,1922500.0,1388239
20230503 20:00,1921800.0,1939500.0,1921100.0,1933600.0,1667324
20230504 20:00,1932300.0,1944900.0,1924000.0,1942700.0,1475218
20230507 20:00,1945000.0,1946000.0,1919100.0,1932800.0,1032494
20230508 20:00,1935000.0,1946699.0,1927100.0,1940000.0,1293490
20230509 20:00,1941200.0,1955900.0,1926699.0,1940500.0,1537206
20230510 20:00,1943000.0,1955200.0,1930000.0,1952800.0,1572541
20230511 20:00,1955800.0,1962200.0,1949500.0,1961000.0,1350898
20230514 20:00,1964000.0,1969600.0,1940000.0,1942700.0,1257404
20230515 20:00,1943100.0,1946600.0,1925700.0,1933500.0,1076812
20230516 20:00,1937500.0,1940000.0,1908500.0,1923200.0,1819957
20230517 20:00,1921000.0,1924900.0,1904199.0,1919800.0,1615693
20230518 20:00,1919300.0,1929000.0,1911000.0,1916699.0,1547910
20230521 20:00,1920000.0,1924900.0,1864100.0,1870500.0,2113449
20230522 20:00,1870900.0,1874500.0,1846000.0,1862200.0,2327600
20230523 20:00,1860700.0,1867400.0,1827000.0,1832500.0,1465127
20230524 20:00,1839900.0,1844400.0,1819500.0,1838300.0,1954147
20230525 20:00,1835800.0,1845500.0,1823800.0,1837400.0,2364513
20230529 20:00,1843000.0,1844100.0,1807000.0,1817700.0,1779220
20230530 20:00,1820300.0,1846200.0,1810500.0,1823600.0,10626833
20230531 20:00,1820000.0,1827000.0,1808000.0,1823500.0,2134473
20230601 20:00,1826900.0,1842949.0,1811699.0,1837700.0,2020878
20230604 20:00,1846699.0,1861699.0,1836200.0,1845900.0,1400097
20230605 20:00,1844600.0,1851200.0,1804300.0,1817000.0,1759720
20230606 20:00,1819400.0,1824000.0,1796900.0,1800000.0,2093026
20230607 20:00,1807800.0,1828800.0,1793300.0,1814000.0,1603206
20230608 20:00,1824900.0,1828300.0,1809900.0,1823300.0,1369451
20230611 20:00,1833100.0,1833600.0,1807000.0,1821000.0,1926188
20230612 20:00,1820100.0,1823200.0,1810900.0,1815400.0,1218336
20230613 20:00,1820500.0,1836500.0,1814300.0,1831500.0,1504533
20230614 20:00,1837000.0,1861800.0,1830200.0,1857100.0,1815161
20230615 20:00,1859900.0,1875800.0,1851100.0,1861300.0,5398400
20230619 20:00,1869900.0,1878600.0,1850100.0,1853100.0,1716626
20230620 20:00,1857400.0,1868800.0,1841800.0,1856800.0,1855917
20230621 20:00,1854300.0,1878000.0,1854000.0,1878000.0,1293729
20230622 20:00,1873500.0,1888899.0,1857500.0,1858899.0,3054774
20230625 20:00,1861699.0,1864500.0,1841200.0,1851000.0,1591552
20230626 20:00,1850200.0,1873700.0,1839700.0,1869400.0,2438651
20230627 20:00,1862200.0,1870100.0,1833800.0,1841900.0,2123710
20230628 20:00,1832400.0,1842300.0,1813300.0,1842000.0,1960561
20230629 20:00,1832000.0,1857500.0,1830200.0,1857500.0,2967102
20230702 20:00,1858700.0,1862500.0,1834600.0,1857300.0,1120968
20230704 20:00,1858400.0,1867100.0,1849400.0,1865900.0,2024435
20230705 20:00,1868000.0,1868000.0,1848600.0,1866000.0,2494149
20230706 20:00,1865900.0,1869400.0,1830300.0,1835400.0,2730692
20230709 20:00,1832600.0,1859000.0,1832600.0,1843000.0,2099388
20230710 20:00,1844800.0,1848700.0,1824150.0,1840300.0,1608477
20230711 20:00,1841800.0,1850000.0,1829700.0,1841000.0,2842962
20230712 20:00,1840000.0,1888000.0,1832700.0,1875200.0,3160630
20230713 20:00,1873800.0,1886300.0,1865200.0,1880000.0,1659465
20230716 20:00,1869800.0,1870100.0,1853000.0,1853000.0,1999564
20230717 20:00,1855000.0,1868200.0,1838000.0,1844500.0,2552174
20230718 20:00,1849000.0,1867200.0,1844100.0,1861699.0,1996359
20230719 20:00,1865900.0,1899900.0,1860400.0,1896500.0,2137017
20230720 20:00,1895000.0,1914700.0,1893100.0,1902600.0,10231521
20230723 20:00,1902200.0,1914300.0,1898200.0,1905700.0,1695400
20230724 20:00,1910500.0,1920200.0,1900600.0,1913000.0,1569933
20230725 20:00,1920400.0,1926399.0,1900800.0,1912500.0,1810756
20230726 20:00,1920000.0,1925300.0,1884000.0,1886900.0,1907837
20230727 20:00,1889700.0,1913800.0,1888700.0,1903100.0,2812067
20230730 20:00,1910400.0,1910400.0,1868400.0,1875000.0,2866526
20230731 20:00,1878200.0,1886000.0,1863899.0,1863899.0,1292393
20230801 20:00,1868100.0,1899600.0,1859199.0,1883000.0,2113236
20230802 20:00,1883100.0,1891600.0,1861500.0,1868500.0,1365137
20230803 20:00,1874900.0,1880000.0,1843500.0,1846500.0,1932861
20230806 20:00,1854900.0,1872200.0,1847400.0,1869800.0,1205993
20230807 20:00,1869800.0,1874700.0,1840300.0,1847400.0,1918690
20230808 20:00,1852000.0,1852000.0,1825800.0,1840300.0,2147668
20230809 20:00,1845700.0,1855900.0,1835300.0,1836300.0,1266796
20230810 20:00,1839400.0,1843700.0,1832800.0,1839199.0,1177067
20230813 20:00,1840400.0,1848600.0,1831100.0,1836200.0,1665145
20230814 20:00,1838300.0,1838300.0,1810900.0,1816000.0,1680389
20230815 20:00,1818700.0,1829500.0,1807000.0,1811000.0,1169791
20230816 20:00,1815000.0,1819800.0,1780000.0,1785000.0,1925875
20230817 20:00,1790000.0,1795400.0,1772700.0,1780400.0,2782040
20230820 20:00,1785700.0,1786000.0,1762300.0,1770400.0,1941619
20230821 20:00,1775800.0,1776200.0,1753000.0,1758500.0,1433960
20230822 20:00,1757800.0,1782800.0,1757800.0,1772600.0,1888461
20230823 20:00,1777800.0,1804400.0,1771000.0,1771100.0,2276534
20230824 20:00,1776100.0,1797100.0,1774300.0,1794199.0,2229050
20230827 20:00,1798600.0,1812000.0,1793600.0,1805500.0,1731167
20230828 20:00,1805200.0,1812300.0,1790100.0,1809900.0,2036065
20230829 20:00,1810100.0,1822300.0,1807200.0,1812000.0,1506004
20230830 20:00,1804500.0,1804500.0,1778500.0,1781100.0,2404448
20230831 20:00,1785500.0,1793400.0,1746300.0,1751300.0,1915257
20230904 20:00,1753200.0,1758800.0,1736500.0,1742800.0,2423255
20230905 20:00,1745900.0,1750000.0,1734600.0,1741500.0,2615346
20230906 20:00,1747500.0,1770500.0,1747400.0,1760000.0,2095642
20230907 20:00,1765400.0,1771500.0,1756200.0,1762700.0,1492248
20230910 20:00,1764100.0,1794400.0,1756100.0,1789800.0,1956638
20230911 20:00,1784600.0,1790100.0,1778000.0,1780000.0,1580825
20230912 20:00,1780000.0,1801500.0,1777500.0,1798000.0,1688040
20230913 20:00,1800800.0,1817700.0,1791200.0,1812600.0,2034907
20230914 20:00,1812300.0,1820000.0,1795700.0,1797700.0,7713168
20230917 20:00,1798400.0,1810000.0,1784400.0,1795600.0,1411934
20230918 20:00,1796300.0,1796600.0,1773000.0,1781300.0,1536474
20230919 20:00,1790700.0,1794100.0,1775600.0,1783000.0,1774369
20230920 20:00,1781500.0,1789900.0,1751300.0,1752500.0,2360214
20230921 20:00,1755100.0,1763899.0,1743500.0,1752500.0,1887319
20230924 20:00,1756000.0,1756100.0,1731800.0,1743300.0,1441643
20230925 20:00,1743200.0,1745000.0,1716399.0,1726300.0,2249868
20230926 20:00,1730700.0,1732000.0,1690300.0,1698200.0,2415085
20230927 20:00,1708000.0,1708000.0,1681600.0,1697000.0,1958786
20230928 20:00,1697300.0,1708100.0,1680500.0,1695300.0,2580568
20231001 20:00,1695000.0,1697400.0,1673300.0,1687400.0,1548354
20231002 20:00,1694199.0,1700000.0,1670300.0,1679000.0,2039248
20231003 20:00,1677000.0,1691300.0,1670500.0,1690000.0,1788580
20231004 20:00,1690500.0,1692500.0,1596000.0,1598100.0,3735979
20231005 20:00,1604800.0,1609900.0,1558300.0,1603000.0,4238381
20231008 20:00,1603000.0,1620000.0,1586500.0,1619900.0,2786114
20231009 20:00,1622800.0,1661300.0,1616800.0,1644000.0,3416968
20231010 20:00,1645600.0,1659900.0,1616100.0,1625000.0,2693933
20231011 20:00,1631500.0,1633500.0,1574199.0,1580600.0,3066271
20231012 20:00,1583500.0,1602100.0,1577700.0,1596200.0,2517247
20231015 20:00,1600000.0,1619400.0,1598500.0,1608800.0,2167797
20231016 20:00,1610900.0,1616200.0,1591500.0,1603300.0,2214706
20231017 20:00,1601100.0,1633800.0,1600100.0,1625000.0,2386687
20231018 20:00,1619700.0,1628400.0,1602700.0,1604100.0,2309787
20231019 20:00,1605400.0,1622500.0,1597100.0,1599000.0,2502230
20231022 20:00,1603000.0,1616000.0,1583899.0,1602000.0,1864052
20231023 20:00,1603000.0,1628600.0,1597000.0,1621900.0,2043330
20231024 20:00,1620000.0,1635200.0,1614500.0,1619600.0,1873550
20231025 20:00,1621900.0,1633400.0,1612100.0,1618899.0,2585042
20231026 20:00,1617400.0,1621150.0,1588800.0,1596000.0,2295412
20231029 20:00,1604000.0,1625800.0,1601100.0,1622700.0,1825381
20231030 20:00,1622800.0,1633500.0,1616699.0,1631500.0,2564654
20231031 20:00,1629000.0,1654300.0,1625000.0,1648700.0,2714258
20231101 20:00,1656000.0,1675200.0,1640100.0,1671500.0,2348479
20231102 20:00,1670900.0,1689400.0,1666900.0,1668700.0,1561066
20231105 19:00,1669000.0,1675000.0,1648500.0,1665000.0,1797704
20231106 19:00,1665500.0,1677150.0,1660900.0,1671800.0,1669494
20231107 19:00,1671800.0,1683400.0,1666600.0,1673800.0,2141015
20231108 19:00,1674400.0,1679400.0,1658100.0,1669000.0,2016049
20231109 19:00,1660300.0,1677300.0,1648400.0,1667400.0,2264530
20231112 19:00,1671800.0,1687900.0,1664199.0,1678000.0,2023115
20231113 19:00,1677700.0,1690600.0,1668600.0,1685000.0,2561632
20231114 19:00,1684800.0,1688500.0,1662800.0,1675000.0,2310810
20231115 19:00,1677200.0,1700100.0,1663800.0,1678899.0,2117670
20231116 19:00,1677400.0,1683500.0,1657600.0,1668000.0,2186708
20231119 19:00,1667700.0,1670300.0,1657200.0,1665200.0,2106108
20231120 19:00,1669600.0,1679900.0,1659300.0,1671600.0,1503624
20231121 19:00,1679000.0,1695800.0,1678000.0,1690600.0,1306474
20231123 19:00,1694700.0,1700400.0,1680000.0,1680000.0,730114
20231126 19:00,1694300.0,1698000.0,1680900.0,1681000.0,1855938
20231127 19:00,1688200.0,1697600.0,1680000.0,1692300.0,2275308
20231128 19:00,1690900.0,1694400.0,1666500.0,1672900.0,2408406
20231129 19:00,1662900.0,1684000.0,1648200.0,1682000.0,4314486
20231130 19:00,1678700.0,1690100.0,1673700.0,1689400.0,1890539
20231203 19:00,1690700.0,1699000.0,1681800.0,1691399.0,2211028
20231204 19:00,1689000.0,1695800.0,1677100.0,1680000.0,2202926
20231205 19:00,1676500.0,1686300.0,1667100.0,1675100.0,1947124
20231206 19:00,1675100.0,1683100.0,1667000.0,1674600.0,2036617
20231207 19:00,1674800.0,1677400.0,1652700.0,1656500.0,2149309
20231210 19:00,1657600.0,1681500.0,1656800.0,1678200.0,3017913
20231211 19:00,1678400.0,1695200.0,1677200.0,1685600.0,1996914
20231212 19:00,1687400.0,1720400.0,1681399.0,1719199.0,1963026
20231213 19:00,1725700.0,1727300.0,1679400.0,1682000.0,2611187
20231214 19:00,1685200.0,1691900.0,1664300.0,1671000.0,7975062
20231217 19:00,1679500.0,1702350.0,1674100.0,1689000.0,2172113
20231218 19:00,1677900.0,1688800.0,1673400.0,1678600.0,2147672
20231219 19:00,1683000.0,1684000.0,1656699.0,1659300.0,2455093
20231220 19:00,1662300.0,1671200.0,1653800.0,1669400.0,2214722
20231221 19:00,1670000.0,1681699.0,1668600.0,1676300.0,1438550
20231225 19:00,1677000.0,1694100.0,1672200.0,1687500.0,973829
20231226 19:00,1687700.0,1698899.0,1683500.0,1697900.0,1652719
20231227 19:00,1694000.0,1697900.0,1687000.0,1695400.0,1315797
20231228 19:00,1696000.0,1700900.0,1691600.0,1698200.0,1680645
