20190101 19:00,912700.0,914000.0,899599.0,905800.0,1310660
20190102 19:00,905900.0,924500.0,903800.0,906900.0,1261830
20190103 19:00,914200.0,924900.0,903700.0,924700.0,1242022
20190106 19:00,924900.0,926200.0,914000.0,921300.0,1006886
20190107 19:00,927200.0,930500.0,918300.0,924599.0,1124603
20190108 19:00,927200.0,929800.0,905600.0,907500.0,1367815
20190109 19:00,909100.0,915300.0,906000.0,909200.0,1151503
20190110 19:00,915699.0,919800.0,911100.0,917500.0,755465
20190113 19:00,913400.0,919000.0,908500.0,910000.0,700796
20190114 19:00,914000.0,926000.0,910900.0,920000.0,942831
20190115 19:00,915400.0,921600.0,909900.0,913700.0,947055
20190116 19:00,907600.0,915500.0,903500.0,906200.0,1218131
20190117 19:00,909700.0,918400.0,908500.0,915000.0,921015
20190121 19:00,911700.0,917400.0,890900.0,903000.0,1476811
20190122 19:00,907200.0,964000.0,892500.0,949900.0,2518895
20190123 19:00,948199.0,948199.0,931900.0,941500.0,1348314
20190124 19:00,944000.0,948900.0,930699.0,935100.0,1110819
20190127 19:00,932500.0,939599.0,929800.0,935200.0,1212811
20190128 19:00,935200.0,941200.0,931100.0,934900.0,977843
20190129 19:00,935400.0,946600.0,932500.0,946600.0,989637
20190130 19:00,945000.0,969800.0,941000.0,966000.0,1353638
20190131 19:00,965699.0,976100.0,959900.0,974300.0,1657605
20190203 19:00,974100.0,982200.0,967300.0,980100.0,1384813
20190204 19:00,979700.0,980100.0,972200.0,973800.0,1007976
20190205 19:00,971500.0,983150.0,969000.0,979200.0,980962
20190206 19:00,974700.0,976000.0,963400.0,972500.0,1324976
20190207 19:00,970200.0,977500.0,967000.0,977500.0,1033106
20190210 19:00,977400.0,983900.0,970100.0,983199.0,931308
20190211 19:00,985000.0,993400.0,979500.0,992500.0,1130253
20190212 19:00,991200.0,996900.0,989000.0,991900.0,1296292
20190213 19:00,987200.0,988199.0,978450.0,984599.0,1006214
20190214 19:00,983000.0,992000.0,980500.0,984700.0,1063128
20190218 19:00,984800.0,1000600.0,980800.0,1000000.0,1006851
20190219 19:00,998199.0,1001900.0,989400.0,992900.0,938327
20190220 19:00,993000.0,998500.0,985900.0,996000.0,914935
20190221 19:00,997900.0,1004000.0,994000.0,1002500.0,909006
20190224 19:00,1003900.0,1005300.0,993400.0,995600.0,717734
20190225 19:00,993700.0,1001800.0,993700.0,998400.0,755249
20190226 19:00,994700.0,996500.0,988199.0,989200.0,702017
20190227 19:00,991800.0,992000.0,980900.0,985500.0,936160
20190228 19:00,988300.0,988300.0,978400.0,984500.0,952183
20190303 19:00,983600.0,988800.0,978900.0,988600.0,786169
20190304 19:00,988800.0,996800.0,987500.0,991000.0,680203
20190305 19:00,990900.0,991100.0,984100.0,989200.0,532071
20190306 19:00,988900.0,995900.0,982500.0,985400.0,840247
20190307 19:00,983500.0,991400.0,977600.0,984000.0,667442
20190310 20:00,983000.0,998600.0,983000.0,998600.0,995274
20190311 20:00,993700.0,1005100.0,993700.0,1001000.0,862465
20190312 20:00,1002000.0,1015900.0,998000.0,1014000.0,1241029
20190313 20:00,1012000.0,1017700.0,1007300.0,1013500.0,1029248
20190314 20:00,1014000.0,1028900.0,1014000.0,1025800.0,1809613
20190317 20:00,1026900.0,1026900.0,1012050.0,1015300.0,924523
20190318 20:00,1019700.0,1021400.0,1013000.0,1019100.0,840270
20190319 20:00,1019000.0,1023000.0,1010500.0,1015300.0,863645
20190320 20:00,1015100.0,1029100.0,1011500.0,1025000.0,902119
20190321 20:00,1023700.0,1031200.0,990200.0,1023199.0,1281135
20190324 20:00,1013199.0,1023400.0,1012600.0,1019700.0,792836
20190325 20:00,1020500.0,1034800.0,1020500.0,1027800.0,667220
20190326 20:00,1030200.0,1030200.0,1020400.0,1029000.0,749879
20190327 20:00,1033100.0,1036750.0,1031100.0,1035800.0,689937
20190328 20:00,1039000.0,1042000.0,1031100.0,1042000.0,662198
20190331 20:00,1045000.0,1046000.0,1031400.0,1036400.0,735994
20190401 20:00,1037000.0,1040150.0,1032700.0,1039000.0,873884
20190402 20:00,1035000.0,1038800.0,1027500.0,1036900.0,599865
20190403 20:00,1035800.0,1036500.0,1027900.0,1034400.0,548356
20190404 20:00,1032500.0,1036900.0,1031700.0,1036800.0,461337
20190407 20:00,1035500.0,1051300.0,1035500.0,1051000.0,959876
20190408 20:00,1048300.0,1049500.0,1041400.0,1047800.0,833972
20190409 20:00,1048300.0,1050000.0,1042400.0,1045200.0,610135
20190410 20:00,1047099.0,1050500.0,1043800.0,1045699.0,565338
20190411 20:00,1050700.0,1050700.0,1041700.0,1050700.0,602789
20190414 20:00,1052000.0,1057800.0,1046200.0,1054300.0,608284
20190415 20:00,1061200.0,1065000.0,1056500.0,1065000.0,866110
20190416 20:00,1059500.0,1065100.0,1053600.0,1059900.0,798296
20190417 20:00,1055100.0,1067000.0,1054000.0,1061500.0,705615
20190421 20:00,1064500.0,1071900.0,1057400.0,1066000.0,1045699
20190422 20:00,1063700.0,1065000.0,1021400.0,1032900.0,1865053
20190423 20:00,1029900.0,1046400.0,1027400.0,1034200.0,971163
20190424 20:00,1033600.0,1035699.0,1026000.0,1033000.0,784793
20190425 20:00,1030600.0,1060000.0,1030600.0,1056400.0,937882
20190428 20:00,1054900.0,1057300.0,1045500.0,1047600.0,455213
20190429 20:00,1047700.0,1066600.0,1045100.0,1065000.0,756070
20190430 20:00,1065000.0,1065000.0,1048199.0,1053700.0,955747
20190501 20:00,1051900.0,1057600.0,1050500.0,1053200.0,1008915
20190502 20:00,1058300.0,1064100.0,1055800.0,1060800.0,616001
20190505 20:00,1051900.0,1058400.0,1045600.0,1055000.0,677378
20190506 20:00,1055400.0,1056100.0,1041100.0,1049600.0,943767
20190507 20:00,1045400.0,1057650.0,1041700.0,1050700.0,801445
20190508 20:00,1047099.0,1050200.0,1037900.0,1042400.0,850579
20190509 20:00,1040500.0,1061400.0,1039400.0,1060200.0,1058927
20190512 20:00,1054900.0,1065800.0,1048600.0,1060000.0,1282007
20190513 20:00,1060400.0,1065000.0,1055700.0,1056200.0,937616
20190514 20:00,1054900.0,1069900.0,1054000.0,1069600.0,786265
20190515 20:00,1067000.0,1086800.0,1065900.0,1081000.0,1541749
20190516 20:00,1081500.0,1081500.0,1070500.0,1074300.0,983732
20190519 20:00,1074400.0,1081200.0,1071450.0,1076500.0,1038337
20190520 20:00,1076600.0,1077300.0,1062900.0,1064100.0,814713
20190521 20:00,1063100.0,1070450.0,1059400.0,1067100.0,771441
20190522 20:00,1062500.0,1070200.0,1058900.0,1066700.0,1035573
20190523 20:00,1068800.0,1074300.0,1065400.0,1067100.0,834894
20190527 20:00,1069300.0,1072400.0,1044200.0,1046500.0,1053126
20190528 20:00,1043400.0,1048100.0,1036500.0,1041600.0,1090923
20190529 20:00,1043900.0,1056800.0,1042900.0,1049900.0,729720
20190530 20:00,1049300.0,1050000.0,1024100.0,1028100.0,1173935
20190602 20:00,1027900.0,1041700.0,1024000.0,1038100.0,1293823
20190603 20:00,1038000.0,1050900.0,1038000.0,1049900.0,1083860
20190604 20:00,1049200.0,1067500.0,1048900.0,1066000.0,909109
20190605 20:00,1068000.0,1076800.0,1063300.0,1073900.0,791013
20190606 20:00,1077400.0,1093700.0,1077400.0,1085400.0,1141270
20190609 20:00,1087700.0,1092000.0,1074700.0,1088700.0,724439
20190610 20:00,1088300.0,1095900.0,1088300.0,1094200.0,988670
20190611 20:00,1093200.0,1106500.0,1091100.0,1096800.0,966123
20190612 20:00,1098300.0,1109450.0,1098300.0,1107500.0,816212
20190613 20:00,1108400.0,1117400.0,1105600.0,1112100.0,711215
20190616 20:00,1113100.0,1113100.0,1102300.0,1110000.0,602467
20190617 20:00,1109800.0,1116200.0,1094400.0,1098800.0,912617
20190618 20:00,1097600.0,1107400.0,1092800.0,1107400.0,855398
20190619 20:00,1108400.0,1120100.0,1105500.0,1119000.0,935518
20190620 20:00,1119200.0,1124700.0,1105600.0,1110000.0,922912
20190623 20:00,1114600.0,1125000.0,1114000.0,1123300.0,788343
20190624 20:00,1121300.0,1126250.0,1113800.0,1117400.0,1119430
20190625 20:00,1117300.0,1119700.0,1096650.0,1097400.0,815879
20190626 20:00,1100500.0,1112700.0,1093000.0,1110600.0,495241
20190627 20:00,1111500.0,1119900.0,1090200.0,1096500.0,994820
20190630 20:00,1099800.0,1106900.0,1096200.0,1101300.0,930302
20190701 20:00,1105200.0,1116400.0,1102850.0,1116400.0,881730
20190702 20:00,1117000.0,1142650.0,1117000.0,1141400.0,712737
20190704 20:00,1139700.0,1141800.0,1122250.0,1133800.0,672361
20190707 20:00,1131500.0,1142400.0,1130100.0,1142100.0,584429
20190708 20:00,1135500.0,1139000.0,1123250.0,1132600.0,744415
20190709 20:00,1127100.0,1145000.0,1127100.0,1137700.0,619202
20190710 20:00,1143000.0,1145000.0,1134400.0,1145000.0,459843
20190711 20:00,1143900.0,1152000.0,1140000.0,1150000.0,574056
20190714 20:00,1147100.0,1158700.0,1147100.0,1155500.0,440505
20190715 20:00,1155200.0,1165000.0,1153100.0,1159500.0,819354
20190716 20:00,1154700.0,1162500.0,1154700.0,1157500.0,926988
20190717 20:00,1149100.0,1157700.0,1148000.0,1157400.0,629068
20190718 20:00,1156900.0,1159450.0,1150200.0,1150400.0,514754
20190721 20:00,1152400.0,1154400.0,1145800.0,1153000.0,395926
20190722 20:00,1157100.0,1160300.0,1133100.0,1142300.0,919587
20190723 20:00,1140000.0,1140000.0,1122800.0,1129900.0,982690
20190724 20:00,1123900.0,1129900.0,1113800.0,1129900.0,1023186
20190725 20:00,1128300.0,1148800.0,1128300.0,1147200.0,613137
20190728 20:00,1148500.0,1162050.0,1145000.0,1154700.0,884323
20190729 20:00,1160500.0,1217500.0,1156500.0,1203000.0,2128590
20190730 20:00,1200200.0,1206500.0,1170700.0,1177500.0,1840142
20190731 20:00,1180700.0,1191700.0,1160300.0,1160400.0,1865311
20190801 20:00,1162900.0,1170800.0,1157000.0,1168900.0,2162068
20190804 20:00,1158600.0,1163000.0,1103600.0,1105500.0,2210298
20190805 20:00,1128400.0,1150000.0,1123900.0,1142000.0,1103128
20190806 20:00,1141900.0,1162300.0,1127100.0,1151000.0,1132085
20190807 20:00,1159000.0,1174700.0,1153400.0,1174300.0,944652
20190808 20:00,1170800.0,1180300.0,1158500.0,1165200.0,976264
20190811 20:00,1163900.0,1176700.0,1156000.0,1162600.0,789808
20190812 20:00,1159100.0,1180600.0,1157400.0,1172600.0,1132834
20190813 20:00,1171600.0,1179350.0,1156600.0,1159300.0,1392737
20190814 20:00,1161200.0,1180700.0,1149600.0,1176100.0,1122409
20190815 20:00,1179000.0,1195400.0,1175100.0,1191700.0,1119847
20190818 20:00,1192800.0,1204500.0,1191300.0,1202300.0,915392
20190819 20:00,1204300.0,1204300.0,1187100.0,1187100.0,983275
20190820 20:00,1193200.0,1196700.0,1187000.0,1192000.0,739853
20190821 20:00,1195200.0,1197800.0,1187000.0,1194400.0,816722
20190822 20:00,1194400.0,1201100.0,1164300.0,1170100.0,1208294
20190825 20:00,1178100.0,1195900.0,1172300.0,1191400.0,851118
20190826 20:00,1195100.0,1210500.0,1195100.0,1205500.0,1123204
20190827 20:00,1208500.0,1214300.0,1196500.0,1209000.0,816350
20190828 20:00,1219000.0,1220000.0,1203300.0,1211700.0,558514
20190829 20:00,1216200.0,1219900.0,1195100.0,1202000.0,626483
20190902 20:00,1196900.0,1215400.0,1195100.0,1208700.0,737989
20190903 20:00,1222700.0,1237100.0,1214800.0,1235300.0,687085
20190904 20:00,1235500.0,1238200.0,1221800.0,1227600.0,1064887
20190905 20:00,1226500.0,1233700.0,1225300.0,1230100.0,559371
20190908 20:00,1231900.0,1233100.0,1217900.0,1223800.0,706553
20190909 20:00,1222600.0,1223000.0,1195900.0,1200000.0,1263820
20190910 20:00,1196300.0,1215100.0,1194400.0,1215100.0,1396890
20190911 20:00,1214600.0,1232100.0,1214600.0,1227900.0,948460
20190912 20:00,1231200.0,1231900.0,1215100.0,1220700.0,1020208
20190915 20:00,1217300.0,1219600.0,1190200.0,1197600.0,1159463
20190916 20:00,1200000.0,1219900.0,1186600.0,1205500.0,817762
20190917 20:00,1205700.0,1219500.0,1205600.0,1212200.0,750242
20190918 20:00,1211100.0,1222300.0,1209200.0,1218600.0,596579
20190919 20:00,1219200.0,1226000.0,1215700.0,1224700.0,1017681
20190922 20:00,1220300.0,1238000.0,1215100.0,1238000.0,647350
20190923 20:00,1232900.0,1247200.0,1230000.0,1238600.0,1024957
20190924 20:00,1238100.0,1241700.0,1229500.0,1231800.0,604372
20190925 20:00,1233000.0,1250000.0,1232900.0,1242200.0,788089
20190926 20:00,1241800.0,1248800.0,1237400.0,1246700.0,744679
20190929 20:00,1247000.0,1253600.0,1241300.0,1245800.0,561589
20190930 20:00,1247900.0,1249100.0,1231900.0,1240000.0,758355
20191001 20:00,1235700.0,1236400.0,1202100.0,1207600.0,947512
20191002 20:00,1215000.0,1225400.0,1208600.0,1217400.0,813406
20191003 20:00,1216700.0,1240500.0,1214400.0,1239700.0,702175
20191006 20:00,1239500.0,1240000.0,1226700.0,1228200.0,755686
20191007 20:00,1230100.0,1230100.0,1208400.0,1208400.0,995546
20191008 20:00,1211800.0,1223900.0,1205800.0,1205800.0,646305
20191009 20:00,1219000.0,1225000.0,1208100.0,1221600.0,630405
20191010 20:00,1225000.0,1225000.0,1208100.0,1211000.0,836540
20191013 20:00,1213400.0,1216200.0,1195800.0,1200300.0,808041
20191014 20:00,1201000.0,1205600.0,1167100.0,1172200.0,1640076
20191015 20:00,1170200.0,1179400.0,1165050.0,1176000.0,1053319
20191016 20:00,1170100.0,1176400.0,1163500.0,1166500.0,957372
20191017 20:00,1164100.0,1177400.0,1160000.0,1175100.0,869212
20191020 20:00,1177000.0,1202500.0,1172600.0,1202000.0,848469
20191021 20:00,1198800.0,1252800.0,1198800.0,1216000.0,2222517
20191022 20:00,1226600.0,1237200.0,1214200.0,1230500.0,830933
20191023 20:00,1234200.0,1257600.0,1233400.0,1248400.0,754919
20191024 20:00,1244100.0,1248500.0,1231700.0,1232700.0,763077
20191027 20:00,1234900.0,1247300.0,1226100.0,1232200.0,624492
20191028 20:00,1231100.0,1245600.0,1231100.0,1236500.0,863585
20191029 20:00,1239300.0,1251700.0,1235000.0,1250100.0,610524
20191030 20:00,1249300.0,1254400.0,1233550.0,1245200.0,599209
20191031 20:00,1248000.0,1251300.0,1232500.0,1240900.0,770815
20191103 19:00,1240600.0,1242600.0,1186400.0,1190800.0,1220194
20191104 19:00,1192700.0,1195800.0,1182300.0,1189200.0,1087002
20191105 19:00,1192000.0,1203500.0,1186600.0,1203500.0,764163
20191106 19:00,1205300.0,1205300.0,1188200.0,1193800.0,842839
20191107 19:00,1198300.0,1205900.0,1191600.0,1196200.0,579937
20191110 19:00,1194400.0,1200000.0,1190950.0,1193300.0,614581
20191111 19:00,1198000.0,1198000.0,1185500.0,1190700.0,704254
20191112 19:00,1197500.0,1210500.0,1197500.0,1206500.0,678407
20191113 19:00,1206700.0,1211500.0,1201200.0,1205100.0,684302
20191114 19:00,1208000.0,1210200.0,1199700.0,1207300.0,722695
20191117 19:00,1206400.0,1225550.0,1204000.0,1219500.0,873433
20191118 19:00,1221700.0,1227900.0,1211300.0,1213300.0,879931
20191119 19:00,1211900.0,1223700.0,1209400.0,1223100.0,872485
20191120 19:00,1223100.0,1225400.0,1202000.0,1203500.0,1001328
20191121 19:00,1204700.0,1206800.0,1194000.0,1202000.0,525146
20191124 19:00,1202900.0,1209200.0,1200200.0,1203300.0,675570
20191125 19:00,1205000.0,1224000.0,1204200.0,1223500.0,815141
20191126 19:00,1222900.0,1224400.0,1209600.0,1217400.0,496250
20191128 19:00,1214500.0,1226300.0,1214500.0,1218200.0,289093
20191201 19:00,1221800.0,1228700.0,1209700.0,1228700.0,833842
20191202 19:00,1224500.0,1230000.0,1218000.0,1227700.0,809741
20191203 19:00,1232000.0,1245800.0,1226800.0,1236800.0,894238
20191204 19:00,1246500.0,1246500.0,1236700.0,1244200.0,918725
20191205 19:00,1247300.0,1254500.0,1238500.0,1241900.0,942752
20191208 19:00,1244400.0,1251300.0,1239800.0,1248700.0,611648
20191209 19:00,1243200.0,1248700.0,1241400.0,1242550.0,604828
20191210 19:00,1246700.0,1252700.0,1237200.0,1246400.0,721728
20191211 19:00,1247450.0,1257600.0,1238800.0,1250000.0,798032
20191212 19:00,1251400.0,1257400.0,1237100.0,1254000.0,614434
20191215 19:00,1259600.0,1263500.0,1252100.0,1255600.0,884425
20191216 19:00,1248200.0,1259800.0,1243200.0,1252800.0,788026
20191217 19:00,1253100.0,1257600.0,1236850.0,1240100.0,845273
20191218 19:00,1240200.0,1251950.0,1239000.0,1247000.0,794572
20191219 19:00,1247000.0,1265900.0,1247000.0,1258000.0,890392
20191222 19:00,1258200.0,1259100.0,1246850.0,1249100.0,745621
20191223 19:00,1252000.0,1253000.0,1245800.0,1251600.0,274166
20191225 19:00,1251500.0,1257400.0,1247700.0,1253900.0,450215
20191226 19:00,1255500.0,1263500.0,1253900.0,1263500.0,457083
20191229 19:00,1260000.0,1262100.0,1241400.0,1244000.0,487836
20191230 19:00,1244700.0,1250000.0,1239500.0,1249500.0,459214
20200101 19:00,1251100.0,1251500.0,1229400.0,1234100.0,659700
20200102 19:00,1230500.0,1235400.0,1218200.0,1225800.0,706314
20200105 19:00,1223400.0,1231400.0,1215800.0,1228000.0,705638
20200106 19:00,1228100.0,1232000.0,1215500.0,1215500.0,666886
20200107 19:00,1213600.0,1234100.0,1213600.0,1225800.0,419216
20200108 19:00,1230900.0,1239800.0,1225100.0,1239800.0,471384
20200109 19:00,1238400.0,1243200.0,1232900.0,1240000.0,386251
20200112 19:00,1241300.0,1248900.0,1236600.0,1248800.0,484814
20200113 19:00,1247300.0,1252000.0,1243700.0,1246500.0,570805
20200114 19:00,1246900.0,1261300.0,1244300.0,1261000.0,501567
20200115 19:00,1265000.0,1267800.0,1255900.0,1260900.0,512857
20200116 19:00,1262900.0,1270000.0,1258800.0,1265200.0,848723
20200120 19:00,1265000.0,1266100.0,1248450.0,1260400.0,822315
20200121 19:00,1264100.0,1266750.0,1258300.0,1264000.0,756605
20200122 19:00,1257500.0,1265400.0,1219800.0,1247800.0,1005470
20200123 19:00,1253600.0,1267900.0,1247600.0,1250000.0,761280
20200126 19:00,1245300.0,1263900.0,1240000.0,1254800.0,673721
20200127 19:00,1256900.0,1269800.0,1256000.0,1260000.0,459832
20200128 19:00,1262500.0,1262500.0,1250000.0,1251500.0,435938
20200129 19:00,1247500.0,1263800.0,1244000.0,1263000.0,596569
20200130 19:00,1255800.0,1269400.0,1244000.0,1244000.0,751893
20200202 19:00,1244200.0,1259600.0,1244200.0,1250900.0,707539
20200203 19:00,1255600.0,1273500.0,1252200.0,1256600.0,680182
20200204 19:00,1262200.0,1270500.0,1254400.0,1268100.0,510911
20200205 19:00,1271600.0,1280850.0,1266000.0,1274500.0,601009
20200206 19:00,1271100.0,1272700.0,1260600.0,1260800.0,548288
20200209 19:00,1260800.0,1267900.0,1256900.0,1261500.0,426948
20200210 19:00,1265000.0,1266500.0,1240300.0,1241700.0,735616
20200211 19:00,1246700.0,1247400.0,1228600.0,1236500.0,574011
20200212 19:00,1233500.0,1252800.0,1231000.0,1249600.0,555160
20200213 19:00,1250000.0,1261400.0,1247900.0,1261300.0,470996
20200217 19:00,1258600.0,1261800.0,1248300.0,1250200.0,468864
20200218 19:00,1250600.0,1264600.0,1242800.0,1254100.0,431919
20200219 19:00,1254400.0,1267600.0,1242800.0,1258400.0,719048
20200220 19:00,1261100.0,1280700.0,1258300.0,1266900.0,916889
20200223 19:00,1249200.0,1265700.0,1231500.0,1236000.0,890348
20200224 19:00,1239900.0,1239900.0,1208800.0,1223900.0,795145
20200225 19:00,1205200.0,1223800.0,1198100.0,1198200.0,721664
20200226 19:00,1192600.0,1198100.0,1130000.0,1132600.0,1277376
20200227 19:00,1111300.0,1147800.0,1066800.0,1144300.0,2152061
20200301 19:00,1149900.0,1197900.0,1119800.0,1189000.0,1313464
20200302 19:00,1203800.0,1218300.0,1171400.0,1171600.0,1315798
20200303 19:00,1196400.0,1246800.0,1190600.0,1231100.0,959381
20200304 19:00,1235300.0,1237800.0,1202900.0,1220400.0,959704
20200305 19:00,1208500.0,1225800.0,1173800.0,1205800.0,1027037
20200308 20:00,1158100.0,1200100.0,1145000.0,1165600.0,1534624
20200309 20:00,1183700.0,1207900.0,1144600.0,1198000.0,1300006
20200310 20:00,1183400.0,1193400.0,1106800.0,1115500.0,1642566
20200311 20:00,1082500.0,1115600.0,1000000.0,1005000.0,1961548
20200312 20:00,1050400.0,1149300.0,1030000.0,1130300.0,1774156
20200315 20:00,1077100.0,1159400.0,1010000.0,1105600.0,2057982
20200316 20:00,1125000.0,1197100.0,1096600.0,1152100.0,2560413
20200317 20:00,1140400.0,1214800.0,1119100.0,1199900.0,2392629
20200318 20:00,1172000.0,1182900.0,1093000.0,1106400.0,1570115
20200319 20:00,1143000.0,1145000.0,1015000.0,1024100.0,1786561
20200322 20:00,1007000.0,1050000.0,943100.0,980500.0,1834328
20200323 20:00,1011900.0,1040000.0,960699.0,1031000.0,1690328
20200324 20:00,1058800.0,1078000.0,987000.0,1012400.0,1378181
20200325 20:00,1003800.0,1082900.0,1000000.0,1080000.0,1646933
20200326 20:00,1071000.0,1142900.0,1039599.0,1098600.0,1732318
20200329 20:00,1101700.0,1157900.0,1101700.0,1151000.0,1411356
20200330 20:00,1153000.0,1157900.0,1094500.0,1094600.0,1882767
20200331 20:00,1075300.0,1121800.0,1066000.0,1101000.0,1247966
20200401 20:00,1106600.0,1149700.0,1076000.0,1143500.0,1113791
20200402 20:00,1134800.0,1156000.0,1127000.0,1153900.0,973957
20200405 20:00,1174000.0,1190000.0,1146000.0,1175000.0,2217584
20200406 20:00,1198500.0,1200500.0,1121900.0,1133300.0,1730518
20200407 20:00,1138700.0,1153700.0,1119000.0,1145000.0,2065493
20200408 20:00,1159400.0,1186400.0,1139400.0,1148500.0,1581628
20200412 20:00,1144300.0,1167300.0,1131600.0,1164100.0,893683
20200413 20:00,1168700.0,1242500.0,1159500.0,1235900.0,1409188
20200414 20:00,1209600.0,1234200.0,1195900.0,1218500.0,1272216
20200415 20:00,1222700.0,1257900.0,1199000.0,1248000.0,1290893
20200416 20:00,1240000.0,1255200.0,1186000.0,1247900.0,1269179
20200419 20:00,1245000.0,1245900.0,1202000.0,1210000.0,992040
20200420 20:00,1202000.0,1208500.0,1184300.0,1203500.0,1091414
20200421 20:00,1210700.0,1211000.0,1187700.0,1193000.0,924786
20200422 20:00,1194000.0,1199500.0,1176600.0,1190000.0,1622447
20200423 20:00,1189000.0,1197600.0,1183400.0,1186600.0,1812052
20200426 20:00,1197900.0,1198300.0,1169000.0,1171700.0,1360578
20200427 20:00,1177900.0,1190300.0,1161700.0,1168500.0,1440349
20200428 20:00,1177900.0,1180400.0,1150900.0,1167100.0,1552515
20200429 20:00,1165100.0,1182800.0,1156100.0,1175000.0,1681771
20200430 20:00,1170000.0,1183700.0,1163300.0,1165900.0,1385227
20200503 20:00,1160000.0,1171900.0,1150700.0,1152500.0,870437
20200504 20:00,1170700.0,1172800.0,1152100.0,1159000.0,820977
20200505 20:00,1160100.0,1162000.0,1128100.0,1130800.0,1144330
20200506 20:00,1138000.0,1142900.0,1118300.0,1126100.0,1014404
20200507 20:00,1132600.0,1163000.0,1128500.0,1162000.0,1569424
20200510 20:00,1155500.0,1160100.0,1149400.0,1151500.0,909910
20200511 20:00,1151900.0,1159000.0,1134800.0,1137000.0,1227521
20200512 20:00,1142600.0,1153300.0,1135000.0,1140200.0,1427170
20200513 20:00,1139300.0,1144500.0,1112600.0,1135200.0,1560642
20200514 20:00,1140200.0,1147600.0,1120600.0,1140600.0,1210908
20200517 20:00,1150300.0,1169900.0,1147000.0,1163800.0,1009789
20200518 20:00,1156400.0,1165500.0,1123700.0,1126900.0,1329296
20200519 20:00,1126500.0,1137700.0,1121400.0,1135000.0,1067431
20200520 20:00,1130000.0,1134800.0,1114300.0,1117300.0,982967
20200521 20:00,1112200.0,1135700.0,1112200.0,1128300.0,811468
20200525 20:00,1138700.0,1142000.0,1118000.0,1121100.0,1234915
20200526 20:00,1125000.0,1139800.0,1118200.0,1139800.0,1068590
20200527 20:00,1143400.0,1169900.0,1133900.0,1164900.0,995174
20200528 20:00,1160000.0,1167500.0,1146400.0,1167500.0,926421
20200531 20:00,1157900.0,1174900.0,1152600.0,1169900.0,790347
20200601 20:00,1175100.0,1181000.0,1168000.0,1180100.0,970452
20200602 20:00,1181000.0,1191800.0,1179700.0,1184700.0,946300
20200603 20:00,1181000.0,1188100.0,1155700.0,1163200.0,1158489
20200604 20:00,1168300.0,1188300.0,1160200.0,1181500.0,1132081
20200607 20:00,1185500.0,1191500.0,1168500.0,1188100.0,1145494
20200608 20:00,1183300.0,1197600.0,1180100.0,1190000.0,926262
20200609 20:00,1188800.0,1198800.0,1180400.0,1189700.0,999857
20200610 20:00,1178800.0,1195900.0,1160200.0,1165900.0,2019973
20200611 20:00,1171800.0,1180300.0,1152600.0,1156200.0,1504054
20200614 20:00,1142600.0,1177200.0,1137600.0,1177200.0,1748314
20200615 20:00,1173700.0,1189500.0,1169600.0,1185500.0,1953643
20200616 20:00,1176100.0,1191000.0,1174400.0,1179000.0,1020262
20200617 20:00,1181200.0,1199500.0,1172000.0,1192000.0,1156686
20200618 20:00,1194500.0,1218200.0,1180600.0,1185400.0,2117111
20200621 20:00,1184000.0,1190700.0,1173400.0,1180200.0,1031485
20200622 20:00,1184900.0,1191900.0,1175100.0,1175100.0,777111
20200623 20:00,1175300.0,1179500.0,1162800.0,1164700.0,1429110
20200624 20:00,1162000.0,1182900.0,1160400.0,1182900.0,1146300
20200625 20:00,1179800.0,1184600.0,1150400.0,1153400.0,1846097
20200628 20:00,1152600.0,1180500.0,1152600.0,1180000.0,886871
20200629 20:00,1176000.0,1199500.0,1173000.0,1190700.0,949059
20200630 20:00,1193900.0,1203800.0,1186300.0,1197100.0,1081295
20200701 20:00,1205000.0,1225000.0,1195200.0,1211200.0,866120
20200705 20:00,1221300.0,1224300.0,1208700.0,1221100.0,965672
20200706 20:00,1212900.0,1232400.0,1206600.0,1222700.0,1127117
20200707 20:00,1220700.0,1232400.0,1218500.0,1228200.0,1139797
20200708 20:00,1227700.0,1239700.0,1218100.0,1226900.0,1203723
20200709 20:00,1224800.0,1244200.0,1220100.0,1238900.0,854287
20200712 20:00,1245900.0,1255700.0,1232600.0,1241100.0,1159895
20200713 20:00,1244500.0,1258700.0,1233700.0,1258700.0,989212
20200714 20:00,1261100.0,1269000.0,1242600.0,1247600.0,1315804
20200715 20:00,1242000.0,1255100.0,1239100.0,1244300.0,721760
20200716 20:00,1248500.0,1260600.0,1248200.0,1256000.0,673778
20200719 20:00,1251800.0,1258400.0,1247900.0,1255300.0,809862
20200720 20:00,1254400.0,1266300.0,1249200.0,1252000.0,890296
20200721 20:00,1248700.0,1264500.0,1242100.0,1264200.0,1007301
20200722 20:00,1258700.0,1271800.0,1255500.0,1262300.0,1040339
20200723 20:00,1258000.0,1277700.0,1253100.0,1253700.0,925577
20200726 20:00,1267200.0,1269900.0,1253500.0,1261100.0,858796
20200727 20:00,1262400.0,1284600.0,1259700.0,1284600.0,1360175
20200728 20:00,1287800.0,1292500.0,1272900.0,1285000.0,1357845
20200729 20:00,1280800.0,1322600.0,1280800.0,1313500.0,1659603
20200730 20:00,1313700.0,1313700.0,1291600.0,1311200.0,1335723
20200802 20:00,1309400.0,1319199.0,1303600.0,1312500.0,1122257
20200803 20:00,1307000.0,1340000.0,1306000.0,1338500.0,1812541
20200804 20:00,1341300.0,1346500.0,1331200.0,1331699.0,1060976
20200805 20:00,1332300.0,1339800.0,1321200.0,1325400.0,714406
20200806 20:00,1326000.0,1336399.0,1321100.0,1335500.0,797580
20200809 20:00,1335900.0,1344300.0,1330900.0,1341100.0,668103
20200810 20:00,1348400.0,1349500.0,1327900.0,1332400.0,1082685
20200811 20:00,1342400.0,1359700.0,1336500.0,1352900.0,902568
20200812 20:00,1355200.0,1359000.0,1349500.0,1359000.0,937834
20200813 20:00,1351300.0,1357300.0,1345400.0,1350000.0,886970
20200816 20:00,1353300.0,1357000.0,1346600.0,1354800.0,713735
20200817 20:00,1357300.0,1375100.0,1354199.0,1367700.0,1333612
20200818 20:00,1365100.0,1365100.0,1351600.0,1355400.0,873190
20200819 20:00,1358600.0,1369700.0,1347200.0,1365400.0,675496
20200820 20:00,1364800.0,1381000.0,1359100.0,1374400.0,757118
20200823 20:00,1374199.0,1387500.0,1371000.0,1381600.0,759443
20200824 20:00,1389700.0,1395000.0,1378100.0,1392000.0,589974
20200825 20:00,1391000.0,1393200.0,1382600.0,1384000.0,739582
20200826 20:00,1385700.0,1396900.0,1378000.0,1382200.0,912718
20200827 20:00,1388400.0,1390000.0,1369500.0,1390000.0,642448
20200830 20:00,1390000.0,1391500.0,1378100.0,1380500.0,783004
20200831 20:00,1385300.0,1385300.0,1370700.0,1380000.0,957317
20200901 20:00,1383899.0,1413700.0,1377400.0,1409800.0,1420589
20200902 20:00,1404900.0,1417000.0,1370900.0,1382400.0,1534996
20200903 20:00,1384100.0,1394900.0,1361200.0,1379800.0,1544522
20200907 20:00,1382400.0,1391600.0,1350200.0,1352400.0,1518628
20200908 20:00,1367400.0,1395500.0,1357700.0,1374800.0,1384342
20200909 20:00,1377100.0,1387000.0,1365350.0,1367000.0,877858
20200910 20:00,1377000.0,1386600.0,1371500.0,1381000.0,928265
20200913 20:00,1388500.0,1395900.0,1382100.0,1392500.0,819325
20200914 20:00,1393700.0,1397600.0,1383400.0,1383400.0,782818
20200915 20:00,1393200.0,1401600.0,1376000.0,1386500.0,905844
20200916 20:00,1372900.0,1380300.0,1361900.0,1376800.0,779739
20200917 20:00,1380000.0,1382500.0,1362600.0,1375800.0,954107
20200920 20:00,1361399.0,1374700.0,1347000.0,1367800.0,1115404
20200921 20:00,1368400.0,1390300.0,1361200.0,1377100.0,819509
20200922 20:00,1380500.0,1386000.0,1360600.0,1363200.0,1031441
20200923 20:00,1362600.0,1371900.0,1356900.0,1371900.0,1186085
20200924 20:00,1361800.0,1379800.0,1359000.0,1374100.0,892690
20200927 20:00,1385800.0,1399350.0,1377900.0,1387400.0,1012873
20200928 20:00,1382500.0,1386100.0,1366699.0,1378700.0,758908
20200929 20:00,1372600.0,1398400.0,1370800.0,1397600.0,1110666
20200930 20:00,1393700.0,1399900.0,1382200.0,1398899.0,836836
20201001 20:00,1375100.0,1391200.0,1369600.0,1376500.0,918671
20201004 20:00,1381699.0,1396699.0,1381500.0,1393899.0,853356
20201005 20:00,1396300.0,1407700.0,1388000.0,1394700.0,782268
20201006 20:00,1403800.0,1413899.0,1393700.0,1409000.0,489314
20201007 20:00,1409100.0,1419900.0,1403100.0,1416800.0,615588
20201008 20:00,1421000.0,1436399.0,1417500.0,1429300.0,632922
20201011 20:00,1433500.0,1453300.0,1430800.0,1452900.0,812504
20201012 20:00,1450000.0,1450000.0,1433700.0,1446900.0,717989
20201013 20:00,1437000.0,1450900.0,1430800.0,1442500.0,455886
20201014 20:00,1430100.0,1443899.0,1425500.0,1438000.0,601267
20201015 20:00,1439300.0,1458600.0,1436200.0,1440400.0,620441
20201018 20:00,1444199.0,1453800.0,1411100.0,1420100.0,781095
20201019 20:00,1429500.0,1459300.0,1419000.0,1425800.0,890472
20201020 20:00,1425800.0,1443100.0,1419900.0,1433899.0,654810
20201021 20:00,1420000.0,1427500.0,1410900.0,1414900.0,722247
20201022 20:00,1414100.0,1428800.0,1414100.0,1422900.0,524290
20201025 20:00,1416300.0,1420400.0,1400100.0,1412500.0,801269
20201026 20:00,1413500.0,1433300.0,1412600.0,1421200.0,936806
20201027 20:00,1404800.0,1411500.0,1373100.0,1384700.0,1133748
20201028 20:00,1387800.0,1390900.0,1358000.0,1373800.0,892377
20201029 20:00,1374500.0,1379900.0,1346800.0,1378000.0,1239708
20201101 19:00,1389000.0,1399900.0,1374500.0,1385000.0,1435554
20201102 19:00,1399100.0,1427100.0,1393100.0,1427100.0,1453094
20201103 19:00,1415100.0,1430000.0,1392000.0,1402500.0,1276349
20201104 19:00,1419400.0,1435300.0,1416200.0,1416200.0,1205506
20201105 19:00,1414199.0,1440600.0,1414199.0,1432300.0,1025241
20201108 19:00,1448300.0,1490300.0,1376000.0,1379900.0,2181499
20201109 19:00,1385300.0,1409000.0,1371600.0,1407000.0,1358295
20201110 19:00,1410400.0,1429900.0,1405800.0,1423500.0,952426
20201111 19:00,1418800.0,1427100.0,1410700.0,1421500.0,1073699
20201112 19:00,1426399.0,1444700.0,1419000.0,1441399.0,858076
20201115 19:00,1452800.0,1462900.0,1412700.0,1420500.0,1240509
20201116 19:00,1423899.0,1434700.0,1417600.0,1422000.0,1250292
20201117 19:00,1424400.0,1424400.0,1396000.0,1397000.0,963287
20201118 19:00,1399700.0,1400700.0,1382000.0,1382000.0,868199
20201119 19:00,1394400.0,1403700.0,1386500.0,1394900.0,671024
20201122 19:00,1399100.0,1400800.0,1378600.0,1387600.0,775742
20201123 19:00,1395800.0,1398100.0,1380700.0,1380800.0,1215289
20201124 19:00,1382900.0,1393899.0,1374199.0,1389800.0,1080657
20201126 19:00,1394000.0,1394000.0,1375449.0,1387900.0,703843
20201129 19:00,1385700.0,1391699.0,1367500.0,1383200.0,1192259
20201130 19:00,1393400.0,1395100.0,1381699.0,1394700.0,982530
20201201 19:00,1392100.0,1399400.0,1374900.0,1383500.0,755290
20201202 19:00,1382500.0,1388100.0,1355400.0,1373400.0,947946
20201203 19:00,1376000.0,1380000.0,1358700.0,1372600.0,877793
20201206 19:00,1364500.0,1382000.0,1364500.0,1382000.0,851555
20201207 19:00,1381699.0,1387800.0,1364300.0,1383600.0,741615
20201208 19:00,1381300.0,1385200.0,1362500.0,1364800.0,831952
20201209 19:00,1365800.0,1369500.0,1350400.0,1355600.0,709718
20201210 19:00,1353000.0,1367900.0,1342000.0,1365100.0,686398
20201213 19:00,1369000.0,1379300.0,1355000.0,1358500.0,651799
20201214 19:00,1364600.0,1375600.0,1362200.0,1365200.0,584186
20201215 19:00,1368500.0,1382700.0,1363000.0,1374900.0,625063
20201216 19:00,1374800.0,1391200.0,1372100.0,1382700.0,650475
20201217 19:00,1389500.0,1400700.0,1374600.0,1390900.0,1053300
20201220 19:00,1381000.0,1384199.0,1362300.0,1376000.0,944336
20201221 19:00,1377700.0,1380600.0,1363800.0,1365600.0,723369
20201222 19:00,1367200.0,1375500.0,1361399.0,1365000.0,637096
20201223 19:00,1363400.0,1381300.0,1361500.0,1377000.0,314090
20201227 19:00,1379500.0,1393800.0,1376800.0,1386900.0,458238
20201228 19:00,1389400.0,1399400.0,1382100.0,1384000.0,612508
20201229 19:00,1384700.0,1389199.0,1375500.0,1377500.0,376645
20201230 19:00,1379400.0,1392900.0,1374000.0,1391699.0,431426
20210103 19:00,1403899.0,1403899.0,1363500.0,1378300.0,932011
20210104 19:00,1384100.0,1392500.0,1362700.0,1387200.0,1055093
20210105 19:00,1390700.0,1410400.0,1385300.0,1402000.0,1280713
20210106 19:00,1405500.0,1409600.0,1380400.0,1388000.0,1069403
20210107 19:00,1395300.0,1396900.0,1369900.0,1389000.0,891861
20210110 19:00,1384100.0,1394400.0,1376000.0,1381900.0,812491
20210111 19:00,1378500.0,1382400.0,1362500.0,1372900.0,771931
20210112 19:00,1370500.0,1380700.0,1366300.0,1375900.0,816870
20210113 19:00,1380900.0,1380900.0,1352800.0,1363899.0,949463
20210114 19:00,1358100.0,1361800.0,1346600.0,1348200.0,983314
20210118 19:00,1357300.0,1363500.0,1335700.0,1340500.0,1247365
20210119 19:00,1348000.0,1375500.0,1312500.0,1322100.0,1468985
20210120 19:00,1321399.0,1321399.0,1305100.0,1310200.0,1389914
20210121 19:00,1310100.0,1314700.0,1299199.0,1301500.0,1217734
20210124 19:00,1301399.0,1329900.0,1295000.0,1320000.0,1462513
20210125 19:00,1325500.0,1334700.0,1314800.0,1326100.0,1223078
20210126 19:00,1331500.0,1331500.0,1277600.0,1283500.0,2302725
20210127 19:00,1275300.0,1316500.0,1274400.0,1300200.0,1217367
20210128 19:00,1300300.0,1304100.0,1280850.0,1282200.0,1255527
20210131 19:00,1288100.0,1296500.0,1282000.0,1292800.0,713344
20210201 19:00,1293500.0,1307200.0,1286900.0,1290000.0,874483
20210202 19:00,1291500.0,1299900.0,1277500.0,1289500.0,1253026
20210203 19:00,1293400.0,1295300.0,1285900.0,1288000.0,853891
20210204 19:00,1293700.0,1300900.0,1290200.0,1296399.0,667675
20210207 19:00,1300600.0,1302200.0,1281200.0,1291699.0,1008903
20210208 19:00,1297800.0,1299300.0,1282300.0,1287900.0,810599
20210209 19:00,1287900.0,1292600.0,1279600.0,1282400.0,1629762
20210210 19:00,1283500.0,1293300.0,1281800.0,1282500.0,666351
20210211 19:00,1281900.0,1285500.0,1265900.0,1277000.0,1202951
20210215 19:00,1281399.0,1286800.0,1270000.0,1278300.0,922221
20210216 19:00,1279200.0,1294700.0,1271100.0,1284600.0,1062387
20210217 19:00,1287400.0,1298400.0,1276000.0,1294800.0,755883
20210218 19:00,1295300.0,1297800.0,1270200.0,1272900.0,887604
20210221 19:00,1270600.0,1273900.0,1263800.0,1267900.0,923261
20210222 19:00,1268300.0,1299300.0,1263000.0,1276900.0,1754680
20210223 19:00,1282200.0,1284000.0,1269500.0,1279800.0,1008745
20210224 19:00,1274300.0,1289900.0,1262900.0,1266400.0,1922478
20210225 19:00,1267700.0,1273400.0,1218200.0,1235300.0,2827507
20210228 19:00,1247700.0,1254950.0,1235600.0,1244900.0,1648205
20210301 19:00,1238200.0,1248900.0,1234400.0,1239000.0,2400547
20210302 19:00,1248500.0,1248500.0,1227900.0,1231000.0,1517788
20210303 19:00,1231600.0,1247600.0,1215400.0,1220000.0,2151210
20210304 19:00,1221500.0,1263300.0,1218300.0,1260000.0,2243921
20210307 19:00,1258600.0,1288899.0,1253200.0,1275500.0,1765759
20210308 19:00,1283200.0,1289300.0,1260000.0,1263400.0,1537744
20210309 19:00,1262200.0,1284199.0,1254700.0,1275500.0,1989036
20210310 19:00,1280400.0,1283000.0,1267500.0,1269100.0,1608391
20210311 19:00,1269100.0,1288100.0,1269100.0,1279000.0,1001830
20210314 20:00,1286000.0,1290400.0,1272000.0,1287800.0,1068645
20210315 20:00,1286800.0,1299700.0,1283000.0,1290000.0,1128861
20210316 20:00,1290800.0,1298400.0,1282900.0,1284300.0,1167645
20210317 20:00,1286699.0,1290200.0,1270400.0,1285700.0,1172283
20210318 20:00,1289199.0,1297200.0,1279100.0,1280000.0,1386920
20210321 20:00,1284500.0,1308800.0,1275700.0,1302000.0,1170452
20210322 20:00,1295600.0,1332800.0,1295600.0,1320600.0,1437139
20210323 20:00,1328100.0,1331300.0,1306100.0,1321000.0,1148993
20210324 20:00,1323400.0,1336200.0,1319400.0,1333899.0,1297827
20210325 20:00,1335600.0,1356500.0,1324800.0,1350100.0,1824662
20210328 20:00,1347900.0,1378000.0,1347100.0,1375800.0,1628383
20210329 20:00,1373800.0,1379000.0,1351500.0,1353600.0,1046196
20210330 20:00,1357200.0,1367500.0,1352700.0,1356900.0,1096451
20210331 20:00,1355000.0,1358700.0,1333300.0,1342500.0,1362013
20210404 20:00,1350000.0,1372500.0,1343100.0,1364199.0,1194691
20210405 20:00,1360000.0,1370100.0,1356399.0,1363100.0,776337
20210406 20:00,1361100.0,1373800.0,1353500.0,1371500.0,864626
20210407 20:00,1367800.0,1376100.0,1365400.0,1375000.0,726728
20210408 20:00,1368600.0,1372700.0,1355600.0,1363700.0,829765
20210411 20:00,1366600.0,1370400.0,1357200.0,1368800.0,787878
20210412 20:00,1370300.0,1370300.0,1348350.0,1351800.0,1158111
20210413 20:00,1355900.0,1357800.0,1345900.0,1357500.0,1320603
20210414 20:00,1360700.0,1377600.0,1357800.0,1370300.0,917251
20210415 20:00,1372600.0,1379000.0,1368800.0,1374800.0,859285
20210418 20:00,1375000.0,1378200.0,1353899.0,1367100.0,1058453
20210419 20:00,1364000.0,1385900.0,1336000.0,1377000.0,1324293
20210420 20:00,1374400.0,1385700.0,1365700.0,1367500.0,1423588
20210421 20:00,1363200.0,1363200.0,1340600.0,1344400.0,955406
20210422 20:00,1346500.0,1351900.0,1332600.0,1339300.0,990261
20210425 20:00,1338899.0,1343800.0,1311000.0,1312400.0,1149868
20210426 20:00,1314800.0,1318899.0,1302949.0,1310300.0,1293930
20210427 20:00,1315000.0,1318800.0,1308800.0,1313300.0,917558
20210428 20:00,1318600.0,1329900.0,1312400.0,1323000.0,1059360
20210429 20:00,1318400.0,1336699.0,1318400.0,1334900.0,1052388
20210502 20:00,1336399.0,1356800.0,1336399.0,1351800.0,1419669
20210503 20:00,1349400.0,1358200.0,1342100.0,1345900.0,1947155
20210504 20:00,1348400.0,1351100.0,1331100.0,1332500.0,1293473
20210505 20:00,1338800.0,1353650.0,1335200.0,1353500.0,1451938
20210506 20:00,1353300.0,1360300.0,1347000.0,1351600.0,1050717
20210509 20:00,1355000.0,1384199.0,1353100.0,1377500.0,1637195
20210510 20:00,1370500.0,1387900.0,1364700.0,1367000.0,1853289
20210511 20:00,1369300.0,1375100.0,1352400.0,1357000.0,1478554
20210512 20:00,1353600.0,1385300.0,1349000.0,1376300.0,1389515
20210513 20:00,1381900.0,1390800.0,1375100.0,1382100.0,1038624
20210516 20:00,1381000.0,1390700.0,1375700.0,1378100.0,1283520
20210517 20:00,1379800.0,1384500.0,1361300.0,1361300.0,1356250
20210518 20:00,1354700.0,1368300.0,1354700.0,1367100.0,1661890
20210519 20:00,1366000.0,1387100.0,1360000.0,1380000.0,2132236
20210520 20:00,1381300.0,1389400.0,1377800.0,1378800.0,1806251
20210523 20:00,1380000.0,1388000.0,1377400.0,1380000.0,1191197
20210524 20:00,1387400.0,1387400.0,1367700.0,1385600.0,1495908
20210525 20:00,1383500.0,1388600.0,1378700.0,1383000.0,1329479
20210526 20:00,1380000.0,1383600.0,1346750.0,1355000.0,2749530
20210527 20:00,1364500.0,1364500.0,1346399.0,1349400.0,1376733
20210531 20:00,1357400.0,1360700.0,1324800.0,1327000.0,1718337
20210601 20:00,1332700.0,1336300.0,1325300.0,1331900.0,1016421
20210602 20:00,1332900.0,1359100.0,1330100.0,1353000.0,1508403
20210603 20:00,1358500.0,1369300.0,1351200.0,1360000.0,911750
20210606 20:00,1360000.0,1368400.0,1354900.0,1365500.0,1102670
20210607 20:00,1364000.0,1368200.0,1347500.0,1348200.0,879576
20210608 20:00,1353100.0,1364300.0,1346800.0,1346800.0,752783
20210609 20:00,1351600.0,1363500.0,1346300.0,1356900.0,1008599
20210610 20:00,1363100.0,1363100.0,1341100.0,1348000.0,1234862
20210613 20:00,1355000.0,1355000.0,1339600.0,1349199.0,719201
20210614 20:00,1350900.0,1356000.0,1345000.0,1346500.0,598366
20210615 20:00,1346500.0,1355800.0,1325500.0,1326000.0,1108196
20210616 20:00,1327800.0,1341800.0,1325000.0,1341800.0,968151
20210617 20:00,1336800.0,1338000.0,1318600.0,1320200.0,1049139
20210620 20:00,1322100.0,1333000.0,1322100.0,1332000.0,850693
20210621 20:00,1328300.0,1340100.0,1328300.0,1332000.0,700290
20210622 20:00,1336399.0,1336399.0,1323100.0,1333000.0,734870
20210623 20:00,1331699.0,1334000.0,1327000.0,1330800.0,510877
20210624 20:00,1335800.0,1355300.0,1329600.0,1350100.0,883490
20210627 20:00,1349199.0,1361600.0,1347300.0,1352500.0,596593
20210628 20:00,1354300.0,1358300.0,1338250.0,1345000.0,734809
20210629 20:00,1342400.0,1352700.0,1340100.0,1349300.0,596933
20210630 20:00,1350900.0,1361399.0,1349300.0,1352500.0,774089
20210701 20:00,1353100.0,1366300.0,1353100.0,1358200.0,687870
20210705 20:00,1359000.0,1363400.0,1352500.0,1359000.0,753433
20210706 20:00,1350900.0,1375800.0,1350900.0,1370300.0,695068
20210707 20:00,1366699.0,1373899.0,1358899.0,1369800.0,776609
20210708 20:00,1370200.0,1376500.0,1366399.0,1366500.0,709473
20210711 20:00,1370300.0,1374700.0,1364300.0,1370000.0,744917
20210712 20:00,1370600.0,1375700.0,1364500.0,1368100.0,788628
20210713 20:00,1371000.0,1382200.0,1363899.0,1381500.0,725337
20210714 20:00,1382700.0,1392600.0,1372600.0,1391600.0,1011351
20210715 20:00,1390200.0,1407800.0,1387500.0,1404400.0,1354352
20210718 20:00,1401800.0,1417800.0,1388100.0,1409800.0,1323260
20210719 20:00,1407900.0,1419700.0,1395700.0,1397600.0,1242323
20210720 20:00,1404800.0,1404800.0,1389900.0,1392600.0,942325
20210721 20:00,1375400.0,1383300.0,1365300.0,1378500.0,842041
20210722 20:00,1381300.0,1399900.0,1370100.0,1399900.0,893016
20210725 20:00,1394199.0,1408200.0,1390600.0,1400200.0,621015
20210726 20:00,1390000.0,1416200.0,1389300.0,1407000.0,1039519
20210727 20:00,1407800.0,1411600.0,1387100.0,1388400.0,1401075
20210728 20:00,1393500.0,1401600.0,1386800.0,1394800.0,734891
20210729 20:00,1393600.0,1445300.0,1389800.0,1422000.0,1642473
20210801 20:00,1424500.0,1431900.0,1407900.0,1418000.0,971271
20210802 20:00,1424000.0,1442100.0,1415400.0,1437000.0,1133692
20210803 20:00,1439900.0,1442400.0,1423400.0,1425800.0,888603
20210804 20:00,1427800.0,1435500.0,1414800.0,1425000.0,716934
20210805 20:00,1428100.0,1431100.0,1412200.0,1415000.0,696718
20210808 20:00,1411699.0,1426000.0,1411100.0,1423800.0,515871
20210809 20:00,1422800.0,1425100.0,1416600.0,1422500.0,697021
20210810 20:00,1422500.0,1432400.0,1421500.0,1425500.0,507683
20210811 20:00,1424300.0,1436300.0,1422600.0,1429500.0,522253
20210812 20:00,1432800.0,1439900.0,1427000.0,1436600.0,503095
20210815 20:00,1437500.0,1448400.0,1431699.0,1444600.0,651956
20210816 20:00,1444000.0,1456000.0,1438899.0,1448899.0,955036
20210817 20:00,1448899.0,1452300.0,1431800.0,1433000.0,892207
20210818 20:00,1426000.0,1454000.0,1420200.0,1445100.0,878439
20210819 20:00,1444199.0,1459800.0,1442700.0,1450800.0,651469
20210822 20:00,1458700.0,1458700.0,1437400.0,1444500.0,644048
20210823 20:00,1449199.0,1449199.0,1429900.0,1431600.0,564991
20210824 20:00,1430600.0,1433500.0,1422500.0,1425100.0,425867
20210825 20:00,1425000.0,1428400.0,1414700.0,1425000.0,622883
20210826 20:00,1429199.0,1430500.0,1416500.0,1424000.0,599681
20210829 20:00,1420000.0,1430000.0,1412300.0,1429600.0,433999
20210830 20:00,1430000.0,1435200.0,1420500.0,1426100.0,811702
20210831 20:00,1424000.0,1441800.0,1422100.0,1439000.0,763497
20210901 20:00,1440300.0,1447300.0,1435800.0,1440000.0,567776
20210902 20:00,1441300.0,1444800.0,1435200.0,1441500.0,676297
20210906 20:00,1442800.0,1448400.0,1433000.0,1433500.0,917011
20210907 20:00,1434600.0,1449400.0,1428000.0,1446000.0,879982
20210908 20:00,1444400.0,1449000.0,1436600.0,1438899.0,675233
20210909 20:00,1441699.0,1447400.0,1433800.0,1441300.0,631623
20210912 20:00,1440000.0,1472300.0,1440000.0,1458300.0,1268293
20210913 20:00,1456800.0,1463500.0,1449500.0,1452000.0,691662
20210914 20:00,1454300.0,1459500.0,1447500.0,1451200.0,829932
20210915 20:00,1453500.0,1453500.0,1428200.0,1441100.0,640996
20210916 20:00,1439600.0,1461500.0,1437800.0,1440300.0,1375028
20210919 20:00,1439199.0,1448400.0,1419800.0,1429300.0,1231815
20210920 20:00,1439500.0,1445200.0,1428100.0,1430000.0,785534
20210921 20:00,1434700.0,1443500.0,1428600.0,1436000.0,722302
20210922 20:00,1439500.0,1446900.0,1433400.0,1444400.0,775347
20210923 20:00,1442400.0,1444500.0,1430900.0,1434500.0,652966
20210926 20:00,1439900.0,1440400.0,1415300.0,1416000.0,669423
20210927 20:00,1414400.0,1421000.0,1395600.0,1408200.0,920051
20210928 20:00,1413300.0,1426699.0,1401600.0,1422400.0,874772
20210929 20:00,1426800.0,1430000.0,1395300.0,1398000.0,915578
20210930 20:00,1395500.0,1403700.0,1383300.0,1397400.0,897058
20211003 20:00,1394700.0,1403899.0,1376100.0,1391900.0,805491
20211004 20:00,1392700.0,1405200.0,1384600.0,1393400.0,737031
20211005 20:00,1386000.0,1412550.0,1384199.0,1411900.0,765668
20211006 20:00,1413899.0,1430300.0,1413899.0,1422600.0,670302
20211007 20:00,1422800.0,1427900.0,1410400.0,1417300.0,696109
20211010 20:00,1417300.0,1427700.0,1412400.0,1419100.0,642987
20211011 20:00,1422600.0,1430400.0,1415000.0,1419700.0,920292
20211012 20:00,1424100.0,1427700.0,1410300.0,1424400.0,728880
20211013 20:00,1430000.0,1446900.0,1426500.0,1440800.0,718275
20211014 20:00,1443400.0,1448700.0,1436800.0,1444300.0,602326
20211017 20:00,1444300.0,1444900.0,1420900.0,1423500.0,931704
20211018 20:00,1425700.0,1430000.0,1388000.0,1406600.0,1166203
20211019 20:00,1406600.0,1419600.0,1398800.0,1411800.0,926904
20211020 20:00,1405700.0,1411500.0,1390600.0,1392700.0,824715
20211021 20:00,1395000.0,1410100.0,1393000.0,1408300.0,737565
20211024 20:00,1408400.0,1409199.0,1390600.0,1407100.0,560562
20211025 20:00,1410500.0,1433899.0,1408600.0,1433899.0,712908
20211026 20:00,1423000.0,1436800.0,1417000.0,1419700.0,1024066
20211027 20:00,1418400.0,1428800.0,1416100.0,1426800.0,687904
20211028 20:00,1427600.0,1434800.0,1420000.0,1430200.0,654746
20211031 20:00,1440000.0,1440000.0,1422200.0,1427700.0,666335
20211101 20:00,1425000.0,1445700.0,1422900.0,1440600.0,1883803
20211102 20:00,1440600.0,1452000.0,1435300.0,1451000.0,1304018
20211103 20:00,1450300.0,1455000.0,1423300.0,1453300.0,834087
20211104 20:00,1455100.0,1463700.0,1448000.0,1459900.0,813799
20211107 19:00,1462100.0,1465000.0,1440300.0,1449600.0,590315
20211108 19:00,1448400.0,1458200.0,1445600.0,1453899.0,743339
20211109 19:00,1452400.0,1473100.0,1449800.0,1466900.0,833702
20211110 19:00,1470000.0,1474900.0,1462200.0,1464000.0,506266
20211111 19:00,1463000.0,1470800.0,1459800.0,1466500.0,530033
20211114 19:00,1465500.0,1477500.0,1464700.0,1472100.0,617172
20211115 19:00,1475600.0,1485900.0,1470000.0,1470200.0,612065
20211116 19:00,1469800.0,1477800.0,1464199.0,1471200.0,619767
20211117 19:00,1472800.0,1480600.0,1465100.0,1471200.0,694140
20211118 19:00,1473200.0,1482300.0,1465200.0,1468200.0,631327
20211121 19:00,1467000.0,1489400.0,1465600.0,1478000.0,664059
20211122 19:00,1471900.0,1495000.0,1471900.0,1494400.0,918544
20211123 19:00,1493500.0,1496100.0,1476699.0,1485100.0,712224
20211125 19:00,1469700.0,1497000.0,1461000.0,1465000.0,936619
20211128 19:00,1478899.0,1496550.0,1468100.0,1494900.0,919087
20211129 19:00,1481000.0,1488500.0,1441200.0,1450000.0,1112962
20211130 19:00,1453700.0,1478700.0,1449500.0,1460000.0,1249549
20211201 19:00,1470000.0,1484600.0,1462500.0,1472600.0,1282433
20211202 19:00,1472600.0,1500000.0,1471500.0,1499000.0,1603237
20211205 19:00,1500700.0,1523850.0,1500000.0,1522800.0,1210569
20211206 19:00,1526699.0,1529199.0,1513000.0,1520700.0,887899
20211207 19:00,1523000.0,1526600.0,1503000.0,1524300.0,1049421
20211208 19:00,1528000.0,1541900.0,1516000.0,1533100.0,1262214
20211209 19:00,1532900.0,1558000.0,1501800.0,1546600.0,939928
20211212 19:00,1549600.0,1583300.0,1549500.0,1576699.0,1072385
20211213 19:00,1576800.0,1586200.0,1566699.0,1582700.0,1376772
20211214 19:00,1580800.0,1596300.0,1574500.0,1591000.0,1138084
20211215 19:00,1590000.0,1613600.0,1584199.0,1613600.0,1242438
20211216 19:00,1615900.0,1617100.0,1573200.0,1579300.0,1960293
20211219 19:00,1565500.0,1587000.0,1561600.0,1587000.0,1205989
20211220 19:00,1577700.0,1585900.0,1567900.0,1577000.0,986283
20211221 19:00,1572700.0,1595800.0,1572600.0,1594700.0,750816
20211222 19:00,1595000.0,1609199.0,1591399.0,1602100.0,606084
20211226 19:00,1606000.0,1622800.0,1600500.0,1620600.0,706380
20211227 19:00,1618800.0,1633800.0,1616100.0,1629600.0,646172
20211228 19:00,1623000.0,1649800.0,1620800.0,1646200.0,695047
20211229 19:00,1638400.0,1646200.0,1625300.0,1625300.0,673179
20211230 19:00,1628000.0,1638899.0,1624700.0,1635400.0,641197
20220102 19:00,1638700.0,1649900.0,1598899.0,1629000.0,1110275
20220103 19:00,1627800.0,1643899.0,1620600.0,1635400.0,1081893
20220104 19:00,1637500.0,1653200.0,1631699.0,1646600.0,1337714
20220105 19:00,1644400.0,1651500.0,1626100.0,1630100.0,934769
20220106 19:00,1626800.0,1635300.0,1619500.0,1629700.0,662530
20220109 19:00,1627400.0,1636800.0,1601699.0,1605000.0,1110435
20220110 19:00,1606300.0,1612500.0,1569199.0,1586800.0,1631806
20220111 19:00,1586600.0,1594300.0,1578500.0,1590200.0,820598
20220112 19:00,1597500.0,1597500.0,1577900.0,1582000.0,901568
20220113 19:00,1582200.0,1604900.0,1575600.0,1600000.0,758642
20220117 19:00,1598400.0,1598500.0,1560500.0,1568800.0,1199055
20220118 19:00,1569199.0,1641600.0,1562300.0,1622500.0,1448887
20220119 19:00,1622300.0,1643300.0,1583600.0,1618400.0,1299380
20220120 19:00,1619900.0,1653400.0,1615000.0,1625000.0,1191639
20220123 19:00,1626000.0,1641100.0,1587400.0,1614900.0,1606450
20220124 19:00,1605500.0,1623700.0,1579100.0,1591300.0,1036019
20220125 19:00,1605000.0,1610400.0,1563800.0,1584800.0,1747216
20220126 19:00,1581500.0,1613500.0,1574300.0,1595600.0,1024755
20220127 19:00,1598000.0,1609400.0,1573300.0,1607900.0,880053
20220130 19:00,1608000.0,1610000.0,1588800.0,1603000.0,690021
20220131 19:00,1605000.0,1612600.0,1577400.0,1597000.0,620298
20220201 19:00,1600100.0,1628300.0,1594199.0,1623000.0,667292
20220202 19:00,1620600.0,1649800.0,1615100.0,1642500.0,1230575
20220203 19:00,1645000.0,1645300.0,1614000.0,1617600.0,985988
20220206 19:00,1616800.0,1622649.0,1596800.0,1613200.0,723856
20220207 19:00,1604000.0,1612700.0,1596500.0,1605800.0,524582
20220208 19:00,1608800.0,1608800.0,1592800.0,1597000.0,691691
20220209 19:00,1598300.0,1598400.0,1566800.0,1570900.0,920746
20220210 19:00,1571699.0,1584800.0,1555900.0,1569000.0,907242
20220213 19:00,1554900.0,1570600.0,1533700.0,1569100.0,1219003
20220214 19:00,1570900.0,1593000.0,1561300.0,1565200.0,739460
20220215 19:00,1572700.0,1587800.0,1562800.0,1580000.0,1034812
20220216 19:00,1579800.0,1603700.0,1573500.0,1598100.0,1274315
20220217 19:00,1598200.0,1610500.0,1588250.0,1590000.0,762477
20220221 19:00,1585000.0,1609800.0,1566500.0,1583000.0,869224
20220222 19:00,1583000.0,1589600.0,1556100.0,1557300.0,693299
20220223 19:00,1542500.0,1560200.0,1505500.0,1515400.0,1390436
20220224 19:00,1510000.0,1589400.0,1510000.0,1583800.0,1151661
20220227 19:00,1569199.0,1579100.0,1538300.0,1558899.0,685950
20220228 19:00,1560000.0,1564700.0,1523500.0,1534400.0,777528
20220301 19:00,1536699.0,1550800.0,1526200.0,1532000.0,656455
20220302 19:00,1531800.0,1558600.0,1531800.0,1546600.0,776849
20220303 19:00,1542800.0,1553450.0,1525700.0,1550000.0,990111
20220306 19:00,1543100.0,1551399.0,1511300.0,1520600.0,1005593
20220307 19:00,1529000.0,1536000.0,1465200.0,1467800.0,1216066
20220308 19:00,1485000.0,1504700.0,1477700.0,1487000.0,897476
20220309 19:00,1490000.0,1494800.0,1439500.0,1450100.0,1112836
20220310 19:00,1452100.0,1464400.0,1430000.0,1431699.0,791204
20220313 20:00,1433899.0,1460100.0,1432100.0,1460000.0,801576
20220314 20:00,1462500.0,1505300.0,1447800.0,1502500.0,1259906
20220315 20:00,1502600.0,1517500.0,1480400.0,1498100.0,899620
20220316 20:00,1497600.0,1504600.0,1485100.0,1490000.0,845410
20220317 20:00,1502300.0,1509500.0,1482600.0,1504900.0,990027
20220320 20:00,1502800.0,1514199.0,1492300.0,1507500.0,672505
20220321 20:00,1509000.0,1535900.0,1505100.0,1517900.0,710305
20220322 20:00,1520000.0,1530200.0,1507000.0,1508899.0,530758
20220323 20:00,1514900.0,1516699.0,1501699.0,1508100.0,392121
20220324 20:00,1510800.0,1539199.0,1510800.0,1528300.0,572329
20220327 20:00,1528000.0,1540900.0,1526200.0,1536500.0,411381
20220328 20:00,1538800.0,1564199.0,1538800.0,1550000.0,670985
20220329 20:00,1535900.0,1545900.0,1519700.0,1543899.0,662564
20220330 20:00,1545900.0,1549000.0,1524000.0,1531500.0,558597
20220331 20:00,1535000.0,1554600.0,1520600.0,1550600.0,586000
20220403 20:00,1550000.0,1559900.0,1512600.0,1541900.0,712242
20220404 20:00,1536300.0,1573400.0,1528000.0,1552300.0,975707
20220405 20:00,1541000.0,1572800.0,1533800.0,1566900.0,879528
20220406 20:00,1565000.0,1594000.0,1562800.0,1589900.0,705736
20220407 20:00,1590700.0,1605300.0,1589300.0,1601000.0,605698
20220410 20:00,1599900.0,1612000.0,1586300.0,1595000.0,635447
20220411 20:00,1595300.0,1606200.0,1587000.0,1591200.0,665069
20220412 20:00,1596200.0,1604199.0,1586100.0,1596500.0,421531
20220413 20:00,1595500.0,1602700.0,1584600.0,1594800.0,556579
20220417 20:00,1585700.0,1594700.0,1565300.0,1571000.0,499303
20220418 20:00,1575000.0,1600200.0,1563400.0,1592500.0,801633
20220419 20:00,1607800.0,1644700.0,1585300.0,1637000.0,1234492
20220420 20:00,1635000.0,1649000.0,1620000.0,1620000.0,906542
20220421 20:00,1627800.0,1635200.0,1606600.0,1608000.0,977319
20220424 20:00,1608700.0,1633000.0,1597600.0,1623000.0,1104814
20220425 20:00,1615400.0,1636000.0,1590400.0,1590400.0,1087456
20220426 20:00,1600400.0,1614400.0,1591100.0,1598300.0,769980
20220427 20:00,1602800.0,1637100.0,1592800.0,1632500.0,1279805
20220428 20:00,1635700.0,1636699.0,1602500.0,1608600.0,1093446
20220501 20:00,1613200.0,1620100.0,1562200.0,1581900.0,1312606
20220502 20:00,1583600.0,1589900.0,1550200.0,1564900.0,1302739
20220503 20:00,1562500.0,1575500.0,1551399.0,1570000.0,798730
20220504 20:00,1574100.0,1574100.0,1531500.0,1546800.0,886484
20220505 20:00,1548899.0,1562300.0,1538600.0,1558700.0,715008
20220508 20:00,1554199.0,1567600.0,1527500.0,1557100.0,1096284
20220509 20:00,1560000.0,1566100.0,1539400.0,1542500.0,784652
20220510 20:00,1548000.0,1559000.0,1523600.0,1529800.0,766871
20220511 20:00,1522000.0,1538400.0,1498899.0,1519000.0,1076974
20220512 20:00,1529199.0,1539800.0,1504400.0,1537500.0,766998
20220515 20:00,1535200.0,1558899.0,1520300.0,1551200.0,593684
20220516 20:00,1553200.0,1568899.0,1530800.0,1545100.0,827832
20220517 20:00,1543600.0,1548000.0,1445500.0,1447500.0,1066196
20220518 20:00,1450000.0,1450000.0,1406100.0,1417000.0,1300084
20220519 20:00,1431200.0,1431399.0,1391800.0,1416699.0,806990
20220522 20:00,1422600.0,1456250.0,1420800.0,1446000.0,955750
20220523 20:00,1445000.0,1480200.0,1441500.0,1480000.0,1012489
20220524 20:00,1472000.0,1473899.0,1438300.0,1451900.0,1027829
20220525 20:00,1453400.0,1473700.0,1446200.0,1465400.0,599705
20220526 20:00,1461699.0,1495000.0,1461699.0,1495000.0,573521
20220530 20:00,1494199.0,1495000.0,1461500.0,1478600.0,810709
20220531 20:00,1487600.0,1487600.0,1447100.0,1456100.0,842759
20220601 20:00,1462500.0,1474800.0,1426200.0,1472300.0,836548
20220602 20:00,1466900.0,1475700.0,1451200.0,1459000.0,539102
20220605 20:00,1465900.0,1476300.0,1446000.0,1455000.0,640324
20220606 20:00,1451600.0,1471800.0,1434199.0,1464199.0,499089
20220607 20:00,1463000.0,1469700.0,1450000.0,1451000.0,459764
20220608 20:00,1451100.0,1468899.0,1423300.0,1425400.0,569618
20220609 20:00,1427500.0,1431500.0,1394900.0,1419500.0,781699
20220612 20:00,1410200.0,1412000.0,1376500.0,1382100.0,1041940
20220613 20:00,1392300.0,1393600.0,1325300.0,1342900.0,1191578
20220614 20:00,1345400.0,1349000.0,1295000.0,1325100.0,1716802
20220615 20:00,1314100.0,1350700.0,1304199.0,1333500.0,1309006
20220616 20:00,1337700.0,1343100.0,1314300.0,1328300.0,1108821
20220620 20:00,1342400.0,1370000.0,1332500.0,1360000.0,781130
20220621 20:00,1350000.0,1396900.0,1344500.0,1385000.0,799615
20220622 20:00,1378200.0,1424700.0,1370000.0,1420000.0,717702
20220623 20:00,1429199.0,1452300.0,1424900.0,1442700.0,968480
20220626 20:00,1450000.0,1453600.0,1427200.0,1433500.0,551521
20220627 20:00,1433300.0,1440700.0,1405700.0,1409199.0,785351
20220628 20:00,1407100.0,1428700.0,1407100.0,1421600.0,571057
20220629 20:00,1411100.0,1444300.0,1405100.0,1438000.0,585553
20220630 20:00,1437000.0,1462900.0,1434100.0,1461100.0,590563
20220704 20:00,1466500.0,1471500.0,1425600.0,1443100.0,666149
20220705 20:00,1444000.0,1474900.0,1440900.0,1460900.0,744825
20220706 20:00,1465200.0,1465200.0,1445900.0,1459600.0,677069
20220707 20:00,1461699.0,1467800.0,1445600.0,1450000.0,492132
20220710 20:00,1455900.0,1465800.0,1440100.0,1460400.0,537761
20220711 20:00,1459100.0,1469250.0,1443700.0,1447800.0,699015
20220712 20:00,1453400.0,1469500.0,1440000.0,1456500.0,620079
20220713 20:00,1453100.0,1460000.0,1433800.0,1460000.0,738288
20220714 20:00,1451699.0,1464500.0,1441150.0,1450800.0,701639
20220717 20:00,1454000.0,1457500.0,1431800.0,1434000.0,683907
20220718 20:00,1439300.0,1450100.0,1432500.0,1442000.0,685615
20220719 20:00,1441399.0,1444199.0,1406500.0,1415000.0,1181222
20220720 20:00,1409000.0,1412500.0,1389500.0,1407600.0,984456
20220721 20:00,1407300.0,1431699.0,1405000.0,1430200.0,644177
20220724 20:00,1430800.0,1444199.0,1425500.0,1437100.0,598118
20220725 20:00,1432500.0,1444800.0,1417100.0,1443100.0,735197
20220726 20:00,1441500.0,1462000.0,1435300.0,1453500.0,666459
20220727 20:00,1453500.0,1487000.0,1448600.0,1487000.0,515437
20220728 20:00,1480900.0,1493800.0,1382400.0,1391000.0,1904471
20220731 20:00,1396300.0,1439400.0,1383000.0,1428000.0,1866820
20220801 20:00,1422300.0,1437200.0,1417700.0,1417700.0,874258
20220802 20:00,1421399.0,1452700.0,1409500.0,1444800.0,680576
20220803 20:00,1446000.0,1464600.0,1440300.0,1445000.0,525272
20220804 20:00,1450300.0,1450300.0,1427900.0,1443000.0,458823
20220807 20:00,1450800.0,1464800.0,1447300.0,1456000.0,469764
20220808 20:00,1455200.0,1460200.0,1445000.0,1449300.0,426896
20220809 20:00,1452800.0,1465000.0,1441399.0,1460700.0,426693
20220810 20:00,1466200.0,1472900.0,1449300.0,1456500.0,449935
20220811 20:00,1456399.0,1467200.0,1449800.0,1464100.0,435263
20220814 20:00,1463700.0,1487600.0,1460000.0,1483000.0,596311
20220815 20:00,1483500.0,1505800.0,1481900.0,1500000.0,786165
20220816 20:00,1495600.0,1500000.0,1484700.0,1490000.0,359742
20220817 20:00,1489900.0,1499800.0,1485600.0,1497500.0,304715
20220818 20:00,1495000.0,1506300.0,1486200.0,1500000.0,573408
20220821 20:00,1488300.0,1501300.0,1485100.0,1495300.0,563583
20220822 20:00,1496900.0,1496900.0,1458500.0,1462100.0,590282
20220823 20:00,1465300.0,1472600.0,1451200.0,1457400.0,790519
20220824 20:00,1464600.0,1464700.0,1444900.0,1455400.0,609642
20220825 20:00,1453899.0,1465350.0,1420200.0,1422500.0,694107
20220828 20:00,1423600.0,1426900.0,1410900.0,1418899.0,534231
20220829 20:00,1425800.0,1428500.0,1397300.0,1401500.0,632459
20220830 20:00,1405200.0,1408700.0,1378400.0,1378400.0,744844
20220831 20:00,1377500.0,1399199.0,1367500.0,1399199.0,887750
20220901 20:00,1396399.0,1411500.0,1365500.0,1372000.0,678830
20220905 20:00,1381500.0,1381500.0,1353000.0,1355500.0,843253
20220906 20:00,1359199.0,1377500.0,1352900.0,1377500.0,759671
20220907 20:00,1372000.0,1384900.0,1360600.0,1378700.0,750509
20220908 20:00,1387600.0,1410900.0,1373150.0,1399700.0,746529
20220911 20:00,1400700.0,1417900.0,1391399.0,1417300.0,599971
20220912 20:00,1413700.0,1419199.0,1378700.0,1385000.0,668161
20220913 20:00,1382200.0,1396200.0,1376900.0,1393500.0,618960
20220914 20:00,1389900.0,1391399.0,1366399.0,1379400.0,602993
20220915 20:00,1369300.0,1390500.0,1364800.0,1388200.0,663513
20220918 20:00,1381800.0,1384400.0,1372700.0,1380000.0,517111
20220919 20:00,1378000.0,1381300.0,1365300.0,1372000.0,665597
20220920 20:00,1374400.0,1381500.0,1355000.0,1357000.0,785187
20220921 20:00,1358400.0,1370700.0,1352400.0,1364900.0,490843
20220922 20:00,1354800.0,1364900.0,1339600.0,1356600.0,638324
20220925 20:00,1353400.0,1368300.0,1334900.0,1356600.0,629601
20220926 20:00,1364300.0,1369300.0,1317200.0,1320200.0,622144
20220927 20:00,1313400.0,1330000.0,1312000.0,1317300.0,1149372
20220928 20:00,1310900.0,1319700.0,1280500.0,1283500.0,663904
20220929 20:00,1297500.0,1297500.0,1262100.0,1263000.0,845555
20221002 20:00,1270200.0,1290900.0,1265100.0,1284600.0,913745
20221003 20:00,1295700.0,1308700.0,1285300.0,1301000.0,640488
20221004 20:00,1298500.0,1300800.0,1280900.0,1294000.0,507457
20221005 20:00,1291300.0,1292000.0,1262000.0,1264000.0,426676
20221006 20:00,1268100.0,1270800.0,1237600.0,1242400.0,498798
20221009 20:00,1230000.0,1242300.0,1221700.0,1239000.0,723971
20221010 20:00,1240700.0,1257000.0,1230000.0,1242300.0,595640
20221011 20:00,1250000.0,1258000.0,1242300.0,1242600.0,574899
20221012 20:00,1249600.0,1267300.0,1229000.0,1262900.0,679913
20221013 20:00,1264600.0,1276500.0,1247700.0,1249900.0,418252
20221016 20:00,1254600.0,1282600.0,1254600.0,1282500.0,529863
20221017 20:00,1280500.0,1300800.0,1276500.0,1297000.0,647745
20221018 20:00,1290500.0,1330000.0,1274400.0,1295600.0,926881
20221019 20:00,1291100.0,1297800.0,1262500.0,1270000.0,668882
20221020 20:00,1266400.0,1289500.0,1261300.0,1286399.0,573865
20221023 20:00,1283100.0,1303899.0,1277200.0,1298300.0,531655
20221024 20:00,1295200.0,1311850.0,1284800.0,1305000.0,522128
20221025 20:00,1299199.0,1325800.0,1298700.0,1322500.0,672982
20221026 20:00,1320800.0,1331300.0,1314900.0,1320000.0,475931
20221027 20:00,1316699.0,1355100.0,1312200.0,1350800.0,631878
20221030 20:00,1350000.0,1358300.0,1340200.0,1350500.0,764203
20221031 20:00,1350500.0,1362600.0,1338500.0,1348800.0,658704
20221101 20:00,1350000.0,1365500.0,1326699.0,1329000.0,852586
20221102 20:00,1332100.0,1332800.0,1309600.0,1322900.0,488719
20221103 20:00,1320300.0,1350000.0,1320300.0,1345500.0,620395
20221106 19:00,1348500.0,1371800.0,1344400.0,1365000.0,534918
20221107 19:00,1360200.0,1375200.0,1358000.0,1368200.0,551528
20221108 19:00,1367000.0,1379600.0,1361800.0,1364600.0,771109
20221109 19:00,1367100.0,1416200.0,1363400.0,1412000.0,862156
20221110 19:00,1421800.0,1423000.0,1391100.0,1403000.0,868473
20221113 19:00,1408600.0,1435400.0,1402300.0,1414300.0,940630
20221114 19:00,1418000.0,1432000.0,1397100.0,1404900.0,1048643
20221115 19:00,1408700.0,1429199.0,1405600.0,1418800.0,700751
20221116 19:00,1420000.0,1420000.0,1398600.0,1409000.0,554836
20221117 19:00,1408800.0,1427500.0,1407200.0,1426000.0,529930
20221120 19:00,1419300.0,1451800.0,1415400.0,1443800.0,618063
20221121 19:00,1449000.0,1459000.0,1446000.0,1456500.0,547313
20221122 19:00,1457600.0,1466399.0,1455200.0,1464600.0,418917
20221124 19:00,1463899.0,1472000.0,1461699.0,1467100.0,190949
20221127 19:00,1467600.0,1473200.0,1458899.0,1466100.0,466409
20221128 19:00,1468000.0,1469900.0,1445600.0,1452000.0,449717
20221129 19:00,1460500.0,1493600.0,1447000.0,1489100.0,811271
20221130 19:00,1484900.0,1503400.0,1484900.0,1486300.0,692136
20221201 19:00,1490800.0,1507550.0,1480800.0,1502000.0,526742
20221204 19:00,1505800.0,1505800.0,1482400.0,1492500.0,463432
20221205 19:00,1493600.0,1500900.0,1482700.0,1490500.0,656536
20221206 19:00,1496600.0,1504300.0,1481600.0,1502400.0,513356
20221207 19:00,1500200.0,1513700.0,1490500.0,1504900.0,505414
20221208 19:00,1515200.0,1519500.0,1500200.0,1510900.0,468324
20221211 19:00,1510900.0,1525600.0,1508500.0,1521800.0,572544
20221212 19:00,1524900.0,1542900.0,1508000.0,1521500.0,740284
20221213 19:00,1524700.0,1544300.0,1517000.0,1530000.0,735086
20221214 19:00,1523899.0,1524900.0,1497300.0,1511200.0,649905
20221215 19:00,1506000.0,1511699.0,1490300.0,1504400.0,732007
20221218 19:00,1502700.0,1513750.0,1492400.0,1504000.0,604096
20221219 19:00,1504800.0,1510000.0,1489900.0,1510000.0,526314
20221220 19:00,1507600.0,1526300.0,1504800.0,1515500.0,517795
20221221 19:00,1517800.0,1524100.0,1504900.0,1521699.0,491234
20221222 19:00,1520800.0,1529100.0,1516699.0,1525800.0,339764
20221226 19:00,1532200.0,1543100.0,1526200.0,1531800.0,426665
20221227 19:00,1540500.0,1546399.0,1517500.0,1522500.0,482552
20221228 19:00,1517100.0,1532400.0,1516000.0,1524199.0,321206
20221229 19:00,1519100.0,1526300.0,1504400.0,1515700.0,449417
20230102 19:00,1526000.0,1527600.0,1491200.0,1513100.0,686927
20230103 19:00,1517100.0,1533800.0,1512400.0,1523000.0,766503
20230104 19:00,1522300.0,1525200.0,1501200.0,1505400.0,525885
20230105 19:00,1508000.0,1544600.0,1500800.0,1537600.0,655209
20230108 19:00,1539199.0,1549400.0,1517300.0,1519199.0,529440
20230109 19:00,1517400.0,1527100.0,1509500.0,1519900.0,602615
20230110 19:00,1513100.0,1525600.0,1493500.0,1505000.0,751148
20230111 19:00,1507900.0,1517400.0,1495250.0,1497500.0,817867
20230112 19:00,1500000.0,1510400.0,1494300.0,1508000.0,459312
20230116 19:00,1512000.0,1521200.0,1503000.0,1504000.0,598163
20230117 19:00,1500500.0,1508400.0,1455000.0,1457500.0,1015078
20230118 19:00,1452800.0,1464199.0,1400900.0,1424100.0,1339365
20230119 19:00,1429500.0,1431500.0,1401500.0,1429600.0,814330
20230122 19:00,1431500.0,1437600.0,1406900.0,1410000.0,679290
20230123 19:00,1412900.0,1423700.0,1398100.0,1417300.0,678795
20230124 19:00,1417400.0,1420600.0,1387350.0,1417200.0,705619
20230125 19:00,1419900.0,1420800.0,1407500.0,1410900.0,542294
20230126 19:00,1411500.0,1413600.0,1392949.0,1405500.0,747153
20230129 19:00,1404900.0,1421200.0,1398700.0,1412500.0,498906
20230130 19:00,1410100.0,1424700.0,1405500.0,1423500.0,583806
20230131 19:00,1423400.0,1441100.0,1413600.0,1430000.0,678560
20230201 19:00,1432800.0,1435000.0,1412000.0,1420000.0,710653
20230202 19:00,1422400.0,1433899.0,1411800.0,1425700.0,750805
20230205 19:00,1425800.0,1426699.0,1410100.0,1416000.0,548950
20230206 19:00,1415300.0,1416200.0,1387800.0,1400200.0,526595
20230207 19:00,1399500.0,1401000.0,1383800.0,1386800.0,811425
20230208 19:00,1394000.0,1394000.0,1368700.0,1374300.0,587270
20230209 19:00,1371200.0,1383200.0,1358400.0,1382600.0,781634
20230212 19:00,1385700.0,1404500.0,1378800.0,1400000.0,461582
20230213 19:00,1403400.0,1410300.0,1386200.0,1392000.0,497767
20230214 19:00,1392300.0,1394300.0,1380800.0,1391600.0,513449
20230215 19:00,1393000.0,1393000.0,1365550.0,1372000.0,697763
20230216 19:00,1369900.0,1400300.0,1365900.0,1400100.0,646300
20230220 19:00,1399600.0,1408800.0,1385600.0,1399199.0,578409
20230221 19:00,1402200.0,1415900.0,1391800.0,1405100.0,603057
20230222 19:00,1407900.0,1411399.0,1391100.0,1398400.0,659457
20230223 19:00,1397900.0,1402900.0,1380850.0,1392100.0,582387
20230226 19:00,1394000.0,1404650.0,1385300.0,1394800.0,581984
20230227 19:00,1388200.0,1395000.0,1372500.0,1375600.0,664158
20230228 19:00,1393000.0,1399900.0,1365100.0,1376500.0,664034
20230301 19:00,1376300.0,1404199.0,1371200.0,1396300.0,709546
20230302 19:00,1413200.0,1416100.0,1399700.0,1408000.0,672765
20230305 19:00,1406800.0,1411350.0,1399400.0,1404800.0,456853
20230306 19:00,1404100.0,1406100.0,1373450.0,1374100.0,514274
20230307 19:00,1375600.0,1380900.0,1366000.0,1377000.0,626856
20230308 19:00,1375800.0,1385600.0,1361000.0,1361600.0,658330
20230309 19:00,1360000.0,1379800.0,1360000.0,1370300.0,830945
20230312 20:00,1372800.0,1413300.0,1367000.0,1384800.0,1228832
20230313 20:00,1383000.0,1401100.0,1373600.0,1397400.0,902298
20230314 20:00,1395900.0,1421500.0,1380300.0,1417500.0,1038375
20230315 20:00,1417600.0,1431300.0,1410000.0,1428800.0,922247
20230316 20:00,1426300.0,1434500.0,1415300.0,1434500.0,865935
20230319 20:00,1432800.0,1453700.0,1422300.0,1451200.0,857036
20230320 20:00,1453300.0,1454800.0,1428400.0,1438700.0,636270
20230321 20:00,1440000.0,1457500.0,1437000.0,1445400.0,647134
20230322 20:00,1442500.0,1451200.0,1431900.0,1437900.0,773837
20230323 20:00,1439100.0,1468400.0,1429600.0,1468000.0,796395
20230326 20:00,1468000.0,1474199.0,1457100.0,1465000.0,789284
20230327 20:00,1462500.0,1468200.0,1458000.0,1463000.0,540493
20230328 20:00,1465000.0,1472900.0,1462600.0,1466500.0,617319
20230329 20:00,1470900.0,1477500.0,1463000.0,1474500.0,473404
20230330 20:00,1475200.0,1487000.0,1471399.0,1485100.0,692819
20230402 20:00,1484100.0,1500700.0,1471000.0,1494000.0,697578
20230403 20:00,1494800.0,1517100.0,1491200.0,1502000.0,674551
20230404 20:00,1504900.0,1523400.0,1495100.0,1512900.0,774018
20230405 20:00,1509600.0,1529600.0,1507200.0,1522200.0,595839
20230409 20:00,1522300.0,1522300.0,1495200.0,1510000.0,612016
20230410 20:00,1510500.0,1514400.0,1503400.0,1510000.0,621998
20230411 20:00,1510500.0,1524100.0,1499300.0,1508000.0,583216
20230412 20:00,1514800.0,1518700.0,1498200.0,1517500.0,612526
20230413 20:00,1515000.0,1519500.0,1505100.0,1511000.0,365373
20230416 20:00,1512300.0,1518700.0,1503000.0,1509900.0,350434
20230417 20:00,1512600.0,1516399.0,1501050.0,1510200.0,394639
20230418 20:00,1512100.0,1519000.0,1507300.0,1512500.0,349462
20230419 20:00,1502100.0,1515300.0,1499800.0,1515300.0,483259
20230420 20:00,1506900.0,1581100.0,1504800.0,1560000.0,1883200
20230423 20:00,1558800.0,1572500.0,1550300.0,1563000.0,892541
20230424 20:00,1560900.0,1579300.0,1555400.0,1560500.0,861175
20230425 20:00,1560800.0,1561100.0,1543400.0,1547300.0,606667
20230426 20:00,1549600.0,1568700.0,1546800.0,1566800.0,495849
20230427 20:00,1564700.0,1573600.0,1557600.0,1564700.0,560492
20230430 20:00,1563800.0,1574000.0,1558000.0,1565100.0,386112
20230501 20:00,1567200.0,1569100.0,1556699.0,1562600.0,604201
20230502 20:00,1567200.0,1575700.0,1554500.0,1560200.0,655878
20230503 20:00,1560800.0,1566300.0,1551000.0,1557600.0,516692
20230504 20:00,1552400.0,1562900.0,1547000.0,1558000.0,409149
20230507 20:00,1559600.0,1560400.0,1548800.0,1553800.0,539321
20230508 20:00,1547000.0,1559500.0,1535900.0,1541900.0,431367
20230509 20:00,1537100.0,1543200.0,1524400.0,1538200.0,509398
20230510 20:00,1544100.0,1548899.0,1533899.0,1544900.0,391337
20230511 20:00,1540500.0,1562000.0,1540500.0,1559100.0,489329
20230514 20:00,1557200.0,1567800.0,1546399.0,1558500.0,526488
20230515 20:00,1560100.0,1569199.0,1549500.0,1557600.0,480156
20230516 20:00,1558200.0,1566600.0,1539000.0,1549400.0,475912
20230517 20:00,1547100.0,1551900.0,1515900.0,1526000.0,777573
20230518 20:00,1525300.0,1533200.0,1518500.0,1530900.0,405045
20230521 20:00,1529900.0,1531000.0,1488300.0,1493200.0,797304
20230522 20:00,1494199.0,1494199.0,1470700.0,1476699.0,613127
20230523 20:00,1479400.0,1482000.0,1460900.0,1462000.0,680889
20230524 20:00,1462700.0,1462700.0,1443500.0,1452200.0,683416
20230525 20:00,1453899.0,1460100.0,1447100.0,1454100.0,551322
20230529 20:00,1457800.0,1459500.0,1423600.0,1431800.0,607931
20230530 20:00,1428500.0,1439800.0,1419000.0,1427500.0,1036370
20230531 20:00,1431000.0,1441100.0,1424400.0,1439000.0,637756
20230601 20:00,1443300.0,1466750.0,1438400.0,1459900.0,668418
20230604 20:00,1463800.0,1478300.0,1456100.0,1459300.0,522881
20230605 20:00,1455700.0,1463100.0,1435600.0,1444900.0,464933
20230606 20:00,1447900.0,1451300.0,1434600.0,1447900.0,647251
20230607 20:00,1450900.0,1466399.0,1448000.0,1465100.0,506313
20230608 20:00,1462600.0,1468000.0,1447300.0,1465600.0,519639
20230611 20:00,1471500.0,1471600.0,1445600.0,1454500.0,562163
20230612 20:00,1458100.0,1458700.0,1443250.0,1450600.0,610912
20230613 20:00,1454199.0,1468650.0,1446200.0,1461000.0,564727
20230614 20:00,1462900.0,1489700.0,1460000.0,1480000.0,545085
20230615 20:00,1488000.0,1500900.0,1482400.0,1495000.0,554642
20230619 20:00,1497100.0,1502900.0,1481100.0,1481500.0,484954
20230620 20:00,1484900.0,1496050.0,1478600.0,1494000.0,476602
20230621 20:00,1498400.0,1510900.0,1493100.0,1499600.0,566413
20230622 20:00,1498300.0,1506000.0,1479700.0,1484600.0,652607
20230625 20:00,1484000.0,1489700.0,1467200.0,1486000.0,442852
20230626 20:00,1483899.0,1501699.0,1480000.0,1496699.0,551816
20230627 20:00,1497800.0,1503000.0,1479600.0,1499100.0,738764
20230628 20:00,1499900.0,1504000.0,1471500.0,1494000.0,725047
20230629 20:00,1494400.0,1520700.0,1493000.0,1519800.0,561350
20230702 20:00,1513300.0,1525300.0,1504700.0,1522600.0,427398
20230704 20:00,1523200.0,1524700.0,1512900.0,1520000.0,671926
20230705 20:00,1517700.0,1522100.0,1507700.0,1518400.0,808303
20230706 20:00,1521500.0,1521500.0,1484100.0,1484100.0,1040531
20230709 20:00,1485300.0,1503200.0,1484500.0,1487500.0,536737
20230710 20:00,1492400.0,1492400.0,1469600.0,1480000.0,449565
20230711 20:00,1481600.0,1493899.0,1476399.0,1488600.0,690818
20230712 20:00,1488000.0,1493000.0,1482100.0,1486300.0,440304
20230713 20:00,1489500.0,1506200.0,1487400.0,1499500.0,682659
20230716 20:00,1502500.0,1502500.0,1485000.0,1488000.0,504609
20230717 20:00,1491200.0,1504650.0,1484000.0,1492300.0,662153
20230718 20:00,1490900.0,1508200.0,1488600.0,1502900.0,645745
20230719 20:00,1497500.0,1507800.0,1481500.0,1507800.0,757930
20230720 20:00,1504800.0,1536600.0,1502200.0,1527600.0,933149
20230723 20:00,1532300.0,1539500.0,1523600.0,1530500.0,635562
20230724 20:00,1537000.0,1542000.0,1524500.0,1539199.0,682293
20230725 20:00,1538500.0,1548400.0,1529199.0,1539600.0,743487
20230726 20:00,1540000.0,1546300.0,1519199.0,1535300.0,745574
20230727 20:00,1528500.0,1574700.0,1523000.0,1564100.0,1015247
20230730 20:00,1565000.0,1576800.0,1550600.0,1563400.0,735403
20230731 20:00,1559800.0,1571600.0,1553200.0,1555200.0,709895
20230801 20:00,1556300.0,1577300.0,1553000.0,1573800.0,686354
20230802 20:00,1566900.0,1577000.0,1562100.0,1568500.0,610384
20230803 20:00,1572700.0,1577200.0,1546699.0,1552000.0,524173
20230806 20:00,1555900.0,1571500.0,1551200.0,1569000.0,405469
20230807 20:00,1572000.0,1576500.0,1565400.0,1570000.0,514490
20230808 20:00,1573400.0,1580800.0,1567700.0,1571800.0,400318
20230809 20:00,1572600.0,1583800.0,1558000.0,1561100.0,373212
20230810 20:00,1563000.0,1574600.0,1557900.0,1569800.0,382747
20230813 20:00,1571100.0,1575200.0,1555000.0,1556600.0,350087
20230814 20:00,1558800.0,1559400.0,1544600.0,1547400.0,461356
20230815 20:00,1552500.0,1557300.0,1528700.0,1532000.0,548954
20230816 20:00,1534000.0,1538200.0,1517200.0,1517200.0,556037
20230817 20:00,1522600.0,1528850.0,1510800.0,1525200.0,587720
20230820 20:00,1532700.0,1532700.0,1512700.0,1518500.0,402983
20230821 20:00,1521000.0,1522500.0,1509400.0,1518300.0,566217
20230822 20:00,1519800.0,1534700.0,1518800.0,1531500.0,499530
20230823 20:00,1531200.0,1546800.0,1518700.0,1525300.0,445632
20230824 20:00,1527300.0,1540700.0,1524500.0,1531600.0,446447
20230827 20:00,1535400.0,1543700.0,1530500.0,1539000.0,343330
20230828 20:00,1536300.0,1543200.0,1520300.0,1535400.0,539628
20230829 20:00,1537500.0,1548700.0,1535400.0,1541200.0,522721
20230830 20:00,1542000.0,1551600.0,1538200.0,1543400.0,556554
20230831 20:00,1548700.0,1552800.0,1535500.0,1545100.0,450022
20230904 20:00,1542200.0,1548500.0,1522200.0,1523400.0,661063
20230905 20:00,1524000.0,1526900.0,1515800.0,1521399.0,430359
20230906 20:00,1522900.0,1541900.0,1519400.0,1534500.0,632977
20230907 20:00,1535200.0,1539800.0,1523400.0,1533200.0,371338
20230910 20:00,1528600.0,1551000.0,1524500.0,1547500.0,518901
20230911 20:00,1549400.0,1551800.0,1515700.0,1518500.0,494637
20230912 20:00,1523300.0,1535800.0,1515000.0,1530900.0,382395
20230913 20:00,1530700.0,1553400.0,1530100.0,1549700.0,488972
20230914 20:00,1546300.0,1553200.0,1532300.0,1533700.0,545203
20230917 20:00,1536900.0,1545000.0,1533800.0,1542200.0,343351
20230918 20:00,1540800.0,1543000.0,1517500.0,1534300.0,502884
20230919 20:00,1534900.0,1547700.0,1530700.0,1532700.0,727308
20230920 20:00,1529600.0,1536900.0,1520700.0,1521600.0,541153
20230921 20:00,1527200.0,1533300.0,1513800.0,1514100.0,662301
20230924 20:00,1519500.0,1519500.0,1500200.0,1506600.0,463768
20230925 20:00,1503400.0,1507300.0,1487900.0,1494800.0,607568
20230926 20:00,1499800.0,1499800.0,1466399.0,1470800.0,532814
20230927 20:00,1475100.0,1479900.0,1456800.0,1459800.0,596938
20230928 20:00,1465600.0,1468000.0,1448200.0,1457500.0,635859
20231001 20:00,1458000.0,1461000.0,1439000.0,1452100.0,474488
20231002 20:00,1450600.0,1464800.0,1446399.0,1454300.0,578092
20231003 20:00,1452700.0,1462949.0,1447600.0,1455000.0,527003
20231004 20:00,1457800.0,1461000.0,1437000.0,1439500.0,545609
20231005 20:00,1436200.0,1445600.0,1414600.0,1438500.0,890662
20231008 20:00,1431800.0,1439700.0,1416000.0,1430100.0,590256
20231009 20:00,1432700.0,1452100.0,1432700.0,1445300.0,692128
20231010 20:00,1446900.0,1455300.0,1425700.0,1430000.0,536017
20231011 20:00,1432200.0,1439199.0,1416699.0,1430200.0,631051
20231012 20:00,1435100.0,1450200.0,1426600.0,1444199.0,694626
20231015 20:00,1448400.0,1470600.0,1443300.0,1457000.0,867662
20231016 20:00,1458000.0,1468300.0,1452400.0,1465000.0,643942
20231017 20:00,1460000.0,1512550.0,1460000.0,1499100.0,1170454
20231018 20:00,1486900.0,1502800.0,1472000.0,1481800.0,871246
20231019 20:00,1484199.0,1499100.0,1478600.0,1480000.0,527472
20231022 20:00,1477500.0,1495000.0,1473000.0,1481500.0,689368
20231023 20:00,1482400.0,1500700.0,1478100.0,1496800.0,540500
20231024 20:00,1491200.0,1511900.0,1491200.0,1505600.0,658735
20231025 20:00,1505700.0,1513500.0,1492100.0,1502000.0,799589
20231026 20:00,1496300.0,1499400.0,1462800.0,1473300.0,760397
20231029 20:00,1475200.0,1495500.0,1471699.0,1492000.0,598139
20231030 20:00,1492600.0,1502500.0,1486399.0,1499600.0,477522
20231031 20:00,1498200.0,1507900.0,1490000.0,1490000.0,648015
20231101 20:00,1493700.0,1516500.0,1489100.0,1513500.0,678427
20231102 20:00,1512400.0,1522800.0,1496200.0,1501399.0,762930
20231105 19:00,1500800.0,1512500.0,1500000.0,1505000.0,692421
20231106 19:00,1509900.0,1512400.0,1501300.0,1505800.0,711087
20231107 19:00,1507200.0,1511850.0,1495050.0,1500200.0,682132
20231108 19:00,1500100.0,1504600.0,1491200.0,1504600.0,831499
20231109 19:00,1503800.0,1519500.0,1499199.0,1515700.0,494184
20231112 19:00,1514000.0,1528899.0,1512300.0,1524600.0,548922
20231113 19:00,1522600.0,1535000.0,1517000.0,1522000.0,1029628
20231114 19:00,1520200.0,1523899.0,1503899.0,1512800.0,982367
20231115 19:00,1514300.0,1528899.0,1512000.0,1528600.0,943432
20231116 19:00,1525900.0,1532000.0,1508899.0,1511200.0,896053
20231119 19:00,1511300.0,1512200.0,1496699.0,1502200.0,508338
20231120 19:00,1505000.0,1505000.0,1488300.0,1496000.0,872624
20231121 19:00,1495000.0,1514800.0,1495000.0,1508100.0,518819
20231123 19:00,1511800.0,1517250.0,1508000.0,1514000.0,304990
20231126 19:00,1512300.0,1516300.0,1507400.0,1511600.0,545372
20231127 19:00,1510000.0,1527700.0,1509700.0,1522900.0,727372
20231128 19:00,1525000.0,1526800.0,1509900.0,1513200.0,464574
20231129 19:00,1515000.0,1536200.0,1501000.0,1534900.0,591044
20231130 19:00,1531399.0,1538100.0,1522300.0,1523899.0,693889
20231203 19:00,1524700.0,1525300.0,1513500.0,1519400.0,722180
20231204 19:00,1519000.0,1526100.0,1461800.0,1468700.0,1259485
20231205 19:00,1471399.0,1472500.0,1456399.0,1464600.0,918754
20231206 19:00,1463800.0,1471000.0,1460200.0,1465000.0,508868
20231207 19:00,1463000.0,1464800.0,1445200.0,1451500.0,753459
20231210 19:00,1455000.0,1459900.0,1446500.0,1457700.0,946000
20231211 19:00,1460800.0,1462700.0,1450800.0,1461399.0,437865
20231212 19:00,1462500.0,1486399.0,1454800.0,1482800.0,615483
20231213 19:00,1487300.0,1489500.0,1443800.0,1446500.0,1029899
20231214 19:00,1449600.0,1452700.0,1425600.0,1440000.0,933058
20231217 19:00,1442500.0,1474900.0,1440100.0,1461300.0,796618
20231218 19:00,1463300.0,1464400.0,1454199.0,1461399.0,335144
20231219 19:00,1463000.0,1463100.0,1438450.0,1445000.0,687775
20231220 19:00,1443800.0,1447900.0,1431300.0,1441699.0,388204
20231221 19:00,1440300.0,1456300.0,1438899.0,1450500.0,359496
20231225 19:00,1454700.0,1461600.0,1449400.0,1458000.0,274901
20231226 19:00,1459700.0,1463050.0,1453700.0,1460000.0,404468
20231227 19:00,1461500.0,1461600.0,1450350.0,1457900.0,535776
20231228 19:00,1455200.0,1469600.0,1455200.0,1463600.0,768066
