20190101 19:00,580400.0,580800.0,566500.0,570300.0,511369
20190102 19:00,569300.0,578500.0,564100.0,565000.0,740638
20190103 19:00,567800.0,583200.0,566900.0,580000.0,628773
20190106 19:00,582000.0,594600.0,580100.0,589400.0,523768
20190107 19:00,595000.0,610200.0,593900.0,608900.0,567047
20190108 19:00,608700.0,613600.0,603300.0,613100.0,543902
20190109 19:00,611500.0,624700.0,608200.0,624000.0,412186
20190110 19:00,620900.0,624400.0,617000.0,623600.0,289440
20190113 19:00,619500.0,625600.0,617200.0,623300.0,293371
20190114 19:00,626100.0,634800.0,625000.0,632000.0,340170
20190115 19:00,633900.0,637400.0,626800.0,635200.0,291272
20190116 19:00,635200.0,640800.0,633700.0,640500.0,421390
20190117 19:00,643400.0,649400.0,640200.0,649400.0,311913
20190121 19:00,649000.0,666900.0,632800.0,647900.0,677196
20190122 19:00,648900.0,652300.0,644800.0,650699.0,461849
20190123 19:00,647200.0,651600.0,643400.0,647600.0,301223
20190124 19:00,651100.0,660600.0,650000.0,660300.0,454971
20190127 19:00,657700.0,668700.0,654200.0,667099.0,424655
20190128 19:00,667000.0,676500.0,666900.0,675400.0,373760
20190129 19:00,672300.0,685500.0,672000.0,683800.0,502648
20190130 19:00,682200.0,694300.0,675900.0,692300.0,566930
20190131 19:00,695200.0,695500.0,681900.0,694400.0,526569
20190203 19:00,691900.0,696300.0,687300.0,696300.0,524499
20190204 19:00,695900.0,699900.0,689400.0,699400.0,505696
20190205 19:00,699200.0,699200.0,690699.0,694700.0,429132
20190206 19:00,693900.0,706300.0,691900.0,704300.0,601451
20190207 19:00,700400.0,708900.0,699700.0,708500.0,413003
20190210 19:00,707700.0,712900.0,706300.0,710600.0,404065
20190211 19:00,712800.0,712800.0,702400.0,706200.0,448015
20190212 19:00,704400.0,710000.0,702900.0,708199.0,351018
20190213 19:00,705600.0,712099.0,704800.0,708400.0,411025
20190214 19:00,710800.0,711900.0,706200.0,711900.0,298504
20190218 19:00,711900.0,715000.0,709400.0,713700.0,267863
20190219 19:00,711600.0,712300.0,701300.0,703100.0,514191
20190220 19:00,700600.0,711250.0,698900.0,710400.0,415995
20190221 19:00,711700.0,718650.0,709000.0,716200.0,240164
20190224 19:00,718300.0,718300.0,711200.0,712500.0,424142
20190225 19:00,713700.0,714300.0,708000.0,710400.0,234413
20190226 19:00,706100.0,706800.0,695450.0,701300.0,403319
20190227 19:00,700600.0,709000.0,695800.0,700699.0,498610
20190228 19:00,700699.0,701500.0,691500.0,698700.0,693538
20190303 19:00,704800.0,705900.0,696000.0,705900.0,457448
20190304 19:00,703500.0,707800.0,702000.0,703400.0,336319
20190305 19:00,699000.0,705800.0,699000.0,701800.0,315681
20190306 19:00,703300.0,705600.0,693300.0,695200.0,360780
20190307 19:00,691100.0,700000.0,689599.0,699400.0,420977
20190310 20:00,702200.0,711400.0,699500.0,709900.0,382836
20190311 20:00,709900.0,717300.0,709900.0,716200.0,335760
20190312 20:00,717700.0,728199.0,717700.0,723800.0,403341
20190313 20:00,720400.0,720400.0,712400.0,717700.0,362679
20190314 20:00,715000.0,718500.0,713800.0,716500.0,232614
20190317 20:00,717200.0,718600.0,704700.0,708500.0,332622
20190318 20:00,709700.0,710300.0,701600.0,704500.0,308074
20190319 20:00,705900.0,715000.0,702500.0,709300.0,334474
20190320 20:00,708600.0,721100.0,707099.0,720500.0,273082
20190321 20:00,721000.0,724400.0,710400.0,710400.0,341966
20190324 20:00,711100.0,714100.0,707200.0,709599.0,251731
20190325 20:00,714400.0,721900.0,713500.0,721400.0,252484
20190326 20:00,721800.0,722600.0,710900.0,715800.0,331702
20190327 20:00,716500.0,721600.0,712500.0,721300.0,381465
20190328 20:00,723900.0,723900.0,717050.0,719800.0,424991
20190331 20:00,719900.0,723700.0,712600.0,722000.0,310530
20190401 20:00,724100.0,732600.0,719500.0,731500.0,355649
20190402 20:00,731949.0,734300.0,722300.0,731400.0,473912
20190403 20:00,733400.0,733400.0,723100.0,728500.0,182454
20190404 20:00,728500.0,731100.0,725100.0,730699.0,226412
20190407 20:00,731700.0,731700.0,724599.0,728800.0,295996
20190408 20:00,728100.0,728900.0,722500.0,723900.0,314286
20190409 20:00,724599.0,735800.0,724500.0,735699.0,346230
20190410 20:00,743000.0,743000.0,730100.0,735699.0,255293
20190411 20:00,736400.0,744400.0,730200.0,744400.0,320022
20190414 20:00,745900.0,745900.0,734900.0,737050.0,349443
20190415 20:00,739500.0,739500.0,722000.0,727900.0,455181
20190416 20:00,729500.0,730200.0,717700.0,722700.0,387325
20190417 20:00,723700.0,736750.0,723000.0,735699.0,309350
20190421 20:00,742600.0,742600.0,720100.0,729300.0,398416
20190422 20:00,732400.0,744300.0,732300.0,742099.0,393404
20190423 20:00,744300.0,753400.0,741600.0,753100.0,316165
20190424 20:00,749599.0,756600.0,745400.0,754599.0,278434
20190425 20:00,755950.0,761100.0,753400.0,761100.0,332871
20190428 20:00,759700.0,762900.0,752800.0,753800.0,249718
20190429 20:00,755000.0,768000.0,750100.0,766900.0,393340
20190430 20:00,766800.0,785600.0,766500.0,775900.0,566178
20190501 20:00,775100.0,779900.0,762200.0,763400.0,510356
20190502 20:00,772300.0,772500.0,762600.0,772500.0,334960
20190505 20:00,760000.0,767200.0,756600.0,767200.0,230844
20190506 20:00,757200.0,758050.0,736400.0,742900.0,579582
20190507 20:00,743100.0,752900.0,742300.0,743900.0,325524
20190508 20:00,742099.0,747200.0,735400.0,746300.0,291061
20190509 20:00,746000.0,758600.0,743100.0,755800.0,333927
20190512 20:00,747099.0,752300.0,745200.0,750500.0,430227
20190513 20:00,753100.0,755699.0,749550.0,752800.0,292698
20190514 20:00,754700.0,765699.0,751900.0,762500.0,244590
20190515 20:00,763000.0,773100.0,760300.0,773100.0,293452
20190516 20:00,761400.0,768550.0,760000.0,766200.0,395978
20190519 20:00,763400.0,765600.0,752900.0,756200.0,301818
20190520 20:00,760800.0,771300.0,760800.0,768050.0,354959
20190521 20:00,768100.0,770100.0,762400.0,765500.0,197973
20190522 20:00,762400.0,771000.0,758900.0,764300.0,352312
20190523 20:00,768700.0,771300.0,753600.0,758700.0,543028
20190527 20:00,757600.0,758300.0,743800.0,743800.0,396766
20190528 20:00,742000.0,743900.0,727900.0,731500.0,534772
20190529 20:00,734300.0,738650.0,729700.0,733100.0,331190
20190530 20:00,730000.0,743800.0,725000.0,741400.0,450885
20190602 20:00,744599.0,752600.0,736900.0,750900.0,544226
20190603 20:00,754599.0,755400.0,741400.0,750100.0,344579
20190604 20:00,753700.0,775600.0,753400.0,774900.0,400532
20190605 20:00,771400.0,783400.0,771400.0,781400.0,266838
20190606 20:00,784400.0,789000.0,781100.0,782300.0,266114
20190609 20:00,784250.0,786200.0,778199.0,784000.0,213120
20190610 20:00,785100.0,788700.0,778600.0,788199.0,276668
20190611 20:00,784900.0,791300.0,783100.0,788100.0,345844
20190612 20:00,788700.0,799900.0,788700.0,799599.0,463092
20190613 20:00,800100.0,806100.0,795500.0,795500.0,338771
20190616 20:00,807400.0,810000.0,802600.0,809200.0,291012
20190617 20:00,813100.0,820000.0,801200.0,809100.0,332816
20190618 20:00,804500.0,818900.0,800600.0,815800.0,349592
20190619 20:00,822400.0,828100.0,820500.0,826500.0,553012
20190620 20:00,820900.0,820900.0,813300.0,813800.0,455331
20190623 20:00,816800.0,816800.0,802200.0,802200.0,404540
20190624 20:00,808400.0,816300.0,796600.0,797900.0,308710
20190625 20:00,790000.0,800500.0,777500.0,778000.0,517582
20190626 20:00,786900.0,794599.0,786900.0,793650.0,274010
20190627 20:00,797800.0,803900.0,794400.0,801200.0,332592
20190630 20:00,822000.0,822000.0,788500.0,799000.0,313093
20190701 20:00,801500.0,820000.0,801100.0,820000.0,531955
20190702 20:00,817950.0,825900.0,817300.0,820300.0,219285
20190704 20:00,826000.0,829900.0,806800.0,824200.0,244837
20190707 20:00,822000.0,823500.0,817600.0,821500.0,374596
20190708 20:00,822800.0,828199.0,818900.0,826200.0,266854
20190709 20:00,837099.0,837300.0,825200.0,830200.0,506615
20190710 20:00,829500.0,829500.0,805600.0,810100.0,438822
20190711 20:00,810900.0,810900.0,795600.0,800300.0,700398
20190714 20:00,801000.0,815699.0,798900.0,799400.0,473881
20190715 20:00,800000.0,822500.0,794900.0,815000.0,505219
20190716 20:00,817900.0,821100.0,806900.0,816000.0,328631
20190717 20:00,817000.0,828199.0,814599.0,823900.0,297955
20190718 20:00,827000.0,827000.0,806600.0,807400.0,313128
20190721 20:00,807700.0,813850.0,804000.0,812099.0,294033
20190722 20:00,815900.0,826500.0,811000.0,825900.0,436040
20190723 20:00,823300.0,826300.0,818000.0,822600.0,308183
20190724 20:00,821200.0,821200.0,810500.0,814500.0,366616
20190725 20:00,800000.0,822000.0,800000.0,815800.0,284066
20190728 20:00,823800.0,833100.0,821500.0,826200.0,358665
20190729 20:00,826600.0,831300.0,814500.0,819900.0,308488
20190730 20:00,819800.0,823850.0,800200.0,806200.0,465651
20190731 20:00,806100.0,818500.0,800300.0,807900.0,458543
20190801 20:00,807900.0,809500.0,802099.0,805200.0,367879
20190804 20:00,799200.0,799900.0,775000.0,786400.0,575425
20190805 20:00,788400.0,803900.0,786100.0,799500.0,546946
20190806 20:00,796500.0,810849.0,783800.0,804800.0,289621
20190807 20:00,810400.0,823300.0,800000.0,821400.0,347539
20190808 20:00,819599.0,823400.0,803500.0,818400.0,388671
20190811 20:00,817400.0,821500.0,812200.0,816900.0,446040
20190812 20:00,819900.0,824800.0,811100.0,818500.0,442434
20190813 20:00,812800.0,816400.0,801800.0,802300.0,374590
20190814 20:00,803800.0,813300.0,797200.0,812200.0,397773
20190815 20:00,819800.0,826000.0,810000.0,823400.0,479286
20190818 20:00,829000.0,840800.0,826300.0,838199.0,270144
20190819 20:00,837800.0,837800.0,823900.0,824500.0,318806
20190820 20:00,829200.0,839700.0,826000.0,839700.0,262423
20190821 20:00,834500.0,841900.0,828400.0,839700.0,190284
20190822 20:00,840000.0,842200.0,814700.0,819300.0,447132
20190825 20:00,827600.0,829100.0,817700.0,826000.0,296144
20190826 20:00,832500.0,834700.0,818600.0,820000.0,276993
20190827 20:00,827800.0,830100.0,818500.0,828300.0,233487
20190828 20:00,835600.0,841100.0,831800.0,837000.0,260275
20190829 20:00,842200.0,842200.0,831600.0,835400.0,217437
20190902 20:00,830100.0,848800.0,830100.0,845500.0,368487
20190903 20:00,852700.0,857500.0,850100.0,853199.0,321608
20190904 20:00,853700.0,855000.0,842300.0,845800.0,368587
20190905 20:00,845000.0,851900.0,842000.0,848100.0,347676
20190908 20:00,847900.0,848400.0,842099.0,846300.0,232802
20190909 20:00,847500.0,847500.0,821100.0,837500.0,724983
20190910 20:00,832400.0,834300.0,818700.0,828300.0,339480
20190911 20:00,829100.0,841200.0,829100.0,840100.0,224113
20190912 20:00,840000.0,851400.0,839500.0,842099.0,262193
20190915 20:00,843800.0,855100.0,840699.0,847800.0,343351
20190916 20:00,857200.0,865800.0,855500.0,864300.0,252712
20190917 20:00,864400.0,868300.0,850300.0,860200.0,286559
20190918 20:00,852400.0,854000.0,845200.0,854000.0,309844
20190919 20:00,850100.0,858000.0,843400.0,843400.0,336127
20190922 20:00,840400.0,852099.0,840400.0,845699.0,332483
20190923 20:00,849900.0,852600.0,837700.0,842500.0,405571
20190924 20:00,845800.0,853400.0,841700.0,851000.0,257960
20190925 20:00,855200.0,863300.0,851300.0,863100.0,215192
20190926 20:00,865900.0,867200.0,849700.0,858100.0,271333
20190929 20:00,857400.0,862099.0,852000.0,852200.0,237190
20190930 20:00,851400.0,856600.0,837500.0,842400.0,290697
20191001 20:00,840000.0,845000.0,832400.0,843000.0,417598
20191002 20:00,843400.0,856500.0,840100.0,855500.0,389607
20191003 20:00,855000.0,865500.0,854100.0,865500.0,238163
20191006 20:00,856300.0,864500.0,852900.0,857700.0,196141
20191007 20:00,854700.0,862200.0,843199.0,851300.0,286589
20191008 20:00,859000.0,861100.0,850800.0,855300.0,176252
20191009 20:00,853199.0,861000.0,850000.0,857900.0,234977
20191010 20:00,860600.0,864900.0,855300.0,858900.0,188819
20191013 20:00,859650.0,863000.0,855900.0,863000.0,247328
20191014 20:00,876000.0,893100.0,859500.0,891400.0,434160
20191015 20:00,890000.0,890500.0,878600.0,888100.0,275121
20191016 20:00,894200.0,894800.0,884500.0,891600.0,297582
20191017 20:00,894700.0,899100.0,890699.0,896300.0,204130
20191020 20:00,897500.0,906300.0,896500.0,906000.0,208174
20191021 20:00,914100.0,915000.0,902200.0,908000.0,402070
20191022 20:00,910500.0,919100.0,905300.0,919000.0,319210
20191023 20:00,922500.0,924700.0,915500.0,920800.0,274419
20191024 20:00,921400.0,921400.0,908400.0,908400.0,361759
20191027 20:00,898700.0,898700.0,858100.0,861100.0,2125242
20191028 20:00,860000.0,872700.0,859300.0,860600.0,843523
20191029 20:00,869599.0,877200.0,864800.0,877200.0,636464
20191030 20:00,879000.0,887500.0,874500.0,877400.0,769311
20191031 20:00,881800.0,885900.0,868100.0,873500.0,648042
20191103 19:00,873000.0,879800.0,868100.0,877700.0,450116
20191104 19:00,874400.0,875500.0,850849.0,859100.0,994942
20191105 19:00,862000.0,880800.0,862000.0,880800.0,526657
20191106 19:00,882300.0,882300.0,868600.0,872800.0,368803
20191107 19:00,876100.0,878400.0,866500.0,866500.0,291970
20191110 19:00,870100.0,875699.0,868300.0,873100.0,230861
20191111 19:00,872800.0,885400.0,865699.0,866400.0,429641
20191112 19:00,866300.0,881949.0,865800.0,879100.0,475038
20191113 19:00,879300.0,891900.0,879300.0,891100.0,456685
20191114 19:00,891500.0,897099.0,889100.0,890900.0,400990
20191117 19:00,893000.0,904000.0,890900.0,898800.0,237988
20191118 19:00,902200.0,912200.0,898300.0,910300.0,435258
20191119 19:00,910200.0,917099.0,906300.0,915500.0,468392
20191120 19:00,912000.0,914900.0,904300.0,908500.0,463004
20191121 19:00,912000.0,912400.0,898100.0,905600.0,386760
20191124 19:00,909400.0,915300.0,905699.0,907900.0,379593
20191125 19:00,910000.0,923600.0,907300.0,923400.0,578669
20191126 19:00,920699.0,926800.0,916200.0,923900.0,276114
20191128 19:00,924000.0,927900.0,915200.0,925000.0,260199
20191201 19:00,914700.0,917700.0,898000.0,898000.0,332632
20191202 19:00,898450.0,908500.0,898000.0,907300.0,358851
20191203 19:00,907800.0,915699.0,905100.0,911100.0,277872
20191204 19:00,911500.0,913500.0,903100.0,913400.0,255216
20191205 19:00,916300.0,919300.0,912700.0,914200.0,279102
20191208 19:00,914500.0,919100.0,910699.0,913700.0,257107
20191209 19:00,916800.0,922300.0,909100.0,911300.0,444158
20191210 19:00,912450.0,913600.0,894400.0,898000.0,482932
20191211 19:00,897050.0,903000.0,884900.0,889200.0,342461
20191212 19:00,888000.0,891700.0,875500.0,885400.0,639882
20191215 19:00,890200.0,892600.0,873500.0,883700.0,780088
20191216 19:00,885000.0,885000.0,871400.0,872900.0,403719
20191217 19:00,872099.0,878100.0,867200.0,871600.0,322045
20191218 19:00,874200.0,877000.0,870699.0,873100.0,447812
20191219 19:00,872800.0,886250.0,872800.0,881500.0,413959
20191222 19:00,887700.0,887700.0,873900.0,875699.0,280963
20191223 19:00,876000.0,883300.0,874300.0,883300.0,103699
20191225 19:00,879700.0,885400.0,879200.0,883800.0,161809
20191226 19:00,884000.0,889599.0,883500.0,885000.0,174796
20191229 19:00,887000.0,889900.0,882500.0,888700.0,214134
20191230 19:00,888500.0,892800.0,883800.0,891400.0,245456
20200101 19:00,892400.0,898100.0,877500.0,883800.0,318842
20200102 19:00,878000.0,898700.0,876200.0,894100.0,364087
20200105 19:00,891600.0,896100.0,889000.0,890600.0,238051
20200106 19:00,885500.0,889400.0,878800.0,885200.0,320820
20200107 19:00,884900.0,894599.0,881500.0,894599.0,345891
20200108 19:00,890000.0,898100.0,887400.0,889500.0,223251
20200109 19:00,891100.0,897300.0,890100.0,894400.0,274333
20200112 19:00,895000.0,918199.0,895000.0,918000.0,443956
20200113 19:00,918000.0,918000.0,903199.0,906000.0,407545
20200114 19:00,911500.0,924900.0,910300.0,922300.0,633850
20200115 19:00,923800.0,936700.0,923100.0,932000.0,383864
20200116 19:00,935000.0,947800.0,933500.0,942099.0,628967
20200120 19:00,942700.0,956100.0,940900.0,955100.0,471523
20200121 19:00,970000.0,970000.0,937200.0,943700.0,514010
20200122 19:00,937300.0,957500.0,931400.0,956600.0,499065
20200123 19:00,958900.0,967800.0,955400.0,961300.0,434935
20200126 19:00,959800.0,961200.0,948500.0,948500.0,394737
20200127 19:00,954100.0,960100.0,950400.0,955300.0,374800
20200128 19:00,958100.0,966300.0,952600.0,964900.0,696835
20200129 19:00,963600.0,969500.0,956100.0,962000.0,715803
20200130 19:00,961300.0,961300.0,920699.0,920699.0,860726
20200202 19:00,938000.0,939900.0,915600.0,917600.0,2080587
20200203 19:00,923700.0,941200.0,916100.0,934400.0,648369
20200204 19:00,936900.0,940100.0,924300.0,926900.0,439125
20200205 19:00,932700.0,934300.0,925400.0,931000.0,637929
20200206 19:00,932099.0,935600.0,926100.0,931700.0,480628
20200209 19:00,934200.0,949900.0,934000.0,946400.0,453642
20200210 19:00,941200.0,968500.0,941200.0,962099.0,653099
20200211 19:00,969000.0,973400.0,961400.0,967500.0,357137
20200212 19:00,967000.0,970900.0,961000.0,965300.0,354930
20200213 19:00,968400.0,976300.0,966500.0,975500.0,517156
20200217 19:00,975600.0,983800.0,972300.0,983600.0,415722
20200218 19:00,987400.0,988300.0,972800.0,972800.0,420779
20200219 19:00,977700.0,990350.0,969400.0,989800.0,477104
20200220 19:00,989400.0,997800.0,989200.0,992300.0,565563
20200223 19:00,989500.0,991600.0,958400.0,976700.0,437352
20200224 19:00,959800.0,965699.0,916200.0,917000.0,590565
20200225 19:00,920000.0,933100.0,909900.0,912400.0,633905
20200226 19:00,910000.0,910000.0,866100.0,866600.0,789227
20200227 19:00,852500.0,852500.0,809300.0,845900.0,1231469
20200301 19:00,846600.0,882600.0,835200.0,882200.0,658485
20200302 19:00,894500.0,915400.0,877300.0,880000.0,765095
20200303 19:00,916600.0,944599.0,902400.0,940000.0,564163
20200304 19:00,944900.0,944900.0,886000.0,897000.0,398599
20200305 19:00,867400.0,867400.0,822900.0,858900.0,803282
20200308 20:00,810000.0,812099.0,774700.0,777600.0,1019988
20200309 20:00,806200.0,810200.0,762300.0,807850.0,970352
20200310 20:00,782200.0,782750.0,731900.0,737000.0,1307796
20200311 20:00,683500.0,733800.0,626700.0,701800.0,1771255
20200312 20:00,742900.0,783600.0,714500.0,778199.0,1177426
20200315 20:00,732300.0,750100.0,641200.0,643700.0,1054848
20200316 20:00,660300.0,730300.0,646700.0,707400.0,1361832
20200317 20:00,690000.0,704700.0,641100.0,678400.0,1256682
20200318 20:00,659000.0,678700.0,632600.0,638800.0,962177
20200319 20:00,650000.0,673600.0,624700.0,628000.0,912407
20200322 20:00,630000.0,649900.0,599700.0,635000.0,842921
20200323 20:00,657500.0,747200.0,657500.0,707000.0,1254267
20200324 20:00,705000.0,753199.0,682300.0,721600.0,1226077
20200325 20:00,727099.0,783000.0,714200.0,777500.0,940287
20200326 20:00,745450.0,820000.0,745450.0,792500.0,675984
20200329 20:00,794000.0,837300.0,771800.0,824000.0,1067212
20200330 20:00,837500.0,837500.0,752300.0,803000.0,1749060
20200331 20:00,755500.0,770000.0,690000.0,732700.0,1560252
20200401 20:00,732600.0,763000.0,710600.0,754700.0,903719
20200402 20:00,717800.0,752000.0,716700.0,749500.0,707801
20200405 20:00,777400.0,809200.0,769200.0,801400.0,560465
20200406 20:00,803500.0,868199.0,800000.0,804800.0,952424
20200407 20:00,814599.0,866800.0,807300.0,862200.0,847583
20200408 20:00,863600.0,925300.0,863600.0,921000.0,1479953
20200412 20:00,920200.0,941200.0,862500.0,869900.0,656999
20200413 20:00,872000.0,899700.0,872000.0,891100.0,432102
20200414 20:00,874300.0,879000.0,848700.0,865000.0,689651
20200415 20:00,869000.0,884500.0,858000.0,882300.0,470057
20200416 20:00,900100.0,927800.0,883000.0,896900.0,450739
20200419 20:00,899000.0,899300.0,878800.0,884800.0,372750
20200420 20:00,885500.0,896400.0,835400.0,891550.0,464472
20200421 20:00,897300.0,907800.0,876900.0,877900.0,452671
20200422 20:00,887700.0,889800.0,866500.0,866600.0,409213
20200423 20:00,870000.0,895200.0,866600.0,890500.0,428093
20200426 20:00,900000.0,926600.0,897500.0,920400.0,332808
20200427 20:00,924000.0,941900.0,894800.0,895500.0,434382
20200428 20:00,922500.0,923100.0,899900.0,902500.0,440048
20200429 20:00,891800.0,900500.0,868700.0,892600.0,504774
20200430 20:00,871600.0,886300.0,860900.0,868500.0,415115
20200503 20:00,854400.0,873100.0,852500.0,870500.0,313120
20200504 20:00,872500.0,889100.0,872500.0,876800.0,295840
20200505 20:00,890000.0,890000.0,868800.0,869200.0,274859
20200506 20:00,870699.0,889400.0,869700.0,880100.0,309526
20200507 20:00,903600.0,908600.0,886500.0,908600.0,312152
20200510 20:00,887000.0,901700.0,882700.0,889800.0,265922
20200511 20:00,892400.0,892400.0,840000.0,840000.0,586112
20200512 20:00,845000.0,847200.0,825600.0,828400.0,693100
20200513 20:00,823800.0,845200.0,801400.0,845200.0,790919
20200514 20:00,830400.0,839900.0,820000.0,826700.0,859568
20200517 20:00,840000.0,877300.0,839599.0,864200.0,447621
20200518 20:00,880000.0,880000.0,845300.0,847000.0,477059
20200519 20:00,860800.0,872900.0,857000.0,871200.0,433180
20200520 20:00,867600.0,874700.0,859500.0,864200.0,244792
20200521 20:00,861400.0,881400.0,860200.0,880100.0,186374
20200525 20:00,882400.0,912099.0,882400.0,899850.0,401343
20200526 20:00,918700.0,920000.0,894800.0,914300.0,415519
20200527 20:00,918000.0,931900.0,912400.0,930900.0,380740
20200528 20:00,920000.0,926600.0,910100.0,915000.0,387126
20200531 20:00,915000.0,945600.0,915000.0,942900.0,631533
20200601 20:00,946700.0,957800.0,934300.0,957800.0,513559
20200602 20:00,955300.0,977300.0,954900.0,972900.0,649014
20200603 20:00,974000.0,974000.0,924900.0,938900.0,761288
20200604 20:00,962900.0,974599.0,951800.0,956900.0,935983
20200607 20:00,960100.0,979500.0,951700.0,975000.0,757458
20200608 20:00,970900.0,982200.0,957300.0,978600.0,572472
20200609 20:00,963000.0,975500.0,955600.0,963700.0,503799
20200610 20:00,959500.0,959500.0,905000.0,905100.0,1085793
20200611 20:00,938000.0,948600.0,913300.0,943900.0,1042734
20200614 20:00,938900.0,953199.0,901700.0,944400.0,892244
20200615 20:00,949300.0,983700.0,949300.0,965699.0,1054844
20200616 20:00,978500.0,978500.0,958600.0,967200.0,504058
20200617 20:00,952600.0,958900.0,945500.0,950500.0,697375
20200618 20:00,945200.0,969300.0,920200.0,922099.0,1455602
20200621 20:00,922000.0,926500.0,899100.0,925600.0,769383
20200622 20:00,930500.0,938300.0,912600.0,913600.0,548992
20200623 20:00,900100.0,915800.0,879300.0,898000.0,891371
20200624 20:00,890500.0,919300.0,888100.0,919300.0,707629
20200625 20:00,912400.0,917200.0,891200.0,894200.0,806854
20200628 20:00,913800.0,916100.0,894500.0,911700.0,503493
20200629 20:00,909800.0,941600.0,909800.0,936400.0,1173748
20200630 20:00,935000.0,958500.0,928700.0,957600.0,634796
20200701 20:00,962000.0,970500.0,950500.0,957500.0,614064
20200705 20:00,968100.0,979800.0,951400.0,958000.0,488711
20200706 20:00,956500.0,960000.0,939599.0,953000.0,561091
20200707 20:00,958000.0,961200.0,947800.0,953700.0,922282
20200708 20:00,967900.0,968400.0,943700.0,966000.0,737097
20200709 20:00,965000.0,965000.0,943199.0,948000.0,737402
20200712 20:00,951500.0,964350.0,935500.0,936400.0,716624
20200713 20:00,938000.0,942400.0,924800.0,934200.0,1165482
20200714 20:00,944000.0,947200.0,926700.0,940000.0,857838
20200715 20:00,932000.0,945100.0,920699.0,920699.0,613685
20200716 20:00,931900.0,959700.0,927300.0,953199.0,673070
20200719 20:00,953400.0,963100.0,946000.0,963100.0,496295
20200720 20:00,997500.0,1025600.0,970699.0,973900.0,725025
20200721 20:00,983600.0,989599.0,964400.0,989599.0,751869
20200722 20:00,976300.0,1006000.0,970000.0,992000.0,831744
20200723 20:00,989000.0,1049000.0,979700.0,1030000.0,779311
20200726 20:00,1020500.0,1034900.0,984400.0,1017400.0,642913
20200727 20:00,1017600.0,1031600.0,1011600.0,1023500.0,708595
20200728 20:00,1027200.0,1064300.0,1025600.0,1062500.0,870143
20200729 20:00,1059900.0,1067200.0,1043300.0,1052600.0,601140
20200730 20:00,1051900.0,1059800.0,1031000.0,1055000.0,540036
20200802 20:00,1061400.0,1084600.0,1040000.0,1049800.0,479356
20200803 20:00,1044000.0,1059500.0,1041000.0,1050300.0,433007
20200804 20:00,1061400.0,1064700.0,1046300.0,1048900.0,378985
20200805 20:00,1047000.0,1058200.0,1045800.0,1052700.0,364438
20200806 20:00,1045000.0,1068900.0,1041200.0,1060000.0,476528
20200809 20:00,1053900.0,1056000.0,1035500.0,1035500.0,557915
20200810 20:00,1040400.0,1048000.0,1000800.0,1011500.0,699472
20200811 20:00,1023600.0,1030800.0,1009599.0,1023000.0,587494
20200812 20:00,1029700.0,1037400.0,1023300.0,1025200.0,468904
20200813 20:00,1030000.0,1038100.0,1020400.0,1027200.0,438199
20200816 20:00,1028000.0,1042200.0,1020000.0,1041800.0,332939
20200817 20:00,1053800.0,1053800.0,1029900.0,1036250.0,285129
20200818 20:00,1039599.0,1040600.0,1014700.0,1017000.0,544647
20200819 20:00,1016400.0,1034300.0,1012500.0,1027200.0,377594
20200820 20:00,1025000.0,1037200.0,1018300.0,1030500.0,236483
20200823 20:00,1035000.0,1038199.0,1004300.0,1017000.0,372088
20200824 20:00,1023000.0,1026200.0,1009500.0,1019800.0,467623
20200825 20:00,1018199.0,1019599.0,1003000.0,1010300.0,674694
20200826 20:00,1005000.0,1026500.0,1005000.0,1024500.0,338444
20200827 20:00,1018600.0,1028800.0,1012350.0,1020699.0,282665
20200830 20:00,1023199.0,1026600.0,1008700.0,1018300.0,387768
20200831 20:00,1017900.0,1019000.0,1007600.0,1019000.0,302688
20200901 20:00,1012500.0,1046200.0,1010000.0,1043199.0,496155
20200902 20:00,1045500.0,1046900.0,1006100.0,1010000.0,520079
20200903 20:00,1027200.0,1027200.0,982500.0,1007500.0,283368
20200907 20:00,1007600.0,1007600.0,983100.0,987300.0,671333
20200908 20:00,997400.0,1016100.0,994400.0,1003400.0,504820
20200909 20:00,1009800.0,1016000.0,998000.0,1005800.0,325794
20200910 20:00,999800.0,1009400.0,991700.0,1005500.0,360704
20200913 20:00,1020000.0,1028500.0,1007099.0,1020000.0,434292
20200914 20:00,1024900.0,1035800.0,1021300.0,1027500.0,264303
20200915 20:00,1027300.0,1032700.0,1015400.0,1015400.0,378755
20200916 20:00,1011300.0,1022000.0,999700.0,1007600.0,410804
20200917 20:00,1001000.0,1026000.0,987000.0,1002300.0,402955
20200920 20:00,983800.0,984100.0,958900.0,965500.0,726606
20200921 20:00,966900.0,999900.0,966600.0,992099.0,457684
20200922 20:00,991900.0,992000.0,948500.0,960699.0,741995
20200923 20:00,952000.0,970800.0,947800.0,953400.0,491854
20200924 20:00,950100.0,976900.0,947700.0,969700.0,304279
20200927 20:00,979400.0,1002000.0,976700.0,1000900.0,344536
20200928 20:00,1001900.0,1004500.0,991550.0,996500.0,352438
20200929 20:00,996100.0,1015500.0,987900.0,1006400.0,510726
20200930 20:00,1015000.0,1023700.0,995699.0,1022200.0,434815
20201001 20:00,1000500.0,1047300.0,1000000.0,1033800.0,323487
20201004 20:00,1042200.0,1056400.0,1034200.0,1052100.0,317277
20201005 20:00,1052000.0,1056700.0,1036300.0,1044500.0,289977
20201006 20:00,1054200.0,1063600.0,1039200.0,1057200.0,268551
20201007 20:00,1061000.0,1091100.0,1055300.0,1068900.0,312687
20201008 20:00,1073700.0,1079300.0,1062300.0,1069500.0,147050
20201011 20:00,1076200.0,1088500.0,1061400.0,1082900.0,171986
20201012 20:00,1074500.0,1078800.0,1060800.0,1066200.0,220084
20201013 20:00,1058100.0,1063700.0,1038700.0,1040800.0,284678
20201014 20:00,1032500.0,1059000.0,1031800.0,1049700.0,171398
20201015 20:00,1052000.0,1054000.0,1042099.0,1042600.0,225960
20201018 20:00,1043300.0,1052000.0,1029000.0,1044200.0,238308
20201019 20:00,1042400.0,1050400.0,1029599.0,1032000.0,265090
20201020 20:00,1035100.0,1044900.0,1022400.0,1022700.0,250987
20201021 20:00,1030200.0,1038199.0,1027600.0,1027600.0,247083
20201022 20:00,1037200.0,1041200.0,1028800.0,1032500.0,156311
20201025 20:00,1020000.0,1025900.0,999000.0,1010000.0,228879
20201026 20:00,1004700.0,1013100.0,991100.0,991100.0,245159
20201027 20:00,980000.0,991400.0,969000.0,981100.0,353333
20201028 20:00,975100.0,1011000.0,965900.0,999700.0,338900
20201029 20:00,991300.0,1003600.0,980000.0,992000.0,356259
20201101 19:00,1009500.0,1022200.0,1003600.0,1019100.0,283615
20201102 19:00,1022500.0,1051200.0,1020000.0,1043700.0,235460
20201103 19:00,1045300.0,1075900.0,1043900.0,1058100.0,356208
20201104 19:00,1060000.0,1068600.0,1051300.0,1059300.0,309186
20201105 19:00,1057600.0,1063500.0,1045000.0,1062600.0,201399
20201108 19:00,1065000.0,1123700.0,993400.0,1012099.0,1014083
20201109 19:00,1007600.0,1007600.0,981500.0,999300.0,751875
20201110 19:00,998000.0,1023199.0,996700.0,1020900.0,487036
20201111 19:00,1020699.0,1036900.0,1015400.0,1027600.0,318058
20201112 19:00,1034300.0,1039400.0,1025800.0,1034000.0,388695
20201115 19:00,1049500.0,1049500.0,1009000.0,1030000.0,236626
20201116 19:00,1032600.0,1043700.0,1013700.0,1042099.0,288464
20201117 19:00,1042000.0,1046200.0,1012500.0,1020000.0,249584
20201118 19:00,1011800.0,1015900.0,997000.0,1005000.0,247272
20201119 19:00,999900.0,1008000.0,986200.0,1002700.0,233000
20201122 19:00,1004200.0,1011000.0,994900.0,995600.0,252389
20201123 19:00,995600.0,1006600.0,985500.0,986000.0,353666
20201124 19:00,988700.0,995699.0,985200.0,990450.0,318032
20201126 19:00,997200.0,1008400.0,990000.0,1007700.0,153224
20201129 19:00,1004500.0,1010000.0,991000.0,1001500.0,282013
20201130 19:00,1001200.0,1018900.0,1000000.0,1000000.0,349750
20201201 19:00,1000300.0,1005600.0,970100.0,973000.0,261105
20201202 19:00,979400.0,979599.0,966000.0,970200.0,485715
20201203 19:00,975000.0,989800.0,973700.0,989800.0,324501
20201206 19:00,986600.0,988500.0,973100.0,975300.0,248811
20201207 19:00,975300.0,981700.0,966800.0,969100.0,337569
20201208 19:00,980000.0,980000.0,951600.0,963400.0,331759
20201209 19:00,964300.0,978700.0,960500.0,977200.0,457426
20201210 19:00,974000.0,975300.0,956900.0,974100.0,419079
20201213 19:00,973700.0,992300.0,962300.0,977500.0,221629
20201214 19:00,976100.0,995400.0,968600.0,995400.0,286293
20201215 19:00,995600.0,1005900.0,990800.0,1002600.0,257414
20201216 19:00,992700.0,1006800.0,992700.0,1006400.0,261398
20201217 19:00,1006300.0,1007500.0,970600.0,980699.0,365069
20201220 19:00,975000.0,976300.0,960000.0,973000.0,263236
20201221 19:00,989599.0,995500.0,970600.0,972099.0,171545
20201222 19:00,970000.0,989000.0,961600.0,961700.0,199450
20201223 19:00,965200.0,974800.0,965200.0,971900.0,71649
20201227 19:00,982500.0,986400.0,972900.0,986400.0,147267
20201228 19:00,992099.0,992700.0,977000.0,977000.0,209274
20201229 19:00,984300.0,993300.0,978400.0,988700.0,217378
20201230 19:00,988000.0,999800.0,980300.0,999800.0,154226
20210103 19:00,1000000.0,1000000.0,959900.0,960200.0,446514
20210104 19:00,994800.0,994800.0,959400.0,962900.0,356511
20210105 19:00,965699.0,969800.0,933900.0,944000.0,682364
20210106 19:00,939100.0,953500.0,936300.0,953199.0,232957
20210107 19:00,953199.0,975800.0,951000.0,965699.0,170669
20210110 19:00,964500.0,964700.0,941400.0,948000.0,295817
20210111 19:00,949599.0,949599.0,930900.0,947600.0,313299
20210112 19:00,947099.0,964400.0,947099.0,949000.0,354578
20210113 19:00,956600.0,961100.0,944599.0,955400.0,301430
20210114 19:00,955000.0,977200.0,951100.0,976850.0,360378
20210118 19:00,980100.0,985500.0,969500.0,980200.0,385789
20210119 19:00,980100.0,1012099.0,970900.0,998500.0,410076
20210120 19:00,1003300.0,1005200.0,989800.0,1003000.0,252425
20210121 19:00,1004300.0,1017300.0,1000500.0,1015699.0,398739
20210124 19:00,1018800.0,1038850.0,1011600.0,1027500.0,388646
20210125 19:00,1027000.0,1069400.0,1022000.0,1060700.0,463855
20210126 19:00,1060500.0,1068300.0,1018700.0,1035800.0,454901
20210127 19:00,1027800.0,1048100.0,1018000.0,1033199.0,293683
20210128 19:00,1021700.0,1046600.0,1008600.0,1020000.0,424204
20210131 19:00,1030200.0,1060300.0,1022900.0,1059400.0,386177
20210201 19:00,1059100.0,1074200.0,1054600.0,1069600.0,273795
20210202 19:00,1068800.0,1070000.0,1046100.0,1066900.0,260661
20210203 19:00,1066400.0,1073800.0,1060400.0,1063600.0,258408
20210204 19:00,1064100.0,1072100.0,1058900.0,1067000.0,226794
20210207 19:00,1072700.0,1072700.0,1058600.0,1071000.0,149968
20210208 19:00,1069900.0,1074300.0,1060500.0,1073800.0,154843
20210209 19:00,1070100.0,1090700.0,1070100.0,1074700.0,207177
20210210 19:00,1077500.0,1085400.0,1069800.0,1077800.0,152024
20210211 19:00,1077600.0,1082900.0,1068000.0,1076300.0,244104
20210215 19:00,1080000.0,1082900.0,1051200.0,1066300.0,279799
20210216 19:00,1051700.0,1069600.0,1049600.0,1060000.0,341566
20210217 19:00,1058300.0,1059700.0,1049200.0,1053800.0,203510
20210218 19:00,1057800.0,1065800.0,1051850.0,1052400.0,231600
20210221 19:00,1049900.0,1052600.0,1035699.0,1048100.0,326969
20210222 19:00,1047200.0,1058500.0,1026100.0,1046800.0,385467
20210223 19:00,1044400.0,1045500.0,1029700.0,1032000.0,366733
20210224 19:00,1032400.0,1034700.0,1007800.0,1014500.0,758367
20210225 19:00,1013300.0,1021200.0,990000.0,990699.0,549605
20210228 19:00,1007000.0,1010800.0,986600.0,992500.0,356392
20210301 19:00,995400.0,999000.0,975699.0,998900.0,395377
20210302 19:00,992099.0,992099.0,959400.0,961100.0,456691
20210303 19:00,963900.0,979500.0,950500.0,953100.0,460427
20210304 19:00,958199.0,978300.0,941400.0,973000.0,348173
20210307 19:00,972900.0,980000.0,958900.0,958900.0,346329
20210308 19:00,960000.0,997099.0,960000.0,983300.0,332612
20210309 19:00,988700.0,990500.0,976000.0,976000.0,417566
20210310 19:00,977400.0,1003100.0,977200.0,996400.0,325246
20210311 19:00,995600.0,1013500.0,986100.0,1012800.0,366111
20210314 20:00,1029400.0,1030100.0,1004500.0,1028199.0,326986
20210315 20:00,1034300.0,1046800.0,1023900.0,1042800.0,458003
20210316 20:00,1040000.0,1040000.0,1007099.0,1027400.0,546967
20210317 20:00,1009500.0,1023600.0,996800.0,1020400.0,294516
20210318 20:00,1021200.0,1028500.0,1003100.0,1003100.0,340235
20210321 20:00,1015400.0,1036900.0,1001200.0,1035300.0,304015
20210322 20:00,1036000.0,1055800.0,1032000.0,1052800.0,284936
20210323 20:00,1051100.0,1052700.0,1035500.0,1039500.0,328483
20210324 20:00,1038199.0,1049800.0,1024300.0,1049800.0,201514
20210325 20:00,1049800.0,1074700.0,1040600.0,1065800.0,317788
20210328 20:00,1071200.0,1072400.0,1050000.0,1067100.0,219960
20210329 20:00,1062800.0,1070400.0,1057500.0,1067400.0,282794
20210330 20:00,1067600.0,1073100.0,1052000.0,1061500.0,359397
20210331 20:00,1060300.0,1086300.0,1058700.0,1080400.0,266405
20210404 20:00,1085000.0,1092500.0,1077600.0,1087700.0,459720
20210405 20:00,1090100.0,1093700.0,1079300.0,1092900.0,317609
20210406 20:00,1093000.0,1097700.0,1086800.0,1095300.0,313332
20210407 20:00,1090200.0,1103200.0,1082700.0,1085000.0,222168
20210408 20:00,1088000.0,1099300.0,1083500.0,1094200.0,189260
20210411 20:00,1095100.0,1099100.0,1083400.0,1099100.0,239116
20210412 20:00,1087400.0,1108800.0,1087400.0,1107500.0,206752
20210413 20:00,1107800.0,1112500.0,1095200.0,1095700.0,218190
20210414 20:00,1098300.0,1135100.0,1098300.0,1130000.0,269314
20210415 20:00,1135500.0,1135500.0,1117100.0,1117100.0,260372
20210418 20:00,1110000.0,1129200.0,1107200.0,1121700.0,231933
20210419 20:00,1122000.0,1156900.0,1121700.0,1141800.0,391277
20210420 20:00,1147500.0,1158550.0,1144800.0,1147600.0,240825
20210421 20:00,1130000.0,1151500.0,1130000.0,1146900.0,203624
20210422 20:00,1146800.0,1153000.0,1141500.0,1149100.0,190343
20210425 20:00,1148700.0,1163700.0,1147100.0,1163700.0,154190
20210426 20:00,1162300.0,1162300.0,1147800.0,1148100.0,314950
20210427 20:00,1150800.0,1158100.0,1148300.0,1149600.0,243025
20210428 20:00,1150000.0,1164800.0,1150000.0,1152100.0,176416
20210429 20:00,1157000.0,1169900.0,1136800.0,1169900.0,412890
20210502 20:00,1164000.0,1171400.0,1156500.0,1157200.0,245133
20210503 20:00,1160000.0,1165800.0,1144000.0,1144000.0,281745
20210504 20:00,1150000.0,1158000.0,1124600.0,1130700.0,366630
20210505 20:00,1130100.0,1149900.0,1130100.0,1147700.0,202619
20210506 20:00,1151000.0,1160800.0,1149500.0,1159300.0,214420
20210509 20:00,1160000.0,1176100.0,1158500.0,1163000.0,273871
20210510 20:00,1158900.0,1158900.0,1133100.0,1149400.0,258959
20210511 20:00,1140000.0,1145300.0,1118000.0,1118000.0,365230
20210512 20:00,1127600.0,1145400.0,1120400.0,1143300.0,260979
20210513 20:00,1145200.0,1152900.0,1139700.0,1145800.0,250635
20210516 20:00,1146500.0,1150600.0,1138200.0,1147700.0,193661
20210517 20:00,1140200.0,1155200.0,1133900.0,1148800.0,214042
20210518 20:00,1142800.0,1154100.0,1135300.0,1154100.0,288001
20210519 20:00,1160500.0,1177900.0,1152600.0,1173100.0,540652
20210520 20:00,1174900.0,1184900.0,1166900.0,1184900.0,519161
20210523 20:00,1175300.0,1190400.0,1162500.0,1178200.0,269611
20210524 20:00,1199900.0,1199900.0,1168000.0,1181600.0,406269
20210525 20:00,1180000.0,1188400.0,1162500.0,1162500.0,218472
20210526 20:00,1175100.0,1183000.0,1167100.0,1168800.0,357129
20210527 20:00,1168600.0,1186300.0,1168600.0,1179400.0,325586
20210531 20:00,1188300.0,1201100.0,1175000.0,1198000.0,394287
20210601 20:00,1210000.0,1218500.0,1199300.0,1216800.0,634863
20210602 20:00,1217400.0,1221600.0,1210200.0,1218900.0,332659
20210603 20:00,1229200.0,1229200.0,1214900.0,1220000.0,298334
20210606 20:00,1223000.0,1231700.0,1223000.0,1225200.0,242590
20210607 20:00,1226800.0,1244500.0,1226800.0,1237200.0,283105
20210608 20:00,1238500.0,1243000.0,1231800.0,1236900.0,184266
20210609 20:00,1239400.0,1263200.0,1235200.0,1263000.0,408834
20210610 20:00,1263000.0,1263000.0,1239200.0,1249500.0,310535
20210613 20:00,1249500.0,1261600.0,1243600.0,1243600.0,314596
20210614 20:00,1250000.0,1257300.0,1230000.0,1230000.0,331956
20210615 20:00,1222100.0,1242000.0,1213600.0,1215700.0,520725
20210616 20:00,1214000.0,1228400.0,1211200.0,1225700.0,583870
20210617 20:00,1226100.0,1229900.0,1194200.0,1194200.0,578314
20210620 20:00,1200000.0,1228600.0,1195500.0,1226500.0,366915
20210621 20:00,1229600.0,1229600.0,1217000.0,1219600.0,226147
20210622 20:00,1219800.0,1222200.0,1210400.0,1211900.0,305166
20210623 20:00,1212100.0,1218000.0,1204700.0,1212900.0,243084
20210624 20:00,1212700.0,1220800.0,1205900.0,1220000.0,225463
20210627 20:00,1220000.0,1224900.0,1206100.0,1212000.0,241537
20210628 20:00,1216200.0,1227200.0,1200000.0,1215000.0,247306
20210629 20:00,1209900.0,1222400.0,1194300.0,1195500.0,382388
20210630 20:00,1197400.0,1211200.0,1191600.0,1199100.0,388736
20210701 20:00,1200900.0,1217900.0,1200300.0,1209200.0,209795
20210705 20:00,1210500.0,1227000.0,1202000.0,1224400.0,327546
20210706 20:00,1225400.0,1239400.0,1218200.0,1232000.0,491184
20210707 20:00,1229400.0,1238800.0,1222100.0,1231000.0,295639
20210708 20:00,1236200.0,1254400.0,1229600.0,1250000.0,415106
20210711 20:00,1269900.0,1278200.0,1255500.0,1274100.0,674381
20210712 20:00,1260000.0,1274200.0,1250400.0,1258000.0,333038
20210713 20:00,1263100.0,1270700.0,1252000.0,1263300.0,355437
20210714 20:00,1264400.0,1273900.0,1260200.0,1267500.0,242730
20210715 20:00,1269300.0,1287600.0,1268900.0,1271300.0,420785
20210718 20:00,1270000.0,1285400.0,1258600.0,1261800.0,490121
20210719 20:00,1270000.0,1288600.0,1269400.0,1279500.0,439146
20210720 20:00,1276400.0,1281000.0,1262000.0,1262000.0,247491
20210721 20:00,1269000.0,1279400.0,1263100.0,1271900.0,178327
20210722 20:00,1273300.0,1280900.0,1266800.0,1278300.0,307969
20210725 20:00,1278500.0,1280600.0,1270200.0,1279600.0,215211
20210726 20:00,1279200.0,1293500.0,1273200.0,1291699.0,244968
20210727 20:00,1336600.0,1336600.0,1271500.0,1277300.0,222920
20210728 20:00,1276300.0,1284199.0,1273600.0,1278700.0,237278
20210729 20:00,1272500.0,1293800.0,1272500.0,1282300.0,226016
20210801 20:00,1288000.0,1295600.0,1280600.0,1280600.0,244918
20210802 20:00,1284600.0,1296600.0,1281000.0,1296600.0,266295
20210803 20:00,1297000.0,1301800.0,1285000.0,1287000.0,216803
20210804 20:00,1289000.0,1305200.0,1280000.0,1302500.0,210508
20210805 20:00,1303500.0,1304199.0,1287900.0,1295500.0,359688
20210808 20:00,1296000.0,1321699.0,1291200.0,1300100.0,151375
20210809 20:00,1300100.0,1300100.0,1287300.0,1292500.0,261118
20210810 20:00,1293500.0,1302900.0,1283899.0,1283899.0,284295
20210811 20:00,1289700.0,1301699.0,1285700.0,1300000.0,204245
20210812 20:00,1301200.0,1325200.0,1299199.0,1325200.0,210359
20210815 20:00,1322900.0,1338800.0,1321399.0,1336399.0,533078
20210816 20:00,1331399.0,1341800.0,1330300.0,1341200.0,426607
20210817 20:00,1351000.0,1351000.0,1319700.0,1320000.0,344130
20210818 20:00,1320000.0,1333500.0,1319100.0,1330900.0,267241
20210819 20:00,1338400.0,1346500.0,1319800.0,1335500.0,295183
20210822 20:00,1342500.0,1349800.0,1331300.0,1333200.0,252194
20210823 20:00,1333899.0,1339900.0,1306600.0,1309100.0,345603
20210824 20:00,1307500.0,1313100.0,1296900.0,1304800.0,301408
20210825 20:00,1309800.0,1312000.0,1296699.0,1306200.0,287634
20210826 20:00,1310500.0,1315700.0,1305800.0,1313500.0,278022
20210829 20:00,1313100.0,1338899.0,1312800.0,1337000.0,224852
20210830 20:00,1337300.0,1350000.0,1327800.0,1347000.0,298821
20210831 20:00,1365000.0,1380600.0,1345700.0,1380200.0,408719
20210901 20:00,1377900.0,1386600.0,1368700.0,1385100.0,388508
20210902 20:00,1390000.0,1393300.0,1366100.0,1389700.0,302032
20210906 20:00,1391000.0,1391399.0,1359800.0,1371900.0,502145
20210907 20:00,1376399.0,1395600.0,1368700.0,1385800.0,233067
20210908 20:00,1385400.0,1385400.0,1346900.0,1349400.0,407616
20210909 20:00,1352000.0,1353800.0,1335200.0,1336200.0,272899
20210912 20:00,1336300.0,1348800.0,1326200.0,1327200.0,328984
20210913 20:00,1328400.0,1336699.0,1317450.0,1325600.0,258820
20210914 20:00,1325000.0,1342800.0,1320800.0,1333600.0,316576
20210915 20:00,1336900.0,1336900.0,1316000.0,1320300.0,235426
20210916 20:00,1325600.0,1325600.0,1297700.0,1299500.0,466835
20210919 20:00,1290000.0,1305400.0,1270200.0,1305400.0,362973
20210920 20:00,1290600.0,1308200.0,1287000.0,1287000.0,244071
20210921 20:00,1274000.0,1305600.0,1274000.0,1300200.0,273230
20210922 20:00,1313500.0,1319500.0,1287700.0,1287700.0,315932
20210923 20:00,1288400.0,1291900.0,1274400.0,1278800.0,397886
20210926 20:00,1270600.0,1285200.0,1260000.0,1270000.0,368636
20210927 20:00,1261900.0,1261900.0,1238700.0,1260000.0,427295
20210928 20:00,1256000.0,1272900.0,1255800.0,1265100.0,233801
20210929 20:00,1269600.0,1276900.0,1253200.0,1253200.0,398915
20210930 20:00,1256500.0,1273600.0,1242300.0,1255100.0,238427
20211003 20:00,1264400.0,1272000.0,1252600.0,1268000.0,311368
20211004 20:00,1268300.0,1276000.0,1258500.0,1263400.0,213711
20211005 20:00,1275000.0,1278700.0,1245000.0,1278700.0,432368
20211006 20:00,1291300.0,1310700.0,1287600.0,1294700.0,408980
20211007 20:00,1299900.0,1299900.0,1282600.0,1284000.0,191834
20211010 20:00,1289000.0,1291699.0,1272600.0,1283100.0,224007
20211011 20:00,1295000.0,1329500.0,1288899.0,1323800.0,395352
20211012 20:00,1322800.0,1341600.0,1315300.0,1335000.0,276242
20211013 20:00,1344500.0,1379000.0,1338100.0,1379000.0,254006
20211014 20:00,1359900.0,1398000.0,1358500.0,1373899.0,377227
20211017 20:00,1365300.0,1408100.0,1363500.0,1392500.0,301525
20211018 20:00,1403300.0,1403300.0,1387600.0,1390000.0,254221
20211019 20:00,1399100.0,1434800.0,1397200.0,1434800.0,365919
20211020 20:00,1439199.0,1459500.0,1439100.0,1449900.0,462007
20211021 20:00,1452900.0,1458000.0,1435000.0,1435000.0,280840
20211024 20:00,1440000.0,1452200.0,1432000.0,1451800.0,193215
20211025 20:00,1451100.0,1473500.0,1450000.0,1473500.0,185727
20211026 20:00,1462300.0,1468500.0,1434300.0,1439000.0,268861
20211027 20:00,1444100.0,1467600.0,1440200.0,1467000.0,254348
20211028 20:00,1466699.0,1466699.0,1446699.0,1449700.0,331876
20211031 20:00,1449600.0,1455900.0,1420100.0,1447100.0,247633
20211101 20:00,1456900.0,1472200.0,1443400.0,1470500.0,254167
20211102 20:00,1428600.0,1481399.0,1428600.0,1475900.0,206421
20211103 20:00,1476600.0,1489300.0,1470100.0,1482700.0,231193
20211104 20:00,1478700.0,1490500.0,1464300.0,1466900.0,297417
20211107 19:00,1467000.0,1482900.0,1459700.0,1480600.0,194072
20211108 19:00,1480700.0,1489900.0,1478000.0,1484900.0,176553
20211109 19:00,1484500.0,1496300.0,1470000.0,1488100.0,198223
20211110 19:00,1487700.0,1489700.0,1475200.0,1488899.0,216754
20211111 19:00,1499900.0,1499900.0,1475400.0,1488000.0,208754
20211114 19:00,1470000.0,1502700.0,1470000.0,1502700.0,241525
20211115 19:00,1502000.0,1509300.0,1488400.0,1499900.0,195970
20211116 19:00,1494000.0,1507600.0,1460600.0,1503500.0,266699
20211117 19:00,1520000.0,1520000.0,1495700.0,1505600.0,199839
20211118 19:00,1505800.0,1514000.0,1489400.0,1501900.0,211163
20211121 19:00,1510000.0,1526100.0,1493500.0,1508899.0,187153
20211122 19:00,1509000.0,1532200.0,1496500.0,1525600.0,209295
20211123 19:00,1536500.0,1548700.0,1508000.0,1545200.0,140643
20211125 19:00,1420000.0,1533200.0,1414000.0,1510000.0,238996
20211128 19:00,1490000.0,1540300.0,1490000.0,1530700.0,327400
20211129 19:00,1450000.0,1535000.0,1450000.0,1507700.0,351675
20211130 19:00,1507500.0,1566900.0,1501000.0,1505300.0,385777
20211201 19:00,1517500.0,1557300.0,1517500.0,1543800.0,371728
20211202 19:00,1570000.0,1575000.0,1522400.0,1546000.0,272504
20211205 19:00,1546600.0,1580000.0,1546600.0,1572200.0,358226
20211206 19:00,1574800.0,1605900.0,1565700.0,1605900.0,233598
20211207 19:00,1608899.0,1613600.0,1583750.0,1589000.0,350476
20211208 19:00,1600000.0,1600000.0,1568899.0,1579700.0,252279
20211209 19:00,1575600.0,1597300.0,1570000.0,1591000.0,237145
20211212 19:00,1594000.0,1618200.0,1573100.0,1610800.0,332402
20211213 19:00,1610800.0,1610800.0,1571600.0,1586900.0,406333
20211214 19:00,1596699.0,1637400.0,1596699.0,1637400.0,430103
20211215 19:00,1625600.0,1639700.0,1618600.0,1632700.0,472027
20211216 19:00,1640000.0,1650700.0,1605200.0,1605200.0,389104
20211219 19:00,1611800.0,1623700.0,1570100.0,1613600.0,230627
20211220 19:00,1628800.0,1650000.0,1601000.0,1609800.0,315073
20211221 19:00,1610000.0,1625200.0,1599700.0,1622200.0,194985
20211222 19:00,1620000.0,1636500.0,1602750.0,1615100.0,347441
20211226 19:00,1620000.0,1665400.0,1620000.0,1658899.0,175311
20211227 19:00,1680000.0,1680100.0,1640300.0,1665400.0,192610
20211228 19:00,1664000.0,1685900.0,1656900.0,1676600.0,155304
20211229 19:00,1687500.0,1688400.0,1666900.0,1679600.0,165942
20211230 19:00,1700000.0,1700000.0,1677300.0,1683600.0,164252
20220102 19:00,1690000.0,1690000.0,1620700.0,1648200.0,392883
20220103 19:00,1650100.0,1660100.0,1601100.0,1605000.0,684323
20220104 19:00,1620000.0,1620000.0,1573700.0,1575200.0,496752
20220105 19:00,1576500.0,1576500.0,1554000.0,1574400.0,490622
20220106 19:00,1562500.0,1567500.0,1534500.0,1537300.0,461945
20220109 19:00,1537300.0,1540000.0,1498500.0,1535000.0,548334
20220110 19:00,1550000.0,1550000.0,1514199.0,1536500.0,344633
20220111 19:00,1530000.0,1557700.0,1530000.0,1532100.0,255484
20220112 19:00,1550000.0,1550000.0,1529000.0,1531500.0,248955
20220113 19:00,1531500.0,1534600.0,1506200.0,1527000.0,247321
20220117 19:00,1527400.0,1573200.0,1500000.0,1550400.0,517099
20220118 19:00,1576100.0,1592100.0,1528600.0,1539800.0,509340
20220119 19:00,1550000.0,1570000.0,1509100.0,1541600.0,335088
20220120 19:00,1541399.0,1579199.0,1540000.0,1555000.0,553642
20220123 19:00,1554000.0,1560800.0,1491000.0,1534700.0,632715
20220124 19:00,1520000.0,1547200.0,1500000.0,1540000.0,520700
20220125 19:00,1539600.0,1567200.0,1507100.0,1516600.0,457376
20220126 19:00,1516699.0,1541500.0,1475900.0,1485700.0,715396
20220127 19:00,1495000.0,1551100.0,1463800.0,1550700.0,535777
20220130 19:00,1550700.0,1572400.0,1544900.0,1568200.0,394309
20220131 19:00,1568200.0,1577400.0,1523300.0,1530100.0,438182
20220201 19:00,1535900.0,1579600.0,1535500.0,1570000.0,307833
20220202 19:00,1554199.0,1577400.0,1554199.0,1560000.0,292935
20220203 19:00,1565000.0,1580000.0,1526300.0,1555800.0,245799
20220206 19:00,1568100.0,1568100.0,1516300.0,1520500.0,269380
20220207 19:00,1526900.0,1532300.0,1504400.0,1511300.0,332982
20220208 19:00,1512700.0,1555700.0,1512700.0,1550500.0,314373
20220209 19:00,1553700.0,1553700.0,1472900.0,1485000.0,478862
20220210 19:00,1485000.0,1500400.0,1451800.0,1455000.0,621938
20220213 19:00,1447000.0,1479900.0,1430800.0,1451500.0,269188
20220214 19:00,1453400.0,1475800.0,1452200.0,1456000.0,324387
20220215 19:00,1456200.0,1468400.0,1427500.0,1444700.0,306076
20220216 19:00,1427600.0,1440500.0,1422100.0,1433400.0,379945
20220217 19:00,1432800.0,1442400.0,1419300.0,1425700.0,285262
20220221 19:00,1410000.0,1444300.0,1410000.0,1424500.0,464263
20220222 19:00,1431800.0,1441100.0,1404000.0,1404000.0,313602
20220223 19:00,1407600.0,1436900.0,1380100.0,1435000.0,511281
20220224 19:00,1427900.0,1486500.0,1410500.0,1486500.0,356917
20220227 19:00,1480000.0,1480000.0,1438100.0,1455000.0,262666
20220228 19:00,1398100.0,1479300.0,1398100.0,1453000.0,374612
20220301 19:00,1462300.0,1485100.0,1457200.0,1476399.0,284204
20220302 19:00,1480000.0,1511900.0,1473200.0,1511900.0,192433
20220303 19:00,1504000.0,1509250.0,1472600.0,1491600.0,266080
20220306 19:00,1500000.0,1512400.0,1485700.0,1489000.0,310664
20220307 19:00,1491000.0,1503000.0,1467200.0,1484100.0,254305
20220308 19:00,1470500.0,1519900.0,1470500.0,1505100.0,203106
20220309 19:00,1491000.0,1515200.0,1478600.0,1510100.0,184164
20220310 19:00,1512500.0,1525300.0,1476800.0,1480000.0,252502
20220313 20:00,1455600.0,1502700.0,1455600.0,1491800.0,345764
20220314 20:00,1491900.0,1530000.0,1491900.0,1530000.0,255012
20220315 20:00,1534000.0,1550700.0,1511800.0,1550000.0,631538
20220316 20:00,1545700.0,1567500.0,1535000.0,1560100.0,270832
20220317 20:00,1560100.0,1607000.0,1555000.0,1607000.0,500505
20220320 20:00,1611600.0,1631600.0,1573000.0,1588899.0,300386
20220321 20:00,1589199.0,1608500.0,1575400.0,1595200.0,347493
20220322 20:00,1594600.0,1594600.0,1568899.0,1580900.0,245177
20220323 20:00,1590000.0,1590000.0,1541100.0,1560600.0,297040
20220324 20:00,1558899.0,1581100.0,1543100.0,1563700.0,257760
20220327 20:00,1573300.0,1619600.0,1570600.0,1600000.0,251628
20220328 20:00,1595800.0,1655000.0,1595800.0,1647000.0,371123
20220329 20:00,1650000.0,1654000.0,1621000.0,1641399.0,256357
20220330 20:00,1641000.0,1657100.0,1603000.0,1603000.0,331845
20220331 20:00,1614800.0,1667100.0,1606399.0,1667100.0,363836
20220403 20:00,1660300.0,1667200.0,1622000.0,1636800.0,249497
20220404 20:00,1643800.0,1683200.0,1631200.0,1662800.0,371494
20220405 20:00,1650000.0,1706200.0,1640000.0,1700000.0,386442
20220406 20:00,1700000.0,1720000.0,1667500.0,1687700.0,344823
20220407 20:00,1688300.0,1705200.0,1668800.0,1686500.0,210477
20220410 20:00,1684000.0,1693200.0,1643899.0,1656699.0,310595
20220411 20:00,1657300.0,1678899.0,1643400.0,1653899.0,367195
20220412 20:00,1653300.0,1660000.0,1635200.0,1650300.0,280063
20220413 20:00,1654600.0,1662600.0,1625200.0,1630000.0,206879
20220417 20:00,1625800.0,1640800.0,1622000.0,1632900.0,236418
20220418 20:00,1670000.0,1702100.0,1653600.0,1694800.0,462251
20220419 20:00,1732500.0,1740800.0,1696000.0,1730000.0,488124
20220420 20:00,1744000.0,1749800.0,1700300.0,1700300.0,250144
20220421 20:00,1710000.0,1725300.0,1663800.0,1663800.0,435000
20220424 20:00,1675100.0,1692000.0,1634500.0,1660600.0,345692
20220425 20:00,1677300.0,1693700.0,1653600.0,1656500.0,357821
20220426 20:00,1658700.0,1703000.0,1651600.0,1663500.0,515676
20220427 20:00,1723500.0,1739500.0,1668100.0,1730100.0,358166
20220428 20:00,1718000.0,1720000.0,1596500.0,1609400.0,1194413
20220501 20:00,1603000.0,1614300.0,1495900.0,1529700.0,1044168
20220502 20:00,1530000.0,1551500.0,1507300.0,1522500.0,531090
20220503 20:00,1503700.0,1528800.0,1467500.0,1524600.0,631727
20220504 20:00,1524000.0,1530300.0,1440000.0,1449800.0,886391
20220505 20:00,1449800.0,1449800.0,1394300.0,1400000.0,760150
20220508 20:00,1390000.0,1394500.0,1321300.0,1322300.0,775916
20220509 20:00,1330000.0,1353200.0,1242500.0,1254800.0,1752317
20220510 20:00,1254100.0,1294400.0,1235300.0,1238900.0,1285336
20220511 20:00,1226000.0,1240200.0,1204200.0,1237800.0,1302796
20220512 20:00,1250000.0,1289500.0,1245300.0,1289500.0,739388
20220515 20:00,1292000.0,1292000.0,1249800.0,1250000.0,428236
20220516 20:00,1253500.0,1273900.0,1232400.0,1265500.0,490370
20220517 20:00,1259000.0,1268100.0,1192300.0,1195100.0,508225
20220518 20:00,1195300.0,1212400.0,1184700.0,1208000.0,609554
20220519 20:00,1226100.0,1226100.0,1178800.0,1197200.0,580579
20220522 20:00,1204500.0,1224700.0,1182350.0,1204800.0,829367
20220523 20:00,1195200.0,1203300.0,1163800.0,1200000.0,708416
20220524 20:00,1192900.0,1211700.0,1190200.0,1200250.0,349937
20220525 20:00,1204400.0,1233900.0,1197400.0,1223200.0,571467
20220526 20:00,1244300.0,1282000.0,1228700.0,1279500.0,704307
20220530 20:00,1280000.0,1287600.0,1252300.0,1271200.0,1287664
20220531 20:00,1274000.0,1298800.0,1238400.0,1259500.0,545514
20220601 20:00,1271500.0,1295900.0,1254700.0,1295750.0,571126
20220602 20:00,1294600.0,1295000.0,1270300.0,1280800.0,397304
20220605 20:00,1290000.0,1295500.0,1272900.0,1278400.0,381867
20220606 20:00,1275000.0,1298500.0,1257800.0,1296800.0,401317
20220607 20:00,1279800.0,1290900.0,1244500.0,1247200.0,599378
20220608 20:00,1247900.0,1260800.0,1221200.0,1221200.0,316957
20220609 20:00,1230100.0,1230100.0,1169600.0,1175000.0,573663
20220612 20:00,1165000.0,1165000.0,1064700.0,1079500.0,2453263
20220613 20:00,1088900.0,1114700.0,1074100.0,1108500.0,1040489
20220614 20:00,1100200.0,1168850.0,1100200.0,1148000.0,1406468
20220615 20:00,1137900.0,1139600.0,1101400.0,1119500.0,719067
20220616 20:00,1130000.0,1139250.0,1101400.0,1103600.0,635333
20220620 20:00,1149500.0,1150000.0,1114200.0,1116200.0,497360
20220621 20:00,1108900.0,1167900.0,1099500.0,1154500.0,562708
20220622 20:00,1160000.0,1187600.0,1154800.0,1181700.0,551770
20220623 20:00,1195100.0,1226300.0,1180700.0,1220000.0,575344
20220626 20:00,1228600.0,1228600.0,1197700.0,1205000.0,600821
20220627 20:00,1213300.0,1230900.0,1186000.0,1188600.0,381649
20220628 20:00,1190000.0,1191900.0,1166200.0,1182800.0,425360
20220629 20:00,1174600.0,1191500.0,1153700.0,1172800.0,570042
20220630 20:00,1176500.0,1204000.0,1174400.0,1200350.0,419462
20220704 20:00,1194900.0,1214400.0,1178400.0,1212800.0,513629
20220705 20:00,1214200.0,1235200.0,1207800.0,1224900.0,490305
20220706 20:00,1221300.0,1239600.0,1213600.0,1233200.0,469577
20220707 20:00,1219400.0,1227600.0,1205900.0,1206900.0,332568
20220710 20:00,1215900.0,1227200.0,1204800.0,1213700.0,360205
20220711 20:00,1217800.0,1229200.0,1199800.0,1210300.0,324614
20220712 20:00,1190400.0,1218400.0,1185100.0,1199100.0,403733
20220713 20:00,1193000.0,1193100.0,1171400.0,1179300.0,544546
20220714 20:00,1190100.0,1215100.0,1174800.0,1205700.0,442249
20220717 20:00,1218000.0,1248400.0,1190200.0,1197100.0,521607
20220718 20:00,1207600.0,1259500.0,1199900.0,1259500.0,554022
20220719 20:00,1251200.0,1274500.0,1232200.0,1269900.0,526148
20220720 20:00,1246700.0,1257000.0,1231000.0,1256800.0,435051
20220721 20:00,1261100.0,1278200.0,1259300.0,1259300.0,360266
20220724 20:00,1279900.0,1283400.0,1259500.0,1277000.0,404703
20220725 20:00,1277800.0,1287800.0,1267500.0,1270800.0,454150
20220726 20:00,1276500.0,1283100.0,1253000.0,1262700.0,300772
20220727 20:00,1265800.0,1326399.0,1265800.0,1314000.0,556365
20220728 20:00,1330100.0,1332700.0,1305600.0,1326300.0,442025
20220731 20:00,1325600.0,1341800.0,1307700.0,1318899.0,466468
20220801 20:00,1306000.0,1315900.0,1293100.0,1293850.0,435478
20220802 20:00,1291000.0,1329199.0,1291000.0,1314300.0,657533
20220803 20:00,1304100.0,1311800.0,1288600.0,1307600.0,332019
20220804 20:00,1291200.0,1315600.0,1285200.0,1314800.0,321566
20220807 20:00,1315000.0,1339000.0,1302400.0,1312400.0,393692
20220808 20:00,1318400.0,1330000.0,1308700.0,1329500.0,328171
20220809 20:00,1348600.0,1354900.0,1297000.0,1341100.0,409415
20220810 20:00,1350000.0,1358000.0,1335600.0,1342400.0,248293
20220811 20:00,1347100.0,1377300.0,1347100.0,1377200.0,301954
20220814 20:00,1374100.0,1384700.0,1366200.0,1383700.0,320436
20220815 20:00,1382100.0,1388700.0,1370700.0,1370700.0,335685
20220816 20:00,1369100.0,1379600.0,1354700.0,1373899.0,259914
20220817 20:00,1376500.0,1381699.0,1364199.0,1366399.0,271718
20220818 20:00,1360000.0,1368800.0,1333200.0,1334500.0,415805
20220821 20:00,1337800.0,1337800.0,1306200.0,1306200.0,429781
20220822 20:00,1304300.0,1308000.0,1280100.0,1287900.0,414033
20220823 20:00,1294500.0,1316300.0,1290400.0,1311000.0,378250
20220824 20:00,1313000.0,1327850.0,1303700.0,1324000.0,329702
20220825 20:00,1319400.0,1330000.0,1282700.0,1283500.0,287904
20220828 20:00,1272500.0,1282100.0,1265600.0,1269400.0,470730
20220829 20:00,1284900.0,1284900.0,1250100.0,1250100.0,344856
20220830 20:00,1256400.0,1280800.0,1236600.0,1260600.0,448040
20220831 20:00,1227700.0,1247800.0,1215100.0,1247800.0,680515
20220901 20:00,1252800.0,1265800.0,1211600.0,1211600.0,345437
20220905 20:00,1233500.0,1242100.0,1219200.0,1231600.0,371260
20220906 20:00,1241400.0,1269400.0,1232900.0,1259900.0,460533
20220907 20:00,1263500.0,1280900.0,1234500.0,1279000.0,437811
20220908 20:00,1282500.0,1299800.0,1278100.0,1295800.0,466775
20220911 20:00,1299900.0,1306500.0,1293000.0,1295000.0,348885
20220912 20:00,1299400.0,1299400.0,1243200.0,1243200.0,605746
20220913 20:00,1250900.0,1251000.0,1201300.0,1210600.0,506481
20220914 20:00,1203200.0,1209800.0,1149400.0,1149400.0,878160
20220915 20:00,1159700.0,1159700.0,1119100.0,1136500.0,1018275
20220918 20:00,1130000.0,1136700.0,1102500.0,1128000.0,838653
20220919 20:00,1119700.0,1120100.0,1099200.0,1109300.0,752789
20220920 20:00,1105000.0,1121300.0,1083200.0,1083200.0,980608
20220921 20:00,1085600.0,1097800.0,1075200.0,1092400.0,788465
20220922 20:00,1079900.0,1093700.0,1072200.0,1086400.0,863770
20220925 20:00,1076500.0,1076500.0,1028100.0,1028100.0,1457998
20220926 20:00,1053000.0,1076600.0,1014900.0,1014900.0,1212356
20220927 20:00,1018000.0,1043199.0,1008400.0,1039800.0,986465
20220928 20:00,1039300.0,1039300.0,1006100.0,1015000.0,945988
20220929 20:00,1012000.0,1037600.0,1011000.0,1017800.0,2042073
20221002 20:00,1025000.0,1066800.0,1024000.0,1043199.0,792246
20221003 20:00,1056000.0,1066200.0,1046400.0,1051700.0,974549
20221004 20:00,1049500.0,1061900.0,1031100.0,1054400.0,710175
20221005 20:00,1054500.0,1059500.0,1015500.0,1018500.0,647981
20221006 20:00,1010200.0,1013500.0,996900.0,1003400.0,776569
20221009 20:00,1006200.0,1011800.0,988300.0,989000.0,663033
20221010 20:00,985600.0,1011200.0,980500.0,1007200.0,1020174
20221011 20:00,1006300.0,1019900.0,995600.0,1003900.0,613792
20221012 20:00,1004400.0,1031500.0,980600.0,1018100.0,886212
20221013 20:00,1026400.0,1040600.0,990100.0,990100.0,612695
20221016 20:00,1012500.0,1063600.0,1012500.0,1063600.0,504915
20221017 20:00,1084100.0,1087800.0,1047900.0,1057000.0,821475
20221018 20:00,1049900.0,1060000.0,1008700.0,1022500.0,534543
20221019 20:00,1024200.0,1053600.0,1019700.0,1019700.0,581451
20221020 20:00,1019700.0,1034599.0,1007500.0,1028199.0,493859
20221023 20:00,1040000.0,1044300.0,1022300.0,1037800.0,533896
20221024 20:00,1029900.0,1086200.0,1029900.0,1085400.0,712001
20221025 20:00,1080700.0,1117600.0,1078600.0,1098600.0,834171
20221026 20:00,1100600.0,1114500.0,1091300.0,1100000.0,935903
20221027 20:00,1100100.0,1134400.0,1096300.0,1130200.0,750103
20221030 20:00,1108800.0,1121000.0,1105000.0,1108600.0,465632
20221031 20:00,1120700.0,1122300.0,1082700.0,1085050.0,804047
20221101 20:00,1072000.0,1113300.0,1066900.0,1067500.0,795557
20221102 20:00,1053700.0,1085600.0,1037400.0,1084100.0,727942
20221103 20:00,1083700.0,1095300.0,1058200.0,1086900.0,584718
20221106 19:00,1081400.0,1093900.0,1071500.0,1090900.0,354485
20221107 19:00,1096000.0,1114550.0,1084000.0,1104800.0,312658
20221108 19:00,1098500.0,1118300.0,1086600.0,1088400.0,698795
20221109 19:00,1115100.0,1185100.0,1111300.0,1183200.0,482106
20221110 19:00,1180000.0,1199900.0,1159600.0,1165000.0,466430
20221113 19:00,1161300.0,1161300.0,1123900.0,1124800.0,421894
20221114 19:00,1145000.0,1146400.0,1112300.0,1135400.0,382819
20221115 19:00,1127000.0,1144000.0,1117100.0,1137600.0,404411
20221116 19:00,1133000.0,1134900.0,1104300.0,1123100.0,316397
20221117 19:00,1129900.0,1151300.0,1129900.0,1150400.0,373600
20221120 19:00,1145500.0,1155900.0,1133400.0,1151800.0,376256
20221121 19:00,1153000.0,1160400.0,1140500.0,1157600.0,335020
20221122 19:00,1172100.0,1172100.0,1141700.0,1157000.0,257407
20221124 19:00,1155200.0,1169400.0,1152400.0,1162300.0,128915
20221127 19:00,1160400.0,1167600.0,1109300.0,1114600.0,459024
20221128 19:00,1121500.0,1141100.0,1113000.0,1135800.0,352704
20221129 19:00,1138000.0,1177900.0,1124600.0,1177900.0,474083
20221130 19:00,1184000.0,1195700.0,1157500.0,1172900.0,397149
20221201 19:00,1171000.0,1180200.0,1148200.0,1167400.0,343946
20221204 19:00,1169400.0,1169400.0,1137400.0,1142500.0,281275
20221205 19:00,1150400.0,1160900.0,1140300.0,1145400.0,447649
20221206 19:00,1145900.0,1171500.0,1133000.0,1164600.0,491931
20221207 19:00,1159900.0,1186450.0,1158400.0,1170000.0,721976
20221208 19:00,1193100.0,1193100.0,1162000.0,1163200.0,369521
20221211 19:00,1169500.0,1183600.0,1153700.0,1180300.0,343922
20221212 19:00,1190000.0,1228700.0,1180000.0,1211500.0,447459
20221213 19:00,1214000.0,1237300.0,1206900.0,1215500.0,625866
20221214 19:00,1200000.0,1214700.0,1179100.0,1183500.0,485448
20221215 19:00,1162200.0,1162200.0,1109800.0,1119000.0,907302
20221218 19:00,1116000.0,1132700.0,1111200.0,1120300.0,394429
20221219 19:00,1115000.0,1132000.0,1101200.0,1118200.0,365471
20221220 19:00,1125600.0,1156500.0,1124300.0,1139800.0,384041
20221221 19:00,1128900.0,1133000.0,1109700.0,1127100.0,423047
20221222 19:00,1129400.0,1141200.0,1123600.0,1136500.0,167833
20221226 19:00,1137200.0,1137950.0,1121800.0,1137100.0,361960
20221227 19:00,1133100.0,1138800.0,1100600.0,1107000.0,394024
20221228 19:00,1150000.0,1150000.0,1111300.0,1142600.0,319633
20221229 19:00,1140000.0,1140000.0,1113400.0,1127000.0,253259
20230102 19:00,1127300.0,1160500.0,1111800.0,1126900.0,236048
20230103 19:00,1126800.0,1180000.0,1126800.0,1174100.0,489719
20230104 19:00,1169500.0,1169500.0,1124200.0,1130000.0,337456
20230105 19:00,1155000.0,1172900.0,1128000.0,1166800.0,308455
20230108 19:00,1186000.0,1186200.0,1160600.0,1160600.0,295101
20230109 19:00,1160600.0,1161700.0,1143100.0,1155400.0,300430
20230110 19:00,1166200.0,1213900.0,1165400.0,1213900.0,434245
20230111 19:00,1215500.0,1226800.0,1201900.0,1220600.0,315237
20230112 19:00,1215000.0,1225300.0,1201600.0,1218900.0,301886
20230116 19:00,1218600.0,1230400.0,1209000.0,1213800.0,456998
20230117 19:00,1213500.0,1253300.0,1205000.0,1231100.0,513890
20230118 19:00,1226500.0,1246500.0,1212500.0,1212900.0,440925
20230119 19:00,1213300.0,1229700.0,1195800.0,1228500.0,426043
20230122 19:00,1228200.0,1264100.0,1222100.0,1260000.0,440238
20230123 19:00,1242300.0,1270200.0,1155000.0,1262000.0,312396
20230124 19:00,1264000.0,1264000.0,1243800.0,1256900.0,367668
20230125 19:00,1257100.0,1281300.0,1257100.0,1269900.0,414332
20230126 19:00,1294300.0,1309250.0,1276600.0,1299000.0,367432
20230129 19:00,1294400.0,1302700.0,1276500.0,1281900.0,303914
20230130 19:00,1271600.0,1297400.0,1269300.0,1292900.0,456952
20230131 19:00,1296200.0,1319550.0,1275400.0,1318300.0,421340
20230201 19:00,1317800.0,1366699.0,1317800.0,1332900.0,371735
20230202 19:00,1346100.0,1346100.0,1299700.0,1316600.0,432433
20230205 19:00,1315000.0,1317250.0,1293100.0,1314900.0,321975
20230206 19:00,1300400.0,1315800.0,1285800.0,1291000.0,540158
20230207 19:00,1298800.0,1311200.0,1292000.0,1297600.0,277479
20230208 19:00,1298600.0,1310600.0,1275800.0,1279900.0,389644
20230209 19:00,1281000.0,1285700.0,1257500.0,1285700.0,282664
20230212 19:00,1285650.0,1298000.0,1282200.0,1284199.0,221103
20230213 19:00,1292900.0,1301800.0,1268600.0,1269400.0,301750
20230214 19:00,1277300.0,1277300.0,1263000.0,1275300.0,287141
20230215 19:00,1253000.0,1271500.0,1241400.0,1249200.0,256406
20230216 19:00,1251600.0,1258300.0,1234800.0,1253500.0,381589
20230220 19:00,1252200.0,1252200.0,1226200.0,1240300.0,284736
20230221 19:00,1234800.0,1247100.0,1221100.0,1221100.0,315189
20230222 19:00,1247000.0,1247000.0,1223000.0,1240200.0,290326
20230223 19:00,1239900.0,1240000.0,1205700.0,1210000.0,318057
20230226 19:00,1224200.0,1236000.0,1213900.0,1229050.0,349578
20230227 19:00,1229100.0,1254400.0,1223200.0,1225300.0,460296
20230228 19:00,1243800.0,1243800.0,1208500.0,1211300.0,492454
20230301 19:00,1203200.0,1247400.0,1200200.0,1246500.0,399092
20230302 19:00,1245100.0,1272600.0,1245100.0,1265400.0,340778
20230305 19:00,1267100.0,1282600.0,1265200.0,1273400.0,301441
20230306 19:00,1277800.0,1277800.0,1229700.0,1238200.0,249445
20230307 19:00,1234900.0,1258600.0,1232900.0,1242000.0,230907
20230308 19:00,1248400.0,1255600.0,1209300.0,1224300.0,356684
20230309 19:00,1213000.0,1218100.0,1163200.0,1181500.0,637528
20230312 20:00,1163500.0,1208400.0,1162200.0,1184000.0,512920
20230313 20:00,1183700.0,1214600.0,1183700.0,1198300.0,521275
20230314 20:00,1180000.0,1212900.0,1180000.0,1205500.0,525758
20230315 20:00,1189500.0,1215600.0,1169800.0,1201050.0,484040
20230316 20:00,1200900.0,1202000.0,1159600.0,1160700.0,501668
20230319 20:00,1174300.0,1187900.0,1155000.0,1179200.0,359452
20230320 20:00,1191000.0,1205000.0,1174600.0,1184700.0,476612
20230321 20:00,1170100.0,1184700.0,1140500.0,1146700.0,500333
20230322 20:00,1141400.0,1174700.0,1137400.0,1150000.0,563548
20230323 20:00,1141500.0,1170900.0,1131700.0,1170000.0,543155
20230326 20:00,1173900.0,1187300.0,1166700.0,1176700.0,395829
20230327 20:00,1167600.0,1171600.0,1155500.0,1159300.0,270766
20230328 20:00,1183600.0,1199900.0,1174800.0,1190000.0,394376
20230329 20:00,1203700.0,1228800.0,1202600.0,1228800.0,528918
20230330 20:00,1230900.0,1250000.0,1226700.0,1250000.0,562987
20230402 20:00,1250000.0,1263600.0,1228600.0,1237700.0,567715
20230403 20:00,1230000.0,1245800.0,1229500.0,1240600.0,436064
20230404 20:00,1239900.0,1243050.0,1213800.0,1213800.0,443705
20230405 20:00,1222700.0,1227700.0,1211500.0,1226900.0,301793
20230409 20:00,1230000.0,1238100.0,1207200.0,1230300.0,276368
20230410 20:00,1236900.0,1244200.0,1216300.0,1226500.0,356050
20230411 20:00,1226700.0,1245600.0,1224600.0,1232000.0,326677
20230412 20:00,1236900.0,1236900.0,1204500.0,1219300.0,419473
20230413 20:00,1200100.0,1231100.0,1189000.0,1189000.0,500263
20230416 20:00,1209200.0,1232900.0,1196700.0,1230000.0,530749
20230417 20:00,1235000.0,1250300.0,1224500.0,1237100.0,369475
20230418 20:00,1235000.0,1253900.0,1227500.0,1251600.0,342002
20230419 20:00,1251600.0,1251600.0,1229700.0,1232500.0,277856
20230420 20:00,1232500.0,1249500.0,1232500.0,1235800.0,364471
20230423 20:00,1235800.0,1244500.0,1217800.0,1217800.0,364325
20230424 20:00,1224000.0,1231000.0,1203900.0,1206700.0,448775
20230425 20:00,1199500.0,1211900.0,1183800.0,1192300.0,315008
20230426 20:00,1199900.0,1228800.0,1193000.0,1221200.0,446269
20230427 20:00,1223500.0,1257200.0,1223500.0,1252500.0,602323
20230430 20:00,1250700.0,1253300.0,1220000.0,1220000.0,296917
20230501 20:00,1220000.0,1234650.0,1212600.0,1217700.0,417004
20230502 20:00,1223100.0,1262600.0,1223000.0,1230500.0,567933
20230503 20:00,1241700.0,1254500.0,1224700.0,1254500.0,480438
20230504 20:00,1255000.0,1274300.0,1255000.0,1272300.0,308408
20230507 20:00,1273000.0,1278300.0,1264000.0,1273600.0,283878
20230508 20:00,1270900.0,1273100.0,1249700.0,1254900.0,403125
20230509 20:00,1257500.0,1290300.0,1257500.0,1285700.0,344399
20230510 20:00,1273100.0,1273200.0,1248200.0,1259200.0,328085
20230511 20:00,1256000.0,1262200.0,1242200.0,1245200.0,245798
20230514 20:00,1252000.0,1259200.0,1244900.0,1248600.0,219803
20230515 20:00,1262100.0,1262100.0,1208000.0,1215000.0,407807
20230516 20:00,1218000.0,1228600.0,1210200.0,1220100.0,350438
20230517 20:00,1225900.0,1234900.0,1210700.0,1232800.0,303101
20230518 20:00,1234900.0,1243900.0,1222300.0,1225500.0,234224
20230521 20:00,1226300.0,1256900.0,1224400.0,1250400.0,355949
20230522 20:00,1239500.0,1250200.0,1227000.0,1229900.0,445015
20230523 20:00,1227400.0,1234800.0,1203400.0,1203600.0,439142
20230524 20:00,1210100.0,1233200.0,1209100.0,1222700.0,454180
20230525 20:00,1222500.0,1253200.0,1220800.0,1245200.0,373629
20230529 20:00,1249400.0,1263700.0,1234200.0,1234200.0,373551
20230530 20:00,1243100.0,1261600.0,1234300.0,1246000.0,607285
20230531 20:00,1245500.0,1250000.0,1217000.0,1237900.0,601325
20230601 20:00,1233300.0,1253200.0,1229300.0,1250000.0,452507
20230604 20:00,1252000.0,1255600.0,1235000.0,1246600.0,272011
20230605 20:00,1246600.0,1271400.0,1245600.0,1258300.0,354434
20230606 20:00,1260000.0,1300100.0,1255700.0,1283700.0,403794
20230607 20:00,1281300.0,1281300.0,1246000.0,1249300.0,506856
20230608 20:00,1249200.0,1252400.0,1210800.0,1212900.0,548289
20230611 20:00,1213100.0,1215300.0,1184200.0,1190000.0,720253
20230612 20:00,1197100.0,1219800.0,1190000.0,1214300.0,381496
20230613 20:00,1218800.0,1236100.0,1211900.0,1231300.0,401142
20230614 20:00,1214000.0,1220700.0,1197300.0,1216900.0,306955
20230615 20:00,1217400.0,1244300.0,1215500.0,1222200.0,327181
20230619 20:00,1218500.0,1219600.0,1194900.0,1202700.0,461325
20230620 20:00,1208500.0,1211500.0,1197100.0,1207000.0,265347
20230621 20:00,1205000.0,1213000.0,1176600.0,1186450.0,280350
20230622 20:00,1180000.0,1202900.0,1167300.0,1167300.0,494999
20230625 20:00,1169100.0,1191500.0,1165100.0,1187900.0,291791
20230626 20:00,1190100.0,1216100.0,1190100.0,1206000.0,503529
20230627 20:00,1210000.0,1215100.0,1189600.0,1200600.0,429879
20230628 20:00,1208600.0,1218400.0,1197600.0,1206800.0,456402
20230629 20:00,1216100.0,1228600.0,1199150.0,1223200.0,653783
20230702 20:00,1226300.0,1247100.0,1215900.0,1222200.0,199160
20230704 20:00,1238600.0,1259400.0,1220800.0,1240000.0,419179
20230705 20:00,1221700.0,1231400.0,1198400.0,1228800.0,296861
20230706 20:00,1212000.0,1225400.0,1210300.0,1220100.0,341844
20230709 20:00,1219900.0,1224000.0,1208600.0,1218200.0,249213
20230710 20:00,1219500.0,1234300.0,1202900.0,1223600.0,342397
20230711 20:00,1232300.0,1269300.0,1232300.0,1252500.0,579863
20230712 20:00,1253600.0,1271800.0,1239800.0,1268300.0,281853
20230713 20:00,1273400.0,1280000.0,1257050.0,1280000.0,334920
20230716 20:00,1279900.0,1290000.0,1270800.0,1290000.0,379474
20230717 20:00,1290100.0,1311100.0,1209700.0,1241100.0,765186
20230718 20:00,1240000.0,1264200.0,1226100.0,1230000.0,470306
20230719 20:00,1235000.0,1243200.0,1222900.0,1233200.0,476000
20230720 20:00,1237500.0,1271500.0,1230000.0,1251300.0,408429
20230723 20:00,1254400.0,1274400.0,1253300.0,1261700.0,233317
20230724 20:00,1275400.0,1286399.0,1262100.0,1262100.0,375536
20230725 20:00,1280000.0,1294500.0,1272600.0,1292800.0,311999
20230726 20:00,1298200.0,1303200.0,1241400.0,1250000.0,302175
20230727 20:00,1249900.0,1268400.0,1232600.0,1240000.0,260735
20230730 20:00,1235900.0,1256600.0,1234100.0,1240200.0,270398
20230731 20:00,1237400.0,1247200.0,1230500.0,1244000.0,229481
20230801 20:00,1234500.0,1242700.0,1219600.0,1236800.0,295270
20230802 20:00,1236700.0,1240000.0,1205900.0,1237300.0,366211
20230803 20:00,1231000.0,1252200.0,1216400.0,1222700.0,329928
20230806 20:00,1229400.0,1246600.0,1221200.0,1238300.0,213327
20230807 20:00,1244300.0,1244300.0,1220800.0,1226700.0,156715
20230808 20:00,1229500.0,1240200.0,1223500.0,1234000.0,266848
20230809 20:00,1225900.0,1247250.0,1214500.0,1220900.0,204179
20230810 20:00,1219800.0,1239100.0,1213200.0,1235300.0,288206
20230813 20:00,1242800.0,1242900.0,1227400.0,1227400.0,223087
20230814 20:00,1224900.0,1231800.0,1218300.0,1222200.0,206302
20230815 20:00,1227400.0,1229200.0,1215100.0,1218700.0,167541
20230816 20:00,1220800.0,1230900.0,1200000.0,1202000.0,216500
20230817 20:00,1202100.0,1218600.0,1188800.0,1214700.0,223258
20230820 20:00,1208900.0,1214700.0,1192300.0,1203000.0,241218
20230821 20:00,1203000.0,1214700.0,1197200.0,1202300.0,216006
20230822 20:00,1210300.0,1233700.0,1210200.0,1231000.0,197967
20230823 20:00,1230500.0,1252800.0,1215100.0,1222200.0,259957
20230824 20:00,1225100.0,1233800.0,1214100.0,1221300.0,301413
20230827 20:00,1220100.0,1249100.0,1220100.0,1235000.0,282175
20230828 20:00,1243800.0,1253500.0,1227900.0,1243200.0,309769
20230829 20:00,1257100.0,1265700.0,1246600.0,1265700.0,211152
20230830 20:00,1264900.0,1264900.0,1237600.0,1237600.0,308030
20230831 20:00,1247900.0,1259000.0,1240500.0,1245700.0,203602
20230904 20:00,1245900.0,1245900.0,1217500.0,1219000.0,293530
20230905 20:00,1223400.0,1224200.0,1195900.0,1217500.0,333704
20230906 20:00,1201500.0,1235200.0,1201500.0,1228500.0,294788
20230907 20:00,1232600.0,1237700.0,1218500.0,1224800.0,216589
20230910 20:00,1237100.0,1240700.0,1210400.0,1222000.0,244016
20230911 20:00,1221100.0,1227100.0,1212200.0,1224800.0,204879
20230912 20:00,1219150.0,1222300.0,1209500.0,1217800.0,195832
20230913 20:00,1213900.0,1245000.0,1213900.0,1243300.0,367300
20230914 20:00,1240000.0,1240000.0,1218700.0,1230600.0,287835
20230917 20:00,1231000.0,1238600.0,1219850.0,1222300.0,269389
20230918 20:00,1230000.0,1233400.0,1213100.0,1216200.0,229937
20230919 20:00,1221000.0,1230900.0,1208800.0,1209300.0,199851
20230920 20:00,1207700.0,1207700.0,1143700.0,1143700.0,500780
20230921 20:00,1154700.0,1159350.0,1136700.0,1141500.0,491034
20230924 20:00,1147600.0,1147600.0,1123900.0,1137300.0,368204
20230925 20:00,1126800.0,1130800.0,1110000.0,1114800.0,379112
20230926 20:00,1115300.0,1126300.0,1108000.0,1108000.0,385599
20230927 20:00,1102900.0,1131900.0,1102900.0,1122400.0,239407
20230928 20:00,1131200.0,1140800.0,1114400.0,1122400.0,364761
20231001 20:00,1120000.0,1127000.0,1087900.0,1094900.0,320548
20231002 20:00,1095600.0,1095600.0,1069200.0,1076500.0,384284
20231003 20:00,1074100.0,1085700.0,1063600.0,1084500.0,367471
20231004 20:00,1082400.0,1094300.0,1076400.0,1090300.0,241577
20231005 20:00,1090300.0,1097500.0,1069300.0,1088900.0,239643
20231008 20:00,1088200.0,1100400.0,1078300.0,1094700.0,244648
20231009 20:00,1100000.0,1113900.0,1088300.0,1103300.0,307629
20231010 20:00,1111000.0,1125700.0,1103700.0,1125000.0,439225
20231011 20:00,1124500.0,1128000.0,1095300.0,1101200.0,302005
20231012 20:00,1096600.0,1110000.0,1088600.0,1099700.0,289599
20231015 20:00,1110100.0,1110100.0,1090400.0,1108500.0,250042
20231016 20:00,1110000.0,1131600.0,1074900.0,1082700.0,673603
20231017 20:00,1100000.0,1100000.0,1042200.0,1049100.0,558518
20231018 20:00,1035600.0,1045300.0,1020699.0,1029400.0,676577
20231019 20:00,1023600.0,1049400.0,1020100.0,1024300.0,702486
20231022 20:00,1026200.0,1026200.0,1005600.0,1016200.0,543723
20231023 20:00,1012000.0,1022800.0,1008600.0,1019900.0,367737
20231024 20:00,1017000.0,1017099.0,982400.0,985900.0,611381
20231025 20:00,987500.0,1005000.0,985000.0,988199.0,458567
20231026 20:00,1002400.0,1002400.0,966400.0,975500.0,481629
20231029 20:00,981000.0,990600.0,969900.0,988900.0,468573
20231030 20:00,991500.0,1009200.0,987900.0,1009200.0,313208
20231031 20:00,1007600.0,1020000.0,1003600.0,1020000.0,277513
20231101 20:00,1022099.0,1054900.0,1022099.0,1047350.0,516681
20231102 20:00,1054600.0,1083900.0,1054600.0,1070800.0,556694
20231105 19:00,1071600.0,1073000.0,1038300.0,1049600.0,363588
20231106 19:00,1051500.0,1051600.0,1034700.0,1042400.0,299825
20231107 19:00,1047400.0,1056400.0,1040000.0,1045699.0,244244
20231108 19:00,1057800.0,1058800.0,1030300.0,1030300.0,328587
20231109 19:00,1043349.0,1047500.0,1026000.0,1044100.0,253322
20231112 19:00,1045600.0,1045600.0,1021200.0,1023000.0,284972
20231113 19:00,1025300.0,1099500.0,1024800.0,1093600.0,612972
20231114 19:00,1100100.0,1110900.0,1091200.0,1110200.0,686962
20231115 19:00,1105000.0,1111950.0,1100100.0,1108500.0,413856
20231116 19:00,1103500.0,1114000.0,1095400.0,1095600.0,322810
20231119 19:00,1100700.0,1110800.0,1086800.0,1110100.0,297482
20231120 19:00,1110000.0,1110100.0,1101500.0,1107800.0,330179
20231121 19:00,1118600.0,1122900.0,1107700.0,1115400.0,284948
20231123 19:00,1120800.0,1120800.0,1107900.0,1120200.0,160909
20231126 19:00,1120000.0,1125000.0,1112600.0,1118700.0,403405
20231127 19:00,1118800.0,1121400.0,1102700.0,1121100.0,554900
20231128 19:00,1125900.0,1139100.0,1125100.0,1130500.0,490701
20231129 19:00,1140000.0,1152200.0,1123500.0,1150000.0,604157
20231130 19:00,1151700.0,1184700.0,1148400.0,1182600.0,523446
20231203 19:00,1180000.0,1203700.0,1174600.0,1200900.0,474211
20231204 19:00,1194700.0,1194800.0,1177900.0,1191000.0,334714
20231205 19:00,1187400.0,1200000.0,1185400.0,1185400.0,344009
20231206 19:00,1189500.0,1196900.0,1184400.0,1189300.0,250833
20231207 19:00,1184800.0,1199200.0,1180600.0,1198600.0,335988
20231210 19:00,1188500.0,1225300.0,1188500.0,1214900.0,709391
20231211 19:00,1220100.0,1230350.0,1213500.0,1220700.0,569718
20231212 19:00,1220700.0,1294300.0,1220700.0,1292300.0,598993
20231213 19:00,1300000.0,1375200.0,1300000.0,1354300.0,1437988
20231214 19:00,1365000.0,1368300.0,1334000.0,1345800.0,777614
20231217 19:00,1356800.0,1359900.0,1323000.0,1323100.0,363420
20231218 19:00,1336000.0,1346100.0,1330000.0,1330100.0,255668
20231219 19:00,1340100.0,1344700.0,1302800.0,1304400.0,367088
20231220 19:00,1309000.0,1322750.0,1292200.0,1311000.0,466402
20231221 19:00,1312100.0,1332100.0,1308899.0,1324400.0,241669
20231225 19:00,1325600.0,1338899.0,1325400.0,1334600.0,120714
20231226 19:00,1334600.0,1341900.0,1328500.0,1341800.0,303732
20231227 19:00,1342500.0,1352100.0,1334800.0,1352100.0,322978
20231228 19:00,1342800.0,1350200.0,1330700.0,1333000.0,227612
