20190101 19:00,3883900.0,3948800.0,3869500.0,3920000.0,93107
20190102 19:00,3900000.0,3900000.0,3778800.0,3810000.0,154073
20190103 19:00,3852200.0,3960450.0,3789700.0,3905299.0,178429
20190106 19:00,3909900.0,4025899.0,3909900.0,3959500.0,185111
20190107 19:00,3994400.0,4019800.0,3930000.0,3986800.0,103641
20190108 19:00,3992200.0,4029200.0,3945400.0,3980000.0,198241
20190109 19:00,3945500.0,4004500.0,3933100.0,3993900.0,94213
20190110 19:00,3962799.0,3975600.0,3932700.0,3958800.0,110244
20190113 19:00,3959900.0,4000600.0,3911800.0,3977900.0,100255
20190114 19:00,3924800.0,3924800.0,3655000.0,3814400.0,378761
20190115 19:00,3834700.0,3880000.0,3815500.0,3870600.0,215540
20190116 19:00,3850000.0,3963100.0,3845400.0,3945299.0,157643
20190117 19:00,3951000.0,4023399.0,3951000.0,3987300.0,145276
20190121 19:00,3948399.0,3989700.0,3905600.0,3939600.0,145936
20190122 19:00,3963900.0,3968200.0,3878300.0,3934300.0,140680
20190123 19:00,3940000.0,3948500.0,3884600.0,3903100.0,111031
20190124 19:00,3954500.0,3985899.0,3924800.0,3927700.0,171194
20190127 19:00,3898200.0,3970000.0,3894900.0,3968500.0,149243
20190128 19:00,3969000.0,4033100.0,3955500.0,4030500.0,143270
20190129 19:00,4099800.0,4099800.0,4007000.0,4049400.0,196597
20190130 19:00,3999400.0,4276900.0,3958399.0,4210000.0,224955
20190131 19:00,4234600.0,4246000.0,4147500.0,4168600.0,159925
20190203 19:00,4184100.0,4197800.0,4129500.0,4187500.0,161865
20190204 19:00,4185500.0,4218900.0,4169500.0,4216300.0,112836
20190205 19:00,4222500.0,4226500.0,4203900.0,4208700.0,86992
20190206 19:00,4187799.0,4212700.0,4153100.0,4180000.0,91732
20190207 19:00,4177200.0,4217100.0,4150800.0,4209100.0,98119
20190210 19:00,4232400.0,4239800.0,4197000.0,4236800.0,76496
20190211 19:00,4256900.0,4379400.0,4245800.0,4373300.0,115690
20190212 19:00,4380000.0,4385700.0,4329100.0,4332000.0,69419
20190213 19:00,4313600.0,4363100.0,4306800.0,4317700.0,86841
20190214 19:00,4348700.0,4395600.0,4343200.0,4390600.0,56687
20190218 19:00,4340900.0,4410800.0,4340900.0,4373600.0,58296
20190219 19:00,4380800.0,4432700.0,4366800.0,4392200.0,63765
20190220 19:00,4401500.0,4407400.0,4361700.0,4395500.0,61040
20190221 19:00,4384900.0,4416000.0,4376400.0,4396600.0,35284
20190224 19:00,4410000.0,4426000.0,4365200.0,4376700.0,103938
20190225 19:00,4360000.0,4385900.0,4341550.0,4341900.0,73812
20190226 19:00,4328800.0,4419600.0,4328800.0,4403200.0,97915
20190227 19:00,4393600.0,4405200.0,4310600.0,4330900.0,87477
20190228 19:00,4334200.0,4378700.0,4333800.0,4366200.0,78372
20190303 19:00,4397800.0,4408700.0,4329700.0,4377100.0,91255
20190304 19:00,4364400.0,4380800.0,4308500.0,4314200.0,85608
20190305 19:00,4307900.0,4307900.0,4202700.0,4222800.0,184102
20190306 19:00,4209200.0,4222900.0,4128300.0,4140600.0,154857
20190307 19:00,4123300.0,4175200.0,4105899.0,4170700.0,184162
20190310 20:00,4180899.0,4284200.0,4180899.0,4281200.0,105505
20190311 20:00,4297800.0,4297800.0,4223700.0,4226400.0,88455
20190312 20:00,4234800.0,4271600.0,4234800.0,4254100.0,115290
20190313 20:00,4246500.0,4291800.0,4243400.0,4289500.0,129494
20190314 20:00,4289400.0,4332500.0,4287500.0,4310100.0,125598
20190317 20:00,4304000.0,4319500.0,4278700.0,4314450.0,115027
20190318 20:00,4321700.0,4363600.0,4289200.0,4302700.0,85067
20190319 20:00,4303300.0,4336700.0,4271900.0,4293000.0,74919
20190320 20:00,4273700.0,4351000.0,4273700.0,4336300.0,109181
20190321 20:00,4290700.0,4297800.0,4203400.0,4206500.0,227442
20190324 20:00,4204500.0,4240200.0,4190000.0,4224700.0,75778
20190325 20:00,4240000.0,4260200.0,4184600.0,4203500.0,119428
20190326 20:00,4202500.0,4281600.0,4195800.0,4268900.0,145228
20190327 20:00,4273700.0,4323300.0,4269500.0,4313400.0,55813
20190328 20:00,4319400.0,4322400.0,4279400.0,4306200.0,84727
20190331 20:00,4291900.0,4353400.0,4291900.0,4333200.0,130968
20190401 20:00,4343400.0,4371800.0,4310500.0,4371800.0,98442
20190402 20:00,4383400.0,4416100.0,4383400.0,4406800.0,118833
20190403 20:00,4408400.0,4467800.0,4406000.0,4444400.0,79095
20190404 20:00,4444900.0,4497100.0,4444900.0,4492600.0,97610
20190407 20:00,4467550.0,4475200.0,4439400.0,4464300.0,63725
20190408 20:00,4449400.0,4461200.0,4414500.0,4435900.0,67721
20190409 20:00,4428700.0,4445000.0,4376800.0,4437200.0,93652
20190410 20:00,4437100.0,4456000.0,4426900.0,4432800.0,86872
20190411 20:00,4444400.0,4455500.0,4376600.0,4413900.0,140793
20190414 20:00,4428200.0,4441000.0,4405100.0,4437900.0,82211
20190415 20:00,4431900.0,4506500.0,4431900.0,4504600.0,84556
20190416 20:00,4500000.0,4506200.0,4419500.0,4429100.0,89805
20190417 20:00,4443100.0,4531600.0,4442300.0,4524300.0,144394
20190421 20:00,4500000.0,4554000.0,4492100.0,4520800.0,138675
20190422 20:00,4378900.0,4648600.0,4378900.0,4602900.0,225913
20190423 20:00,4580500.0,4607800.0,4558800.0,4577400.0,109379
20190424 20:00,4557800.0,4571900.0,4507500.0,4513000.0,84143
20190425 20:00,4504100.0,4582600.0,4504100.0,4567200.0,74497
20190428 20:00,4538400.0,4555100.0,4494400.0,4516700.0,96566
20190429 20:00,4519700.0,4554800.0,4517900.0,4550100.0,73137
20190430 20:00,4557500.0,4557500.0,4465800.0,4475000.0,132746
20190501 20:00,4495100.0,4536200.0,4444600.0,4527500.0,108445
20190502 20:00,4552000.0,4572000.0,4510400.0,4559500.0,67046
20190505 20:00,4499900.0,4558500.0,4493300.0,4525200.0,92756
20190506 20:00,4489900.0,4505300.0,4428350.0,4471100.0,130086
20190507 20:00,4459300.0,4474100.0,4434500.0,4445300.0,73480
20190508 20:00,4404600.0,4448500.0,4372400.0,4420100.0,72832
20190509 20:00,4400500.0,4435300.0,4365000.0,4400900.0,98852
20190512 20:00,4310000.0,4338300.0,4271300.0,4309100.0,131566
20190513 20:00,4301000.0,4369200.0,4289600.0,4344700.0,89160
20190514 20:00,4315800.0,4345400.0,4297000.0,4309700.0,79524
20190515 20:00,4313100.0,4350600.0,4303400.0,4332200.0,117910
20190516 20:00,4309550.0,4382800.0,4307800.0,4357300.0,83516
20190519 20:00,4357400.0,4357400.0,4239400.0,4245000.0,93164
20190520 20:00,4211900.0,4345100.0,4211900.0,4321000.0,99207
20190521 20:00,4308700.0,4356700.0,4306400.0,4314200.0,65215
20190522 20:00,4211400.0,4324700.0,4211400.0,4306600.0,140007
20190523 20:00,4329900.0,4331400.0,4298300.0,4307300.0,59566
20190527 20:00,4317900.0,4342100.0,4272000.0,4272600.0,68340
20190528 20:00,4267500.0,4280200.0,4240600.0,4264000.0,72026
20190529 20:00,4257500.0,4293200.0,4236900.0,4245700.0,90806
20190530 20:00,4203200.0,4227800.0,4178100.0,4196000.0,92596
20190602 20:00,4185899.0,4271650.0,4185899.0,4261300.0,94945
20190603 20:00,4325500.0,4353500.0,4272100.0,4353100.0,146229
20190604 20:00,4389900.0,4498300.0,4335100.0,4496200.0,136532
20190605 20:00,4496300.0,4665100.0,4496300.0,4663500.0,170244
20190606 20:00,4665600.0,4789200.0,4653300.0,4713200.0,162225
20190609 20:00,4795800.0,4795800.0,4714900.0,4715500.0,94339
20190610 20:00,4730200.0,4771900.0,4659600.0,4708600.0,122760
20190611 20:00,4705000.0,4745900.0,4686900.0,4737800.0,91191
20190612 20:00,4739400.0,4791900.0,4739400.0,4791900.0,86318
20190613 20:00,4770100.0,4776800.0,4718300.0,4737100.0,97400
20190616 20:00,4742700.0,4742900.0,4666100.0,4676600.0,79191
20190617 20:00,4695700.0,4716900.0,4626300.0,4646600.0,119572
20190618 20:00,4648800.0,4658000.0,4605800.0,4650000.0,94134
20190619 20:00,4684300.0,4724300.0,4626400.0,4715800.0,111292
20190620 20:00,4700000.0,4714000.0,4647500.0,4657900.0,88168
20190623 20:00,4647500.0,4701300.0,4631000.0,4657600.0,68280
20190624 20:00,4639200.0,4670700.0,4601700.0,4633300.0,109141
20190625 20:00,4629200.0,4629200.0,4542000.0,4543600.0,87098
20190626 20:00,4558650.0,4560900.0,4510000.0,4548300.0,78486
20190627 20:00,4561000.0,4580700.0,4523800.0,4579200.0,62038
20190630 20:00,4613600.0,4637400.0,4575300.0,4611600.0,91799
20190701 20:00,4624500.0,4651000.0,4600900.0,4635700.0,73653
20190702 20:00,4636900.0,4702700.0,4636000.0,4702700.0,51908
20190704 20:00,4671900.0,4671900.0,4607200.0,4661300.0,43409
20190707 20:00,4650000.0,4670000.0,4620900.0,4626700.0,77148
20190708 20:00,4626000.0,4634000.0,4587800.0,4621700.0,60189
20190709 20:00,4655600.0,4663700.0,4554500.0,4577000.0,91032
20190710 20:00,4550700.0,4651800.0,4550100.0,4650000.0,82751
20190711 20:00,4665000.0,4709900.0,4662100.0,4696400.0,69568
20190714 20:00,4698550.0,4739700.0,4687000.0,4738650.0,48513
20190715 20:00,4738200.0,4738200.0,4669300.0,4674900.0,111474
20190716 20:00,4670000.0,4678200.0,4566700.0,4568500.0,117914
20190717 20:00,4551600.0,4597700.0,4481500.0,4576600.0,106414
20190718 20:00,4580200.0,4613100.0,4554900.0,4566500.0,81433
20190721 20:00,4596700.0,4616800.0,4538000.0,4548100.0,101564
20190722 20:00,4590000.0,4922700.0,4590000.0,4847000.0,353116
20190723 20:00,4900000.0,5013700.0,4885100.0,5011300.0,147207
20190724 20:00,5010800.0,5103500.0,4986300.0,5093000.0,149543
20190725 20:00,5092000.0,5133000.0,5048100.0,5126050.0,101111
20190728 20:00,5104800.0,5122900.0,5061500.0,5101000.0,98276
20190729 20:00,5060100.0,5164299.0,5048300.0,5150800.0,120020
20190730 20:00,5149800.0,5212000.0,5075500.0,5212000.0,104757
20190731 20:00,5174299.0,5234000.0,5109600.0,5129000.0,92598
20190801 20:00,5090700.0,5136200.0,5072300.0,5101300.0,62416
20190804 20:00,5007600.0,5059400.0,4800000.0,4800000.0,83433
20190805 20:00,4970600.0,5011700.0,4933900.0,4987600.0,102059
20190806 20:00,4950600.0,5146900.0,4900200.0,5136300.0,139443
20190807 20:00,5175800.0,5234299.0,5166799.0,5231100.0,92338
20190808 20:00,5198500.0,5234500.0,5155400.0,5198800.0,57327
20190811 20:00,5191400.0,5230700.0,5141799.0,5160599.0,56156
20190812 20:00,5154299.0,5274000.0,5147300.0,5257600.0,108954
20190813 20:00,5200000.0,5239500.0,5150800.0,5152600.0,85138
20190814 20:00,5177400.0,5215700.0,5157500.0,5202700.0,60368
20190815 20:00,5239500.0,5320700.0,5225700.0,5300000.0,87152
20190818 20:00,5302500.0,5363200.0,5257400.0,5285500.0,90882
20190819 20:00,5229400.0,5323300.0,5194500.0,5323300.0,89218
20190820 20:00,5299400.0,5341200.0,5249900.0,5275500.0,100226
20190821 20:00,5295100.0,5316300.0,5224800.0,5230900.0,79082
20190822 20:00,5217000.0,5231000.0,5101700.0,5129299.0,130727
20190825 20:00,5185800.0,5187700.0,5093200.0,5132600.0,64716
20190826 20:00,5173600.0,5199900.0,5120500.0,5155599.0,66465
20190827 20:00,5141500.0,5229299.0,5128400.0,5226400.0,57281
20190828 20:00,5290000.0,5298300.0,5229500.0,5244500.0,75831
20190829 20:00,5284000.0,5298500.0,5241400.0,5263400.0,81805
20190902 20:00,5253500.0,5285000.0,5220500.0,5270500.0,65957
20190903 20:00,5318200.0,5353300.0,5299900.0,5347700.0,65313
20190904 20:00,5394500.0,5395200.0,5314400.0,5348000.0,75539
20190905 20:00,5367400.0,5390000.0,5341600.0,5346500.0,55767
20190908 20:00,5330100.0,5343200.0,5147000.0,5147000.0,91371
20190909 20:00,5170000.0,5224700.0,5138000.0,5213200.0,78611
20190910 20:00,5207400.0,5308099.0,5201600.0,5275599.0,82373
20190911 20:00,5328700.0,5489700.0,5328700.0,5392000.0,116546
20190912 20:00,5359700.0,5434200.0,5359700.0,5415300.0,66490
20190915 20:00,5350000.0,5359900.0,5272200.0,5276000.0,62363
20190916 20:00,5302300.0,5387900.0,5282100.0,5330000.0,62008
20190917 20:00,5367000.0,5435000.0,5346600.0,5429800.0,46838
20190918 20:00,5420000.0,5507500.0,5384000.0,5497400.0,80123
20190919 20:00,5522200.0,5531600.0,5454400.0,5507500.0,79781
20190922 20:00,5481000.0,5508600.0,5411799.0,5413300.0,88640
20190923 20:00,5431900.0,5520950.0,5389299.0,5425599.0,94619
20190924 20:00,5458700.0,5458700.0,5382200.0,5445599.0,78047
20190925 20:00,5460000.0,5505300.0,5413700.0,5484500.0,52044
20190926 20:00,5500000.0,5512400.0,5418600.0,5439000.0,48506
20190929 20:00,5450000.0,5506200.0,5449800.0,5497100.0,53402
20190930 20:00,5499500.0,5528900.0,5436600.0,5449500.0,77580
20191001 20:00,5430100.0,5447600.0,5350000.0,5409000.0,66594
20191002 20:00,5424700.0,5452000.0,5370500.0,5435200.0,64557
20191003 20:00,5467000.0,5525300.0,5460900.0,5491750.0,56716
20191006 20:00,5488000.0,5534900.0,5466200.0,5494200.0,53086
20191007 20:00,5470000.0,5511600.0,5413900.0,5460000.0,69159
20191008 20:00,5450500.0,5570000.0,5450500.0,5550000.0,51778
20191009 20:00,5600000.0,5600000.0,5526000.0,5584200.0,48121
20191010 20:00,5600000.0,5645200.0,5488400.0,5494700.0,125736
20191013 20:00,5514900.0,5559000.0,5493200.0,5501799.0,40784
20191014 20:00,5549700.0,5595000.0,5527900.0,5588400.0,71250
20191015 20:00,5571400.0,5808600.0,5563250.0,5808600.0,55294
20191016 20:00,5651400.0,5660300.0,5591000.0,5604800.0,59452
20191017 20:00,5584299.0,5620700.0,5569000.0,5610300.0,61628
20191020 20:00,5621650.0,5627800.0,5494400.0,5509000.0,104429
20191021 20:00,5450000.0,5778900.0,5450000.0,5659400.0,171126
20191022 20:00,5669600.0,5679700.0,5586300.0,5637500.0,87842
20191023 20:00,5650000.0,5749900.0,5650000.0,5738400.0,71962
20191024 20:00,5747200.0,5799900.0,5738700.0,5750800.0,51854
20191027 20:00,5771900.0,5809900.0,5768600.0,5781799.0,61219
20191028 20:00,5754200.0,5834500.0,5754200.0,5815599.0,90883
20191029 20:00,5819900.0,5869700.0,5778800.0,5860400.0,56780
20191030 20:00,5862400.0,5871650.0,5715400.0,5723099.0,84555
20191031 20:00,5778000.0,5804700.0,5733700.0,5796200.0,58934
20191103 19:00,5831000.0,5840000.0,5709200.0,5709600.0,50914
20191104 19:00,5697350.0,5744000.0,5587500.0,5647000.0,89757
20191105 19:00,5650000.0,5756500.0,5642300.0,5752400.0,72942
20191106 19:00,5780400.0,5780400.0,5670700.0,5685000.0,87546
20191107 19:00,5720000.0,5813700.0,5707500.0,5813600.0,62208
20191110 19:00,5790400.0,5830000.0,5779100.0,5794100.0,42501
20191111 19:00,5781500.0,5892200.0,5781500.0,5873000.0,51621
20191112 19:00,5880000.0,5930700.0,5851000.0,5895300.0,44774
20191113 19:00,5872950.0,5949299.0,5852300.0,5934100.0,31951
20191114 19:00,5953200.0,5970900.0,5911200.0,5926600.0,46379
20191117 19:00,5871700.0,5911799.0,5705000.0,5859100.0,75023
20191118 19:00,5869600.0,5886799.0,5832700.0,5840300.0,62627
20191119 19:00,5834700.0,5834700.0,5726300.0,5756500.0,74389
20191120 19:00,5733300.0,5765400.0,5665800.0,5684700.0,82349
20191121 19:00,5699800.0,5760000.0,5681600.0,5746500.0,91945
20191124 19:00,5776200.0,5820000.0,5765200.0,5803000.0,51084
20191125 19:00,5809600.0,5874200.0,5797600.0,5873500.0,54353
20191126 19:00,5856200.0,5870700.0,5819500.0,5850900.0,49081
20191128 19:00,5850000.0,5860900.0,5809400.0,5840000.0,23490
20191201 19:00,5835599.0,5835599.0,5730000.0,5747800.0,42303
20191202 19:00,5702900.0,5781300.0,5670700.0,5670700.0,55476
20191203 19:00,5796799.0,5828099.0,5708200.0,5711200.0,57446
20191204 19:00,5627500.0,5755800.0,5627500.0,5723000.0,45639
20191205 19:00,5780400.0,5807200.0,5732600.0,5787800.0,40968
20191208 19:00,5770000.0,5794900.0,5743000.0,5764100.0,35166
20191209 19:00,5753500.0,5755000.0,5702100.0,5705000.0,47250
20191210 19:00,5731700.0,5757000.0,5702900.0,5757000.0,30051
20191211 19:00,5753200.0,5807900.0,5750500.0,5767300.0,47504
20191212 19:00,5747200.0,5794000.0,5720000.0,5721600.0,49825
20191215 19:00,5744200.0,5809299.0,5714700.0,5794750.0,43399
20191216 19:00,5803600.0,5805500.0,5762100.0,5782400.0,53132
20191217 19:00,5782500.0,5783200.0,5702600.0,5726300.0,33753
20191218 19:00,5740900.0,5794100.0,5740900.0,5777000.0,36441
20191219 19:00,5794900.0,5825000.0,5761300.0,5812200.0,41840
20191222 19:00,5828800.0,5840200.0,5803600.0,5832400.0,20830
20191223 19:00,5832600.0,5839900.0,5792300.0,5813000.0,18514
20191225 19:00,5818500.0,5829800.0,5771900.0,5816300.0,17852
20191226 19:00,5832600.0,5852100.0,5806300.0,5817600.0,16291
20191229 19:00,5798200.0,5809100.0,5771000.0,5784900.0,29996
20191230 19:00,5784600.0,5837300.0,5773700.0,5834400.0,47127
20200101 19:00,5841200.0,5852200.0,5687500.0,5716700.0,82156
20200102 19:00,5686100.0,5718300.0,5640000.0,5646500.0,60772
20200105 19:00,5644000.0,5659100.0,5620000.0,5634400.0,94162
20200106 19:00,5640000.0,5650000.0,5597500.0,5604200.0,54425
20200107 19:00,5620200.0,5702800.0,5610000.0,5692200.0,80882
20200108 19:00,5706900.0,5731400.0,5630000.0,5655800.0,77628
20200109 19:00,5663200.0,5713900.0,5659100.0,5671900.0,48399
20200112 19:00,5675000.0,5751000.0,5663099.0,5746000.0,52122
20200113 19:00,5748800.0,5784299.0,5725800.0,5745050.0,85993
20200114 19:00,5767800.0,5876000.0,5750000.0,5845300.0,67293
20200115 19:00,5869800.0,5891000.0,5817900.0,5848099.0,58988
20200116 19:00,5859600.0,5950500.0,5850000.0,5943600.0,69319
20200120 19:00,5903500.0,5982900.0,5903500.0,5933600.0,71979
20200121 19:00,5935800.0,5962900.0,5907500.0,5933000.0,56309
20200122 19:00,5891400.0,5966300.0,5891400.0,5966300.0,41649
20200123 19:00,5988900.0,5999500.0,5921200.0,5951900.0,91866
20200126 19:00,5879400.0,5896600.0,5825500.0,5840599.0,68950
20200127 19:00,5847500.0,5929900.0,5846400.0,5908300.0,54749
20200128 19:00,5924000.0,5979299.0,5903000.0,5903000.0,71649
20200129 19:00,5680000.0,5691200.0,5557000.0,5690400.0,182908
20200130 19:00,5619900.0,5638900.0,5514200.0,5574400.0,231108
20200202 19:00,5584900.0,5780800.0,5584900.0,5745100.0,169880
20200203 19:00,5781200.0,5898300.0,5776600.0,5869700.0,140127
20200204 19:00,5869349.0,5874800.0,5715000.0,5822100.0,168110
20200205 19:00,5856000.0,5856000.0,5793900.0,5815000.0,149039
20200206 19:00,5792300.0,5804500.0,5716400.0,5723200.0,108393
20200209 19:00,5700000.0,5747600.0,5689700.0,5720599.0,106610
20200210 19:00,5735300.0,5811500.0,5728600.0,5766799.0,105268
20200211 19:00,5782000.0,5819900.0,5754600.0,5796650.0,102547
20200212 19:00,5790900.0,5825000.0,5760000.0,5795000.0,34523
20200213 19:00,5806200.0,5853500.0,5792400.0,5852300.0,36835
20200217 19:00,5820000.0,5833600.0,5769299.0,5817900.0,65290
20200218 19:00,5847500.0,5922400.0,5847500.0,5890500.0,39040
20200219 19:00,5881700.0,5914000.0,5800599.0,5842800.0,41280
20200220 19:00,5834600.0,5834600.0,5724200.0,5736100.0,57420
20200223 19:00,5600400.0,5717900.0,5580000.0,5667300.0,118589
20200224 19:00,5699800.0,5709100.0,5504000.0,5507900.0,172531
20200225 19:00,5534700.0,5652500.0,5488700.0,5504900.0,185221
20200226 19:00,5500000.0,5500000.0,5249200.0,5250200.0,231602
20200227 19:00,5100000.0,5167500.0,4976700.0,5167400.0,257316
20200301 19:00,5240000.0,5373800.0,5136000.0,5373500.0,161239
20200302 19:00,5387500.0,5524100.0,5305000.0,5409299.0,126099
20200303 19:00,5500000.0,5749200.0,5455100.0,5749200.0,124467
20200304 19:00,5616900.0,5658400.0,5489500.0,5551600.0,93930
20200305 19:00,5411400.0,5442500.0,5294900.0,5407850.0,105477
20200308 20:00,4950700.0,5383000.0,4950700.0,5276799.0,206156
20200309 20:00,5490000.0,5490000.0,5156400.0,5458400.0,196855
20200310 20:00,5304000.0,5352200.0,5075500.0,5197300.0,305488
20200311 20:00,4940000.0,5075000.0,4718200.0,4800000.0,147020
20200312 20:00,5040000.0,5054200.0,4633200.0,4993350.0,328893
20200315 20:00,4550000.0,4550000.0,4057600.0,4060299.0,295162
20200316 20:00,4149800.0,4341900.0,3775800.0,4203700.0,350724
20200317 20:00,4000000.0,4098000.0,3250000.0,4034100.0,309839
20200318 20:00,3960000.0,4489600.0,3897400.0,4451500.0,151952
20200319 20:00,4517800.0,4541100.0,4060400.0,4127300.0,283489
20200322 20:00,4108200.0,4229250.0,3906600.0,4012300.0,220079
20200323 20:00,4165299.0,4611700.0,4165299.0,4539700.0,244278
20200324 20:00,4683300.0,4747800.0,4484800.0,4516400.0,151381
20200325 20:00,4602500.0,4736200.0,4542900.0,4654400.0,136627
20200326 20:00,4538300.0,4707100.0,4503100.0,4599000.0,90695
20200329 20:00,4739700.0,4857200.0,4642400.0,4817300.0,112572
20200330 20:00,4760300.0,4814600.0,4575500.0,4593200.0,201197
20200331 20:00,4423400.0,4428100.0,4220900.0,4252900.0,161215
20200401 20:00,4199900.0,4400200.0,4123600.0,4380000.0,142733
20200402 20:00,4361100.0,4418500.0,4162500.0,4238500.0,80172
20200405 20:00,4481700.0,4629800.0,4389900.0,4572500.0,85219
20200406 20:00,4640000.0,4845400.0,4620600.0,4633600.0,119495
20200407 20:00,4721800.0,4920900.0,4631300.0,4883000.0,104138
20200408 20:00,4883100.0,5171100.0,4877900.0,4908150.0,165071
20200412 20:00,4920000.0,4927300.0,4728500.0,4888500.0,124646
20200413 20:00,4980000.0,5107300.0,4904900.0,5043800.0,91136
20200414 20:00,4906100.0,4988400.0,4856300.0,4930300.0,97216
20200415 20:00,5007500.0,5015800.0,4761000.0,4858000.0,97786
20200416 20:00,4988900.0,5181300.0,4982300.0,5130200.0,80564
20200419 20:00,5062800.0,5145400.0,4931300.0,4958600.0,74875
20200420 20:00,4873800.0,4927100.0,4796500.0,4853400.0,48164
20200421 20:00,4961500.0,5053600.0,4933300.0,4992600.0,66115
20200422 20:00,5042000.0,5086600.0,4976400.0,4996100.0,44466
20200423 20:00,5020000.0,5071200.0,4949900.0,5064500.0,28593
20200426 20:00,5060600.0,5148400.0,4978600.0,5114400.0,68655
20200427 20:00,5114600.0,5197100.0,5049600.0,5110000.0,76791
20200428 20:00,5295000.0,5578900.0,5240100.0,5388200.0,167338
20200429 20:00,5388600.0,5435599.0,5236300.0,5370200.0,168392
20200430 20:00,5271600.0,5297600.0,5202200.0,5277400.0,85157
20200503 20:00,5264400.0,5295900.0,5166200.0,5287300.0,49416
20200504 20:00,5388600.0,5394700.0,5294800.0,5320500.0,60044
20200505 20:00,5326900.0,5354400.0,5236799.0,5237200.0,37740
20200506 20:00,5240200.0,5332600.0,5240200.0,5283800.0,48598
20200507 20:00,5285599.0,5537200.0,5285599.0,5488300.0,94251
20200510 20:00,5439900.0,5633000.0,5439900.0,5586300.0,101266
20200511 20:00,5588400.0,5634500.0,5538900.0,5542100.0,135444
20200512 20:00,5534600.0,5549400.0,5399700.0,5483200.0,78411
20200513 20:00,5409600.0,5456000.0,5284400.0,5453400.0,72494
20200514 20:00,5407500.0,5689900.0,5395200.0,5672300.0,108835
20200517 20:00,5807300.0,5860000.0,5720000.0,5723800.0,84868
20200518 20:00,5722500.0,5759800.0,5624600.0,5635300.0,63474
20200519 20:00,5637400.0,5757800.0,5637400.0,5647700.0,82058
20200520 20:00,5632900.0,5711500.0,5627600.0,5702100.0,67516
20200521 20:00,5710000.0,5771700.0,5679000.0,5769200.0,38921
20200525 20:00,5870000.0,5878000.0,5792900.0,5831400.0,41616
20200526 20:00,5849500.0,5849500.0,5726200.0,5828099.0,59958
20200527 20:00,5885000.0,5959299.0,5858700.0,5898200.0,47213
20200528 20:00,5869500.0,5963300.0,5851900.0,5942100.0,48483
20200531 20:00,5938500.0,5949500.0,5801900.0,5824600.0,57658
20200601 20:00,5824700.0,5990300.0,5800000.0,5971500.0,90749
20200602 20:00,5980599.0,6033900.0,5931900.0,5936400.0,74234
20200603 20:00,5932000.0,5932000.0,5718300.0,5748550.0,79965
20200604 20:00,5770500.0,5908300.0,5664100.0,5852900.0,154523
20200607 20:00,5824349.0,5842600.0,5705100.0,5750000.0,132192
20200608 20:00,5708000.0,5858300.0,5692000.0,5806000.0,66314
20200609 20:00,5830100.0,5859800.0,5769900.0,5813700.0,58069
20200610 20:00,5610100.0,5756600.0,5437400.0,5463200.0,166201
20200611 20:00,5622200.0,5622200.0,5386799.0,5476200.0,119202
20200614 20:00,5314400.0,5721300.0,5310000.0,5707400.0,143057
20200615 20:00,5810000.0,5918600.0,5662400.0,5762700.0,78112
20200616 20:00,5800100.0,5879500.0,5768800.0,5819700.0,62231
20200617 20:00,5768000.0,5850400.0,5768000.0,5819200.0,58710
20200618 20:00,5820000.0,5909299.0,5790100.0,5844900.0,88644
20200621 20:00,5890000.0,6050000.0,5741000.0,5824100.0,74392
20200622 20:00,5862200.0,5890700.0,5741400.0,5764200.0,120586
20200623 20:00,5750000.0,5760100.0,5658500.0,5661200.0,73780
20200624 20:00,5665000.0,5742800.0,5574900.0,5739500.0,80058
20200625 20:00,5700000.0,5738200.0,5558000.0,5581100.0,79234
20200628 20:00,5625000.0,5699000.0,5539100.0,5654200.0,59996
20200629 20:00,5674800.0,5798099.0,5635400.0,5778500.0,87717
20200630 20:00,5771400.0,5819400.0,5723099.0,5727600.0,143778
20200701 20:00,5844600.0,5866100.0,5801900.0,5829700.0,74952
20200705 20:00,5850000.0,5927300.0,5834800.0,5874400.0,99391
20200706 20:00,5895000.0,5915500.0,5852100.0,5888300.0,71232
20200707 20:00,5891000.0,5954900.0,5755000.0,5860000.0,116598
20200708 20:00,5879400.0,5879900.0,5719100.0,5799400.0,91627
20200709 20:00,5817400.0,5866500.0,5734000.0,5837100.0,57198
20200712 20:00,5880599.0,5907600.0,5757700.0,5758900.0,76832
20200713 20:00,5770000.0,5869800.0,5760100.0,5860000.0,59843
20200714 20:00,5933500.0,5980400.0,5872700.0,5976500.0,84288
20200715 20:00,5908500.0,6034800.0,5908500.0,5988600.0,55055
20200716 20:00,6005000.0,6131799.0,6002000.0,6098300.0,120042
20200719 20:00,6104600.0,6185500.0,6065200.0,6146000.0,57172
20200720 20:00,6147800.0,6150000.0,6080800.0,6130300.0,91066
20200721 20:00,6125650.0,6259100.0,6125650.0,6259000.0,72227
20200722 20:00,6222700.0,6288900.0,6124200.0,6180800.0,86182
20200723 20:00,6120000.0,6287500.0,6120000.0,6274700.0,77398
20200726 20:00,6363300.0,6363300.0,6235599.0,6277400.0,147291
20200727 20:00,6355000.0,6597600.0,6220000.0,6263000.0,179919
20200728 20:00,6350000.0,6509900.0,6350000.0,6482900.0,139418
20200729 20:00,6420000.0,6504900.0,6390000.0,6476300.0,95022
20200730 20:00,6569299.0,6569299.0,6402400.0,6465000.0,98278
20200802 20:00,6479000.0,6530900.0,6409400.0,6410400.0,77241
20200803 20:00,6395000.0,6578200.0,6395000.0,6508900.0,103255
20200804 20:00,6481100.0,6587900.0,6480300.0,6500400.0,60693
20200805 20:00,6506400.0,6586100.0,6492600.0,6545500.0,66775
20200806 20:00,6568800.0,6574400.0,6527800.0,6559900.0,70214
20200809 20:00,6606000.0,6606000.0,6492300.0,6511400.0,68421
20200810 20:00,6545800.0,6613900.0,6500599.0,6519400.0,68656
20200811 20:00,6536200.0,6757500.0,6536200.0,6718500.0,107266
20200812 20:00,6700000.0,6743099.0,6650599.0,6700000.0,43841
20200813 20:00,6751100.0,6751100.0,6633300.0,6663600.0,29531
20200816 20:00,6704400.0,6741900.0,6656600.0,6707550.0,82375
20200817 20:00,6750000.0,6764100.0,6688000.0,6700000.0,50368
20200818 20:00,6704900.0,6728200.0,6640000.0,6660000.0,60199
20200819 20:00,6640000.0,6704900.0,6639000.0,6683500.0,46337
20200820 20:00,6700000.0,6778900.0,6645000.0,6759900.0,59877
20200823 20:00,6840000.0,6850000.0,6682200.0,6685100.0,49574
20200824 20:00,6735100.0,6784500.0,6664700.0,6676900.0,37925
20200825 20:00,6703500.0,6786700.0,6672900.0,6767800.0,69711
20200826 20:00,6822800.0,6822800.0,6703400.0,6721200.0,47555
20200827 20:00,6744900.0,6763600.0,6693900.0,6763600.0,49982
20200830 20:00,6760000.0,6766700.0,6680000.0,6680000.0,59810
20200831 20:00,6750000.0,6858000.0,6677400.0,6854750.0,85407
20200901 20:00,6880000.0,6995599.0,6829000.0,6991500.0,66390
20200902 20:00,6972700.0,6975300.0,6707400.0,6707400.0,75976
20200903 20:00,6800000.0,6845700.0,6604600.0,6709400.0,88784
20200907 20:00,6699900.0,6733300.0,6616100.0,6694100.0,97516
20200908 20:00,6866000.0,6977700.0,6822200.0,6977700.0,124125
20200909 20:00,6954150.0,7091000.0,6948600.0,7068000.0,140039
20200910 20:00,7026600.0,7130000.0,7000200.0,7087700.0,57725
20200913 20:00,7120000.0,7211400.0,7113000.0,7197600.0,59003
20200914 20:00,7221400.0,7254600.0,7137400.0,7158000.0,82674
20200915 20:00,7170000.0,7217400.0,7128099.0,7157700.0,69250
20200916 20:00,7073400.0,7135100.0,7029100.0,7126150.0,93378
20200917 20:00,7140000.0,7140000.0,6916900.0,6950599.0,104420
20200920 20:00,6853700.0,6901700.0,6740900.0,6828900.0,60094
20200921 20:00,6852900.0,6984400.0,6837300.0,6961300.0,81343
20200922 20:00,6963200.0,6963200.0,6750100.0,6750100.0,63311
20200923 20:00,6795900.0,6909700.0,6795900.0,6863099.0,52669
20200924 20:00,6856500.0,6982200.0,6811200.0,6973700.0,55762
20200927 20:00,7000000.0,7121600.0,7000000.0,7041600.0,68337
20200928 20:00,7070599.0,7151000.0,7059299.0,7063700.0,45108
20200929 20:00,7164700.0,7179900.0,6915000.0,6973800.0,125827
20200930 20:00,7020000.0,7086600.0,6886799.0,6905400.0,98100
20201001 20:00,6890000.0,6966200.0,6776200.0,6870000.0,63934
20201004 20:00,7000000.0,7014000.0,6869299.0,6900700.0,85507
20201005 20:00,6918800.0,6969299.0,6810000.0,6820000.0,70599
20201006 20:00,6891000.0,6936600.0,6852600.0,6925300.0,71164
20201007 20:00,7019800.0,7019800.0,6853500.0,6884100.0,112187
20201008 20:00,6927800.0,6986900.0,6919100.0,6954900.0,49204
20201011 20:00,7019700.0,7087400.0,6992100.0,7026600.0,50569
20201012 20:00,7019200.0,7066000.0,6951600.0,6971799.0,77268
20201013 20:00,6956799.0,6993200.0,6907600.0,6941300.0,48989
20201014 20:00,6932200.0,6932200.0,6828300.0,6851100.0,52443
20201015 20:00,6906700.0,7015100.0,6906700.0,6918500.0,34693
20201018 20:00,6994200.0,6994200.0,6794700.0,6856400.0,35631
20201019 20:00,6867000.0,6880000.0,6720100.0,6720100.0,59935
20201020 20:00,6760000.0,6848800.0,6731200.0,6731200.0,62901
20201021 20:00,6773400.0,6807300.0,6691000.0,6779400.0,47318
20201022 20:00,6807500.0,6852100.0,6735000.0,6783500.0,52597
20201025 20:00,6788500.0,6793700.0,6641100.0,6735000.0,80202
20201026 20:00,6760000.0,6850000.0,6679050.0,6704200.0,75937
20201027 20:00,6737700.0,6857600.0,6660000.0,6792400.0,86836
20201028 20:00,6786600.0,6950000.0,6740300.0,6922300.0,61753
20201029 20:00,6867900.0,6950000.0,6812300.0,6911500.0,120062
20201101 19:00,6900000.0,7157000.0,6890000.0,7091000.0,86374
20201102 19:00,7100000.0,7182000.0,7051200.0,7100500.0,81324
20201103 19:00,7149000.0,7294500.0,7112400.0,7236100.0,54844
20201104 19:00,7280000.0,7408200.0,7280000.0,7301000.0,51964
20201105 19:00,7240000.0,7371100.0,7221200.0,7363650.0,56619
20201108 19:00,7546500.0,7574500.0,6907600.0,6907600.0,159465
20201109 19:00,7060000.0,7253000.0,6925700.0,7253000.0,124854
20201110 19:00,7224000.0,7307500.0,7195599.0,7277200.0,53220
20201111 19:00,7232300.0,7283600.0,7128600.0,7169700.0,71966
20201112 19:00,7202100.0,7288300.0,7202100.0,7275700.0,42530
20201115 19:00,7349900.0,7349900.0,7227100.0,7308099.0,64753
20201116 19:00,7273500.0,7344400.0,7203800.0,7314400.0,57870
20201117 19:00,7319400.0,7380000.0,7241350.0,7241799.0,54442
20201118 19:00,7236100.0,7353900.0,7159800.0,7262800.0,69833
20201119 19:00,7300000.0,7331300.0,7236200.0,7242400.0,43263
20201122 19:00,7274200.0,7367100.0,7260100.0,7344200.0,41142
20201123 19:00,7341000.0,7460900.0,7333800.0,7352100.0,63616
20201124 19:00,7396100.0,7418400.0,7275500.0,7315100.0,47382
20201126 19:00,7308400.0,7413000.0,7304400.0,7366100.0,14383
20201129 19:00,7325250.0,7483700.0,7325250.0,7483700.0,56670
20201130 19:00,7500000.0,7543500.0,7398099.0,7440400.0,53066
20201201 19:00,7445400.0,7461700.0,7141900.0,7165599.0,93543
20201202 19:00,7236200.0,7253900.0,7069299.0,7086000.0,46776
20201203 19:00,7119200.0,7140000.0,7032600.0,7062300.0,79052
20201206 19:00,7062600.0,7128900.0,7062600.0,7099800.0,66888
20201207 19:00,7100000.0,7211100.0,7100000.0,7195100.0,60463
20201208 19:00,7225300.0,7286700.0,7135000.0,7211000.0,47089
20201209 19:00,7185599.0,7248700.0,7129299.0,7194100.0,48918
20201210 19:00,7197800.0,7225500.0,7132700.0,7185400.0,33423
20201213 19:00,7156100.0,7298800.0,7156100.0,7170000.0,47402
20201214 19:00,7262700.0,7262700.0,7170300.0,7219700.0,26849
20201215 19:00,7249000.0,7290000.0,7196400.0,7216000.0,41116
20201216 19:00,7278900.0,7287000.0,7230800.0,7263099.0,50541
20201217 19:00,7280500.0,7294100.0,7185300.0,7282200.0,67559
20201220 19:00,7282400.0,7296600.0,7115100.0,7292500.0,37787
20201221 19:00,7266700.0,7399200.0,7259700.0,7367400.0,29826
20201222 19:00,7387600.0,7404000.0,7220000.0,7220000.0,24489
20201223 19:00,7272300.0,7352300.0,7262800.0,7347200.0,17259
20201227 19:00,7309700.0,7383300.0,7288400.0,7289400.0,15511
20201228 19:00,7330700.0,7349600.0,7256400.0,7300100.0,15675
20201229 19:00,7310000.0,7355300.0,7269000.0,7271000.0,20959
20201230 19:00,7293200.0,7356900.0,7234900.0,7349100.0,25310
20210103 19:00,7328400.0,7369200.0,7150000.0,7235400.0,35294
20210104 19:00,7204400.0,7271300.0,7174200.0,7203300.0,42313
20210105 19:00,7150700.0,7259000.0,7135599.0,7222500.0,66891
20210106 19:00,7220000.0,7400000.0,7220000.0,7351500.0,48756
20210107 19:00,7351300.0,7351300.0,7215100.0,7289250.0,40582
20210110 19:00,7246050.0,7386400.0,7217200.0,7348700.0,22072
20210111 19:00,7357400.0,7408500.0,7296600.0,7391500.0,33669
20210112 19:00,7400000.0,7403099.0,7268300.0,7283000.0,44754
20210113 19:00,7250100.0,7276600.0,7164900.0,7189299.0,43111
20210114 19:00,7162300.0,7286000.0,7120800.0,7258350.0,55085
20210118 19:00,7290000.0,7371849.0,7254299.0,7254299.0,63010
20210119 19:00,7290000.0,7372500.0,7230900.0,7350000.0,56594
20210120 19:00,7408000.0,7479400.0,7337000.0,7365300.0,30184
20210121 19:00,7400000.0,7400000.0,7275300.0,7320500.0,23542
20210124 19:00,7300000.0,7414800.0,7300000.0,7339200.0,52086
20210125 19:00,7369200.0,7375300.0,7210100.0,7225500.0,51821
20210126 19:00,7200000.0,7225900.0,7067100.0,7197000.0,71928
20210127 19:00,7250000.0,7250000.0,6921600.0,7109400.0,74442
20210128 19:00,7150000.0,7150000.0,6856400.0,6920000.0,90458
20210131 19:00,6951000.0,6995000.0,6816700.0,6980000.0,52538
20210201 19:00,7000000.0,7151100.0,6998200.0,7131000.0,39779
20210202 19:00,7249800.0,7271300.0,7007300.0,7053900.0,74301
20210203 19:00,7085000.0,7225599.0,7020000.0,7124400.0,80202
20210204 19:00,7218200.0,7260700.0,7130000.0,7196600.0,66584
20210207 19:00,7242500.0,7287500.0,7220700.0,7265100.0,58049
20210208 19:00,7279100.0,7279100.0,7126300.0,7140000.0,43118
20210209 19:00,7170800.0,7170800.0,7080250.0,7099400.0,63580
20210210 19:00,7120000.0,7212500.0,7099900.0,7195300.0,59590
20210211 19:00,7200000.0,7274299.0,7173099.0,7205400.0,48424
20210215 19:00,7230000.0,7250000.0,7067600.0,7076000.0,58505
20210216 19:00,7074200.0,7239900.0,6994100.0,7217000.0,98708
20210217 19:00,7251000.0,7307600.0,7120200.0,7274200.0,87961
20210218 19:00,7267600.0,7365000.0,7128099.0,7170500.0,77813
20210221 19:00,7170000.0,7170000.0,7016500.0,7079299.0,55794
20210222 19:00,7016400.0,7086200.0,6909700.0,6973400.0,122300
20210223 19:00,6966000.0,7000000.0,6802800.0,6854700.0,124356
20210224 19:00,6820300.0,6839100.0,6700000.0,6781400.0,85319
20210225 19:00,6730000.0,6909200.0,6730000.0,6828099.0,118452
20210228 19:00,6811400.0,7036000.0,6811400.0,6928200.0,68803
20210301 19:00,7000000.0,7019000.0,6849299.0,6902400.0,56208
20210302 19:00,6900000.0,6910000.0,6728300.0,6736600.0,49613
20210303 19:00,6740000.0,6769000.0,6543600.0,6593500.0,99329
20210304 19:00,6545599.0,6784900.0,6545599.0,6784900.0,71932
20210307 19:00,6784900.0,7029400.0,6774100.0,6886200.0,77412
20210308 19:00,6989400.0,7126300.0,6920200.0,7064800.0,86194
20210309 19:00,7080000.0,7195500.0,7041100.0,7091900.0,71635
20210310 19:00,7067700.0,7118400.0,7032100.0,7035900.0,69366
20210311 19:00,7010200.0,7103700.0,7005900.0,7086900.0,50746
20210314 20:00,7064400.0,7169500.0,7048500.0,7161300.0,30381
20210315 20:00,7199900.0,7208000.0,7112900.0,7160800.0,49979
20210316 20:00,7169500.0,7191600.0,7088200.0,7120599.0,36058
20210317 20:00,7135000.0,7164400.0,6986300.0,7103600.0,50743
20210318 20:00,7091450.0,7144900.0,7055400.0,7055400.0,63183
20210321 20:00,7119900.0,7219000.0,7047900.0,7209900.0,32469
20210322 20:00,7210000.0,7382500.0,7209500.0,7260100.0,81922
20210323 20:00,7270000.0,7327600.0,7226400.0,7245000.0,36764
20210324 20:00,7241000.0,7412700.0,7202800.0,7392100.0,69773
20210325 20:00,7420000.0,7599900.0,7374800.0,7598500.0,77680
20210328 20:00,7599299.0,7679400.0,7515000.0,7563099.0,42045
20210329 20:00,7600000.0,7600000.0,7421500.0,7469600.0,38490
20210330 20:00,7530000.0,7563200.0,7376799.0,7395599.0,43555
20210331 20:00,2489900.0,2545000.0,2446600.0,2504100.0,177577
20210404 20:00,2497500.0,2565000.0,2497500.0,2560000.0,163035
20210405 20:00,2570200.0,2595700.0,2541100.0,2591800.0,235477
20210406 20:00,2588600.0,2608900.0,2503600.0,2515600.0,210666
20210407 20:00,2534900.0,2549600.0,2511700.0,2534800.0,115144
20210408 20:00,2546600.0,2553900.0,2528400.0,2550400.0,178319
20210411 20:00,2552900.0,2591700.0,2550400.0,2591700.0,100592
20210412 20:00,2591700.0,2599900.0,2562300.0,2599900.0,84735
20210413 20:00,2575000.0,2575000.0,2547500.0,2549700.0,93303
20210414 20:00,2521500.0,2583399.0,2521500.0,2571700.0,138901
20210415 20:00,2593700.0,2690800.0,2580000.0,2667700.0,318520
20210418 20:00,2671000.0,2678800.0,2628800.0,2655800.0,136372
20210419 20:00,2656000.0,2696700.0,2651900.0,2670500.0,113089
20210420 20:00,2673900.0,2715400.0,2672200.0,2708000.0,109969
20210421 20:00,2722799.0,2722900.0,2679550.0,2698200.0,131194
20210422 20:00,2718100.0,2744500.0,2690899.0,2735000.0,158983
20210425 20:00,2750000.0,2750000.0,2690600.0,2704200.0,128830
20210426 20:00,2749300.0,2750899.0,2630000.0,2702200.0,280188
20210427 20:00,2732000.0,2732000.0,2682400.0,2726900.0,96475
20210428 20:00,2720000.0,2750000.0,2700800.0,2750000.0,235562
20210429 20:00,2734400.0,2749900.0,2715100.0,2734600.0,146560
20210502 20:00,2772500.0,2794700.0,2749100.0,2788700.0,172259
20210503 20:00,2779100.0,2837100.0,2766050.0,2832500.0,227909
20210504 20:00,2850000.0,2852400.0,2803300.0,2831200.0,151243
20210505 20:00,2832799.0,2863200.0,2832700.0,2856000.0,163348
20210506 20:00,2865000.0,2879700.0,2830400.0,2879700.0,172289
20210509 20:00,2872300.0,2930400.0,2872300.0,2905899.0,195109
20210510 20:00,2884300.0,2884300.0,2831800.0,2858100.0,211753
20210511 20:00,2821400.0,2862600.0,2797799.0,2801900.0,265738
20210512 20:00,2825400.0,2870500.0,2795000.0,2856700.0,155809
20210513 20:00,2880000.0,2892900.0,2851200.0,2851200.0,232597
20210516 20:00,2871100.0,2872500.0,2828900.0,2835100.0,178289
20210517 20:00,2850000.0,2861200.0,2828500.0,2832200.0,164775
20210518 20:00,2815000.0,2829700.0,2772100.0,2808100.0,191267
20210519 20:00,2808900.0,2855000.0,2808900.0,2820000.0,149052
20210520 20:00,2830100.0,2872200.0,2828500.0,2833300.0,179602
20210523 20:00,2850000.0,2856600.0,2827200.0,2849900.0,149076
20210524 20:00,2865600.0,2866900.0,2845000.0,2854900.0,128632
20210525 20:00,2872500.0,2872500.0,2852000.0,2854800.0,116017
20210526 20:00,2850000.0,2885800.0,2850000.0,2859500.0,221672
20210527 20:00,2864600.0,2868900.0,2833800.0,2835200.0,324583
20210531 20:00,2839700.0,2880600.0,2826600.0,2830299.0,189622
20210601 20:00,2850800.0,2856800.0,2814900.0,2825899.0,234629
20210602 20:00,2810000.0,2830000.0,2782100.0,2825600.0,118291
20210603 20:00,2839900.0,2843600.0,2814600.0,2830600.0,175299
20210606 20:00,2830000.0,2841600.0,2804600.0,2811100.0,142157
20210607 20:00,2822000.0,2827700.0,2740100.0,2779900.0,226648
20210608 20:00,2869900.0,2869900.0,2761100.0,2770600.0,322930
20210609 20:00,2807799.0,2820000.0,2763399.0,2778000.0,202292
20210610 20:00,2778600.0,2788399.0,2750500.0,2765700.0,235354
20210613 20:00,2772100.0,2772100.0,2715200.0,2736100.0,167390
20210614 20:00,2732000.0,2761700.0,2711800.0,2716900.0,143802
20210615 20:00,2732799.0,2732799.0,2674900.0,2686600.0,184168
20210616 20:00,2684800.0,2700299.0,2657200.0,2696900.0,171931
20210617 20:00,2699900.0,2700400.0,2664700.0,2684000.0,148199
20210620 20:00,2700000.0,2744100.0,2686800.0,2731500.0,148820
20210621 20:00,2730000.0,2751700.0,2719800.0,2732000.0,80628
20210622 20:00,2740100.0,2749800.0,2711900.0,2711900.0,73448
20210623 20:00,2720000.0,2729900.0,2692400.0,2709600.0,104279
20210624 20:00,2709500.0,2750000.0,2699000.0,2739900.0,210818
20210627 20:00,2728800.0,2737900.0,2702300.0,2720100.0,91295
20210628 20:00,2724000.0,2754800.0,2720400.0,2720400.0,78213
20210629 20:00,2728000.0,2733000.0,2711600.0,2725000.0,80394
20210630 20:00,2724000.0,2755299.0,2708500.0,2754300.0,100999
20210701 20:00,2732700.0,2759800.0,2732700.0,2742200.0,71714
20210705 20:00,2749000.0,2767500.0,2696400.0,2736200.0,68056
20210706 20:00,2714400.0,2776500.0,2714400.0,2751700.0,63739
20210707 20:00,2740000.0,2751700.0,2701600.0,2729700.0,217143
20210708 20:00,2754000.0,2764500.0,2734400.0,2753399.0,83050
20210711 20:00,2762200.0,2791300.0,2750000.0,2780000.0,96205
20210712 20:00,2774500.0,2785800.0,2763900.0,2782500.0,215084
20210713 20:00,2788000.0,2796000.0,2750800.0,2769500.0,131376
20210714 20:00,2762300.0,2799800.0,2762300.0,2794400.0,121963
20210715 20:00,2791200.0,2838700.0,2791200.0,2824000.0,162343
20210718 20:00,2799900.0,2842000.0,2783600.0,2817400.0,388036
20210719 20:00,2790000.0,2828300.0,2758900.0,2811900.0,199942
20210720 20:00,2812000.0,2828100.0,2790400.0,2820000.0,172680
20210721 20:00,2818000.0,2838500.0,2811200.0,2815500.0,110674
20210722 20:00,2815000.0,2864300.0,2815000.0,2859600.0,181993
20210725 20:00,2850100.0,2879800.0,2832500.0,2869700.0,180928
20210726 20:00,2800000.0,2886200.0,2740000.0,2877200.0,274616
20210727 20:00,2877200.0,2890299.0,2861500.0,2875400.0,163644
20210728 20:00,2893600.0,2897300.0,2872900.0,2894600.0,100449
20210729 20:00,2893700.0,2916700.0,2886800.0,2909600.0,116580
20210801 20:00,2920000.0,2931300.0,2906300.0,2915100.0,135232
20210802 20:00,2916000.0,2962200.0,2909900.0,2962200.0,87900
20210803 20:00,2960100.0,2976700.0,2946800.0,2961000.0,124117
20210804 20:00,2973700.0,2988100.0,2945500.0,2958300.0,134078
20210805 20:00,2960100.0,2981700.0,2959400.0,2968000.0,131755
20210808 20:00,2975000.0,2977300.0,2958399.0,2972300.0,128961
20210809 20:00,2974200.0,2982600.0,2950000.0,2950000.0,94527
20210810 20:00,2960700.0,3029900.0,2960700.0,3027600.0,112657
20210811 20:00,3036000.0,3043399.0,2997700.0,3040000.0,124366
20210812 20:00,3047100.0,3073500.0,3036500.0,3055200.0,124402
20210815 20:00,3053000.0,3088399.0,3036500.0,3079000.0,93702
20210816 20:00,3062200.0,3068200.0,3025500.0,3047700.0,117343
20210817 20:00,3049200.0,3053399.0,3008200.0,3008200.0,97540
20210818 20:00,3001600.0,3035700.0,2981900.0,3028500.0,71982
20210819 20:00,3037400.0,3085600.0,3031700.0,3069600.0,88219
20210822 20:00,3093600.0,3099600.0,3045800.0,3045800.0,88257
20210823 20:00,3040000.0,3053399.0,3026150.0,3040000.0,57436
20210824 20:00,3023399.0,3036600.0,2999400.0,3025400.0,98346
20210825 20:00,3027300.0,3037900.0,2994000.0,3023100.0,84215
20210826 20:00,3033200.0,3048700.0,3025299.0,3026100.0,85537
20210829 20:00,3030000.0,3075600.0,3030000.0,3052100.0,84187
20210830 20:00,3046500.0,3052799.0,3026800.0,3049400.0,95291
20210831 20:00,3034100.0,3067700.0,3020000.0,3061000.0,85687
20210901 20:00,3062900.0,3087799.0,3055700.0,3087799.0,89259
20210902 20:00,3100000.0,3104200.0,3059000.0,3074100.0,85349
20210906 20:00,3075200.0,3075200.0,3001200.0,3032200.0,103344
20210907 20:00,3005500.0,3015100.0,2942500.0,2966000.0,271530
20210908 20:00,2944800.0,2992799.0,2933600.0,2972300.0,178999
20210909 20:00,2973000.0,3040899.0,2973000.0,3010200.0,101016
20210912 20:00,3006400.0,3048100.0,3006400.0,3021100.0,140638
20210913 20:00,3000000.0,3022700.0,2979300.0,2987400.0,83679
20210914 20:00,2998500.0,3006200.0,2967600.0,2995500.0,63672
20210915 20:00,2991600.0,2992100.0,2963300.0,2980000.0,90890
20210916 20:00,2961200.0,2973000.0,2930100.0,2936600.0,129562
20210919 20:00,2880000.0,2932700.0,2861200.0,2914500.0,116614
20210920 20:00,2930000.0,2937400.0,2896900.0,2901300.0,78913
20210921 20:00,2941900.0,2943600.0,2904500.0,2921200.0,94953
20210922 20:00,2934900.0,2956200.0,2924600.0,2953600.0,128940
20210923 20:00,2926000.0,2937600.0,2910000.0,2917400.0,118303
20210926 20:00,2905000.0,2912000.0,2874750.0,2875000.0,98487
20210927 20:00,2870000.0,2870000.0,2674000.0,2690000.0,264914
20210928 20:00,2721400.0,2854800.0,2701900.0,2842100.0,384581
20210929 20:00,2835000.0,2841700.0,2789200.0,2800100.0,183750
20210930 20:00,2795000.0,2897000.0,2795000.0,2853399.0,277812
20211003 20:00,2810100.0,2890000.0,2810100.0,2852000.0,177084
20211004 20:00,2866500.0,2929000.0,2852100.0,2915500.0,175876
20211005 20:00,2911400.0,2940150.0,2879600.0,2940100.0,149517
20211006 20:00,2960000.0,2997200.0,2929900.0,2936800.0,139848
20211007 20:00,2937500.0,2948900.0,2881000.0,2904900.0,173144
20211010 20:00,2899900.0,2924900.0,2882799.0,2886900.0,117721
20211011 20:00,2882900.0,2932799.0,2881300.0,2915899.0,130813
20211012 20:00,2921200.0,2926000.0,2866650.0,2898800.0,93710
20211013 20:00,2905899.0,2934200.0,2851300.0,2934200.0,134904
20211014 20:00,2935000.0,2972400.0,2919500.0,2963000.0,101813
20211017 20:00,2945050.0,2973900.0,2945050.0,2973800.0,66354
20211018 20:00,2986800.0,2990000.0,2959800.0,2990000.0,68552
20211019 20:00,2980000.0,3019100.0,2973600.0,3017700.0,95673
20211020 20:00,3017500.0,3072000.0,3003800.0,3072000.0,92740
20211021 20:00,3067799.0,3083900.0,3061000.0,3065000.0,62391
20211024 20:00,3060000.0,3107050.0,3060000.0,3075800.0,161443
20211025 20:00,3100400.0,3187600.0,3021200.0,3170000.0,235401
20211026 20:00,3172100.0,3216000.0,3119100.0,3133000.0,164456
20211027 20:00,3140000.0,3238200.0,3121500.0,3215100.0,177816
20211028 20:00,3214200.0,3235500.0,3146600.0,3166200.0,232676
20211031 20:00,3167100.0,3180100.0,3100800.0,3104600.0,130463
20211101 20:00,3100899.0,3141900.0,3100000.0,3128600.0,142479
20211102 20:00,3139300.0,3165600.0,3102700.0,3150000.0,128007
20211103 20:00,3131900.0,3189100.0,3131900.0,3185899.0,114556
20211104 20:00,3197500.0,3223300.0,3173000.0,3191200.0,123691
20211107 19:00,3200000.0,3224300.0,3190000.0,3195100.0,85889
20211108 19:00,3200299.0,3246600.0,3193900.0,3240200.0,76924
20211109 19:00,3240000.0,3256000.0,3235700.0,3246300.0,142832
20211110 19:00,3247000.0,3260800.0,3230000.0,3259300.0,64453
20211111 19:00,3267400.0,3315100.0,3260200.0,3314300.0,81725
20211114 19:00,3323100.0,3330200.0,3279900.0,3327600.0,89188
20211115 19:00,3313300.0,3400000.0,3313300.0,3386400.0,119922
20211116 19:00,3386000.0,3402799.0,3329700.0,3332799.0,138913
20211117 19:00,3331700.0,3353399.0,3290200.0,3290200.0,95443
20211118 19:00,3314500.0,3347700.0,3294700.0,3323500.0,129365
20211121 19:00,3326900.0,3353900.0,3297799.0,3297799.0,87572
20211122 19:00,3307900.0,3312200.0,3260899.0,3270100.0,97830
20211123 19:00,3263700.0,3285650.0,3261600.0,3280899.0,74165
20211125 19:00,3269900.0,3286800.0,3230100.0,3232900.0,81504
20211128 19:00,3233000.0,3352900.0,3233000.0,3344200.0,176846
20211129 19:00,3342799.0,3374800.0,3294000.0,3312400.0,236974
20211130 19:00,3322500.0,3396400.0,3300000.0,3300000.0,163175
20211201 19:00,3312700.0,3428700.0,3308800.0,3398600.0,182282
20211202 19:00,3378000.0,3470000.0,3368399.0,3424200.0,207497
20211205 19:00,3441000.0,3453900.0,3399000.0,3412799.0,135372
20211206 19:00,3420000.0,3458200.0,3411300.0,3419100.0,159548
20211207 19:00,3424300.0,3440800.0,3390899.0,3410600.0,108228
20211208 19:00,3422200.0,3473200.0,3422200.0,3439500.0,62729
20211209 19:00,3457400.0,3494900.0,3439300.0,3464600.0,87830
20211212 19:00,3480000.0,3485200.0,3431900.0,3462400.0,85715
20211213 19:00,3455600.0,3457200.0,3400600.0,3441800.0,87841
20211214 19:00,3387900.0,3456900.0,3360000.0,3455000.0,125744
20211215 19:00,3470500.0,3497000.0,3455200.0,3481000.0,97813
20211216 19:00,3492600.0,3492600.0,3387700.0,3404200.0,191601
20211219 19:00,3347799.0,3404400.0,3292900.0,3343500.0,137112
20211220 19:00,3370000.0,3384600.0,3327500.0,3342900.0,112778
20211221 19:00,3344200.0,3392000.0,3335200.0,3388399.0,46775
20211222 19:00,3396800.0,3422350.0,3376700.0,3390000.0,66503
20211226 19:00,3395700.0,3465600.0,3392100.0,3456050.0,75810
20211227 19:00,3478800.0,3495899.0,3462200.0,3484300.0,81551
20211228 19:00,3476300.0,3523900.0,3476300.0,3513500.0,50953
20211229 19:00,3519000.0,3539600.0,3497500.0,3516000.0,48329
20211230 19:00,3503600.0,3532400.0,3492400.0,3521300.0,79535
20220102 19:00,3550000.0,3554800.0,3353700.0,3395000.0,155075
20220103 19:00,3384900.0,3384900.0,3324500.0,3355000.0,240995
20220104 19:00,3370500.0,3425800.0,3345700.0,3354800.0,167772
20220105 19:00,3363500.0,3376300.0,3328200.0,3333800.0,101973
20220106 19:00,3330200.0,3334900.0,3227500.0,3232300.0,120443
20220109 19:00,3232200.0,3238500.0,3172500.0,3238500.0,126362
20220110 19:00,3233300.0,3246400.0,3183200.0,3232200.0,96154
20220111 19:00,3257200.0,3264100.0,3194800.0,3196600.0,129149
20220112 19:00,3223399.0,3245299.0,3167200.0,3168100.0,128055
20220113 19:00,3150000.0,3150000.0,3010000.0,3084600.0,413889
20220117 19:00,3033000.0,3080000.0,2979700.0,3080000.0,304278
20220118 19:00,3070000.0,3090700.0,3035899.0,3037900.0,188066
20220119 19:00,3055400.0,3075000.0,2958100.0,2958100.0,165219
20220120 19:00,2970000.0,3017600.0,2926300.0,2926300.0,294438
20220123 19:00,2928500.0,2996000.0,2850000.0,2983700.0,356637
20220124 19:00,2930100.0,2989500.0,2906100.0,2944800.0,281036
20220125 19:00,3003399.0,3003399.0,2917300.0,2930100.0,630523
20220126 19:00,2910000.0,2948399.0,2797799.0,2831900.0,712157
20220127 19:00,2830000.0,2878000.0,2740100.0,2877000.0,316145
20220130 19:00,2879900.0,2890600.0,2831400.0,2865100.0,250422
20220131 19:00,2832300.0,2944700.0,2832300.0,2944700.0,276170
20220201 19:00,2938250.0,2958100.0,2906150.0,2943300.0,156865
20220202 19:00,2933300.0,2940000.0,2874000.0,2874100.0,142468
20220203 19:00,2853900.0,2862700.0,2806700.0,2816200.0,156439
20220206 19:00,2824800.0,2826600.0,2792300.0,2794700.0,150012
20220207 19:00,2800000.0,2811100.0,2780200.0,2798100.0,111765
20220208 19:00,2829900.0,2884000.0,2825700.0,2866200.0,126849
20220209 19:00,2866300.0,2866300.0,2785000.0,2800000.0,136722
20220210 19:00,2830000.0,2830000.0,2722000.0,2729400.0,129674
20220213 19:00,2740000.0,2747799.0,2692600.0,2704500.0,124697
20220214 19:00,2725000.0,2750100.0,2702700.0,2715000.0,117888
20220215 19:00,2715500.0,2730800.0,2669300.0,2726300.0,94484
20220216 19:00,2730000.0,2730000.0,2664500.0,2672200.0,140617
20220217 19:00,2683800.0,2715100.0,2664000.0,2679800.0,181580
20220221 19:00,2650000.0,2670000.0,2591500.0,2617000.0,207676
20220222 19:00,2636300.0,2640899.0,2590000.0,2590000.0,270427
20220223 19:00,2550000.0,2595800.0,2508200.0,2589500.0,230266
20220224 19:00,2600000.0,2675100.0,2591100.0,2672000.0,155918
20220227 19:00,2644300.0,2667900.0,2608800.0,2629000.0,183829
20220228 19:00,2636000.0,2636000.0,2538400.0,2552000.0,259948
20220301 19:00,2555500.0,2611400.0,2550000.0,2590500.0,178904
20220302 19:00,2624000.0,2639300.0,2562300.0,2582600.0,112054
20220303 19:00,2560000.0,2587500.0,2535200.0,2584000.0,195921
20220306 19:00,2580000.0,2585000.0,2420000.0,2420000.0,258848
20220307 19:00,2438800.0,2480000.0,2362900.0,2397400.0,199222
20220308 19:00,2389000.0,2446200.0,2381600.0,2417100.0,184813
20220309 19:00,2394200.0,2396700.0,2358500.0,2384800.0,197097
20220310 19:00,2379350.0,2390500.0,2330100.0,2340000.0,151113
20220313 20:00,2346800.0,2396400.0,2334100.0,2384700.0,170114
20220314 20:00,2393200.0,2444200.0,2393200.0,2426200.0,161597
20220315 20:00,2440300.0,2495800.0,2396900.0,2458500.0,213486
20220316 20:00,2478500.0,2478500.0,2417600.0,2469800.0,185195
20220317 20:00,2454200.0,2526600.0,2449000.0,2515700.0,161505
20220320 20:00,2514700.0,2516300.0,2441000.0,2458300.0,117430
20220321 20:00,2481500.0,2521400.0,2481500.0,2503700.0,150698
20220322 20:00,2502200.0,2550000.0,2468600.0,2475700.0,94887
20220323 20:00,2480000.0,2502700.0,2468000.0,2502700.0,137993
20220324 20:00,2514800.0,2514800.0,2444500.0,2450000.0,116205
20220327 20:00,2452100.0,2515400.0,2442900.0,2515400.0,138363
20220328 20:00,2522700.0,2643000.0,2522700.0,2583200.0,248273
20220329 20:00,2598300.0,2598300.0,2521700.0,2531800.0,128237
20220330 20:00,2530100.0,2555000.0,2498400.0,2506500.0,167527
20220331 20:00,2484900.0,2553700.0,2484900.0,2549000.0,140959
20220403 20:00,2552200.0,2595700.0,2524400.0,2595700.0,172484
20220404 20:00,2581200.0,2622600.0,2567900.0,2582000.0,205241
20220405 20:00,2570000.0,2635500.0,2545900.0,2625299.0,196634
20220406 20:00,2617900.0,2642000.0,2583500.0,2613100.0,212320
20220407 20:00,2643000.0,2667900.0,2617100.0,2617100.0,150823
20220410 20:00,2595100.0,2646400.0,2595100.0,2612900.0,120597
20220411 20:00,2611700.0,2653700.0,2558400.0,2569600.0,114733
20220412 20:00,2569500.0,2596700.0,2546800.0,2584000.0,153036
20220413 20:00,2600000.0,2610500.0,2527500.0,2528200.0,191707
20220417 20:00,2529000.0,2529000.0,2453700.0,2461800.0,201284
20220418 20:00,2469900.0,2538100.0,2469900.0,2523500.0,122955
20220419 20:00,2522500.0,2567950.0,2500900.0,2520800.0,181833
20220420 20:00,2556600.0,2582900.0,2512300.0,2512300.0,156235
20220421 20:00,2513600.0,2513600.0,2446500.0,2448700.0,109234
20220424 20:00,2413900.0,2483300.0,2407500.0,2417600.0,204444
20220425 20:00,2626400.0,2757700.0,2600000.0,2713800.0,482344
20220426 20:00,2721000.0,2840000.0,2702000.0,2801000.0,496472
20220427 20:00,2839800.0,2847100.0,2762700.0,2816600.0,430803
20220428 20:00,2813100.0,2849900.0,2739200.0,2760000.0,304646
20220501 20:00,2725299.0,2782000.0,2660000.0,2687000.0,339573
20220502 20:00,2764000.0,2764000.0,2660100.0,2693650.0,195645
20220503 20:00,2699200.0,2831500.0,2699200.0,2822500.0,334285
20220504 20:00,2825299.0,2825299.0,2736100.0,2773850.0,282175
20220505 20:00,2759800.0,2759800.0,2683300.0,2734850.0,226049
20220508 20:00,2719800.0,2808000.0,2699900.0,2769700.0,334722
20220509 20:00,2799900.0,2800600.0,2651100.0,2664000.0,342262
20220510 20:00,2665000.0,2715100.0,2639600.0,2646800.0,174510
20220511 20:00,2623700.0,2751300.0,2611000.0,2747500.0,328769
20220512 20:00,2780000.0,2780000.0,2704700.0,2740600.0,150521
20220515 20:00,2715600.0,2747300.0,2653200.0,2718450.0,169001
20220516 20:00,2709900.0,2758600.0,2667100.0,2692100.0,246293
20220517 20:00,2660000.0,2678100.0,2579700.0,2596800.0,210254
20220518 20:00,2575600.0,2634100.0,2551400.0,2584400.0,169223
20220519 20:00,2601800.0,2621900.0,2501800.0,2590000.0,340409
20220522 20:00,2607600.0,2618000.0,2573900.0,2578300.0,136077
20220523 20:00,2589900.0,2595500.0,2541900.0,2568600.0,177278
20220524 20:00,2565200.0,2654400.0,2553900.0,2652350.0,180073
20220525 20:00,2688200.0,2742200.0,2688200.0,2722900.0,180434
20220526 20:00,2741400.0,2763800.0,2725050.0,2762100.0,140566
20220530 20:00,2737600.0,2737600.0,2649400.0,2685299.0,260964
20220531 20:00,2701200.0,2701200.0,2634500.0,2651800.0,156183
20220601 20:00,2683200.0,2697100.0,2651200.0,2689600.0,424512
20220602 20:00,2669600.0,2734300.0,2669600.0,2687450.0,157324
20220605 20:00,2695400.0,2758700.0,2684400.0,2750000.0,118800
20220606 20:00,2709900.0,2783100.0,2709900.0,2768500.0,189945
20220607 20:00,2750000.0,2758900.0,2669500.0,2709500.0,184033
20220608 20:00,2680800.0,2736900.0,2586900.0,2586900.0,156549
20220609 20:00,2579500.0,2579500.0,2472400.0,2476100.0,187242
20220612 20:00,2425000.0,2452900.0,2366300.0,2379150.0,183818
20220613 20:00,2393000.0,2393000.0,2269400.0,2306800.0,159095
20220614 20:00,2318500.0,2334500.0,2244100.0,2287000.0,181668
20220615 20:00,2250000.0,2250000.0,2162500.0,2187300.0,151212
20220616 20:00,2200000.0,2262000.0,2142200.0,2227900.0,290193
20220620 20:00,2247200.0,2247200.0,2174800.0,2199700.0,260174
20220621 20:00,2146600.0,2234500.0,2146600.0,2221000.0,209987
20220622 20:00,2211500.0,2252800.0,2205000.0,2248800.0,258869
20220623 20:00,2249900.0,2316500.0,2239800.0,2313600.0,286279
20220626 20:00,2308100.0,2310800.0,2261800.0,2283600.0,178100
20220627 20:00,2278000.0,2311900.0,2228100.0,2234000.0,137947
20220628 20:00,2231000.0,2264900.0,2210900.0,2264900.0,148235
20220629 20:00,2242500.0,2255900.0,2185400.0,2240400.0,161862
20220630 20:00,2256000.0,2354600.0,2244300.0,2349800.0,283035
20220704 20:00,2334900.0,2428700.0,2309900.0,2428700.0,395515
20220705 20:00,2422300.0,2469300.0,2403900.0,2427900.0,286042
20220706 20:00,2449700.0,2458200.0,2380000.0,2394900.0,223989
20220707 20:00,2378600.0,2396600.0,2362200.0,2383100.0,156398
20220710 20:00,2366900.0,2436500.0,2366800.0,2419900.0,189778
20220711 20:00,2416000.0,2521000.0,2416000.0,2465500.0,255027
20220712 20:00,2453600.0,2465300.0,2378700.0,2454400.0,221437
20220713 20:00,2427100.0,2463200.0,2405300.0,2433700.0,121539
20220714 20:00,2486400.0,2489100.0,2436100.0,2455000.0,107014
20220717 20:00,2457700.0,2499900.0,2421100.0,2426400.0,146040
20220718 20:00,2460200.0,2480000.0,2430500.0,2470300.0,133856
20220719 20:00,2482500.0,2504900.0,2461700.0,2495100.0,123425
20220720 20:00,2470100.0,2569200.0,2470100.0,2565400.0,158676
20220721 20:00,2579800.0,2629100.0,2573500.0,2592000.0,215818
20220724 20:00,2593700.0,2607799.0,2557400.0,2588700.0,194265
20220725 20:00,2568600.0,2570700.0,2527800.0,2550000.0,218767
20220726 20:00,2416300.0,2416300.0,2195000.0,2316000.0,982880
20220727 20:00,2315700.0,2456200.0,2305200.0,2425100.0,328783
20220728 20:00,2389900.0,2460500.0,2389900.0,2410000.0,217353
20220731 20:00,2393300.0,2437750.0,2388400.0,2411000.0,239976
20220801 20:00,2400000.0,2453600.0,2394800.0,2437850.0,286478
20220802 20:00,2434100.0,2434100.0,2377300.0,2392700.0,223793
20220803 20:00,2395700.0,2447200.0,2393500.0,2431400.0,135600
20220804 20:00,2399000.0,2403000.0,2356800.0,2371100.0,282335
20220807 20:00,2375100.0,2429100.0,2375100.0,2414700.0,191005
20220808 20:00,2399900.0,2401500.0,2321900.0,2323600.0,261132
20220809 20:00,2367100.0,2472400.0,2367100.0,2433800.0,365445
20220810 20:00,2469900.0,2473400.0,2421200.0,2440100.0,184773
20220811 20:00,2450000.0,2518100.0,2450000.0,2511200.0,210457
20220814 20:00,2506500.0,2582900.0,2506500.0,2571000.0,206374
20220815 20:00,2554600.0,2589000.0,2552200.0,2568800.0,159715
20220816 20:00,2550100.0,2550100.0,2500200.0,2509100.0,146677
20220817 20:00,2524400.0,2524400.0,2474600.0,2490300.0,156835
20220818 20:00,2488000.0,2488500.0,2440000.0,2440000.0,117546
20220821 20:00,2433800.0,2445100.0,2401300.0,2401300.0,147382
20220822 20:00,2387300.0,2409600.0,2369500.0,2370500.0,211881
20220823 20:00,2378200.0,2426200.0,2372700.0,2395400.0,225027
20220824 20:00,2405800.0,2446300.0,2400600.0,2434900.0,118718
20220825 20:00,2433100.0,2448800.0,2355800.0,2358600.0,153861
20220828 20:00,2338100.0,2363800.0,2317900.0,2324100.0,233001
20220829 20:00,2359400.0,2380600.0,2344100.0,2349900.0,171228
20220830 20:00,2365200.0,2377000.0,2311300.0,2311300.0,202629
20220831 20:00,2304400.0,2333450.0,2300800.0,2320000.0,170593
20220901 20:00,2310200.0,2362300.0,2308500.0,2315600.0,159548
20220905 20:00,2320000.0,2330000.0,2278800.0,2284650.0,223601
20220906 20:00,2283800.0,2387000.0,2283800.0,2374300.0,189668
20220907 20:00,2355300.0,2411200.0,2353500.0,2380000.0,181701
20220908 20:00,2413600.0,2423100.0,2388900.0,2388900.0,144838
20220911 20:00,2417400.0,2448100.0,2411500.0,2429500.0,171564
20220912 20:00,2394000.0,2394000.0,2292400.0,2292400.0,143368
20220913 20:00,2308600.0,2308600.0,2239050.0,2297100.0,175227
20220914 20:00,2260100.0,2299000.0,2230100.0,2230100.0,165586
20220915 20:00,2218900.0,2232400.0,2199300.0,2205800.0,223076
20220918 20:00,2197900.0,2234700.0,2197900.0,2225100.0,111302
20220919 20:00,2205900.0,2208800.0,2170400.0,2187000.0,199916
20220920 20:00,2200500.0,2210300.0,2111100.0,2111100.0,213007
20220921 20:00,2117900.0,2125100.0,2071000.0,2094800.0,420397
20220922 20:00,2052500.0,2128800.0,2052500.0,2089700.0,261335
20220925 20:00,2112400.0,2120900.0,2068600.0,2089199.0,213067
20220926 20:00,2112750.0,2126200.0,2050200.0,2050200.0,317511
20220927 20:00,2105700.0,2141900.0,2081900.0,2120200.0,302160
20220928 20:00,2102700.0,2116500.0,2063300.0,2065500.0,174233
20220929 20:00,2080400.0,2107400.0,2045700.0,2050000.0,152572
20221002 20:00,2047400.0,2160300.0,2047400.0,2143900.0,181349
20221003 20:00,2179600.0,2213700.0,2167400.0,2179600.0,128663
20221004 20:00,2169400.0,2195050.0,2166000.0,2173800.0,181287
20221005 20:00,2173000.0,2204500.0,2158700.0,2172600.0,166692
20221006 20:00,2154500.0,2154500.0,2040500.0,2059199.0,178568
20221009 20:00,2007500.0,2074600.0,2001200.0,2045100.0,258318
20221010 20:00,2039800.0,2085500.0,2024300.0,2041100.0,186136
20221011 20:00,2045100.0,2060900.0,2003100.0,2003100.0,225625
20221012 20:00,2049900.0,2070600.0,1954000.0,2056150.0,286469
20221013 20:00,2072500.0,2092400.0,2001500.0,2001500.0,156677
20221016 20:00,2062100.0,2101600.0,2061500.0,2068400.0,174864
20221017 20:00,2152000.0,2190000.0,2111900.0,2111900.0,157395
20221018 20:00,2100300.0,2110000.0,2053700.0,2055800.0,115620
20221019 20:00,2059000.0,2087900.0,1997900.0,2001300.0,238864
20221020 20:00,1999900.0,2079500.0,1990500.0,2079500.0,258416
20221023 20:00,2090800.0,2149300.0,2075400.0,2132000.0,250681
20221024 20:00,2125300.0,2300000.0,2125300.0,2193100.0,432808
20221025 20:00,2203000.0,2224300.0,2154100.0,2183400.0,291224
20221026 20:00,2224600.0,2245500.0,2203000.0,2203000.0,195621
20221027 20:00,2218100.0,2276100.0,2216000.0,2246600.0,190476
20221030 20:00,2265000.0,2283500.0,2241900.0,2249800.0,203586
20221031 20:00,2271100.0,2275900.0,2214200.0,2229800.0,243102
20221101 20:00,2250000.0,2254200.0,2154500.0,2158900.0,254848
20221102 20:00,2141300.0,2199400.0,2121200.0,2150600.0,220734
20221103 20:00,2212300.0,2212300.0,2130400.0,2162500.0,260767
20221106 19:00,2164900.0,2220700.0,2157000.0,2214000.0,182356
20221107 19:00,2235600.0,2282700.0,2217300.0,2249400.0,151154
20221108 19:00,2254100.0,2259900.0,2214000.0,2220700.0,121826
20221109 19:00,2240500.0,2447100.0,2240500.0,2390100.0,361580
20221110 19:00,2390100.0,2422800.0,2361500.0,2370600.0,250891
20221113 19:00,2335200.0,2375600.0,2331600.0,2343100.0,327549
20221114 19:00,2390000.0,2435300.0,2378700.0,2406700.0,306053
20221115 19:00,2395250.0,2432000.0,2391300.0,2408900.0,278103
20221116 19:00,2372400.0,2385300.0,2317100.0,2372300.0,229250
20221117 19:00,2400200.0,2448800.0,2377300.0,2403000.0,207852
20221120 19:00,2415100.0,2439300.0,2380000.0,2380000.0,214328
20221121 19:00,2396400.0,2435600.0,2356200.0,2434500.0,161296
20221122 19:00,2419300.0,2500600.0,2416700.0,2494800.0,230059
20221124 19:00,2477200.0,2498900.0,2474300.0,2497300.0,43189
20221127 19:00,2467700.0,2497900.0,2451200.0,2456100.0,98482
20221128 19:00,2460500.0,2469500.0,2396100.0,2400200.0,164952
20221129 19:00,2388800.0,2503100.0,2369600.0,2491900.0,281856
20221130 19:00,2518600.0,2525100.0,2489300.0,2516050.0,145752
20221201 19:00,2480000.0,2596900.0,2466800.0,2577500.0,255816
20221204 19:00,2542400.0,2565000.0,2529200.0,2535200.0,190539
20221205 19:00,2537200.0,2554500.0,2494700.0,2536400.0,187943
20221206 19:00,2541100.0,2555800.0,2500000.0,2511300.0,212747
20221207 19:00,2508400.0,2545700.0,2498200.0,2527800.0,152621
20221208 19:00,2543200.0,2550600.0,2519900.0,2524500.0,158770
20221211 19:00,2532800.0,2548900.0,2490200.0,2529500.0,190064
20221212 19:00,2600000.0,2654700.0,2550700.0,2588100.0,177873
20221213 19:00,2578100.0,2589500.0,2486400.0,2511300.0,330858
20221214 19:00,2467700.0,2468100.0,2412300.0,2439100.0,182942
20221215 19:00,2427000.0,2435600.0,2385200.0,2403800.0,201378
20221218 19:00,2411900.0,2413100.0,2368800.0,2368800.0,136098
20221219 19:00,2390500.0,2404900.0,2364000.0,2386300.0,175243
20221220 19:00,2393800.0,2423100.0,2384100.0,2421700.0,134841
20221221 19:00,2445000.0,2445000.0,2377800.0,2396900.0,130818
20221222 19:00,2413500.0,2441600.0,2389700.0,2429400.0,105353
20221226 19:00,2415400.0,2427000.0,2390000.0,2390000.0,93431
20221227 19:00,2401350.0,2422300.0,2371900.0,2374700.0,182283
20221228 19:00,2391550.0,2420950.0,2391550.0,2412950.0,75150
20221229 19:00,2399000.0,2399300.0,2344400.0,2373800.0,115488
20230102 19:00,2380400.0,2408900.0,2368900.0,2392500.0,145801
20230103 19:00,2415300.0,2450500.0,2400300.0,2400300.0,94116
20230104 19:00,2399700.0,2399700.0,2265100.0,2285800.0,208626
20230105 19:00,2288300.0,2371500.0,2288300.0,2357700.0,171612
20230108 19:00,2363200.0,2412600.0,2340450.0,2359100.0,135425
20230109 19:00,2357700.0,2359600.0,2326300.0,2338800.0,113092
20230110 19:00,2373200.0,2441300.0,2367400.0,2441300.0,255154
20230111 19:00,2445000.0,2445000.0,2386300.0,2438000.0,158184
20230112 19:00,2406700.0,2464500.0,2406700.0,2456000.0,138557
20230116 19:00,2460100.0,2486100.0,2446800.0,2478000.0,226120
20230117 19:00,2489300.0,2498900.0,2424400.0,2424400.0,223901
20230118 19:00,2417700.0,2419900.0,2329800.0,2329800.0,191241
20230119 19:00,2372700.0,2463100.0,2347000.0,2450100.0,200517
20230122 19:00,2430100.0,2476900.0,2430100.0,2443700.0,138678
20230123 19:00,2464700.0,2496900.0,2434950.0,2492800.0,143298
20230124 19:00,2459900.0,2493300.0,2446950.0,2480000.0,264356
20230125 19:00,2220000.0,2302700.0,2097900.0,2249000.0,965422
20230126 19:00,2250600.0,2306600.0,2237100.0,2280000.0,448798
20230129 19:00,2280000.0,2328300.0,2275100.0,2309100.0,401371
20230130 19:00,2304200.0,2370700.0,2304200.0,2364200.0,272547
20230131 19:00,2356400.0,2444700.0,2356400.0,2432200.0,264189
20230201 19:00,2450100.0,2477600.0,2422500.0,2470000.0,292414
20230202 19:00,2414700.0,2431500.0,2400900.0,2428000.0,228141
20230205 19:00,2419700.0,2442300.0,2394600.0,2429000.0,172385
20230206 19:00,2414600.0,2423500.0,2344750.0,2379900.0,261233
20230207 19:00,2365400.0,2376300.0,2320100.0,2352100.0,178229
20230208 19:00,2369300.0,2386900.0,2308100.0,2312800.0,168007
20230209 19:00,2300200.0,2323100.0,2286100.0,2286100.0,207530
20230212 19:00,2322600.0,2357600.0,2309400.0,2330900.0,220707
20230213 19:00,2330700.0,2339000.0,2300400.0,2316400.0,143823
20230214 19:00,2314600.0,2341400.0,2292800.0,2333200.0,293769
20230215 19:00,2297800.0,2307100.0,2269100.0,2273600.0,224320
20230216 19:00,2258700.0,2282400.0,2241800.0,2261200.0,222179
20230220 19:00,2279800.0,2279800.0,2216100.0,2217100.0,185944
20230221 19:00,2222200.0,2249000.0,2216100.0,2245500.0,205306
20230222 19:00,2247200.0,2247200.0,2193500.0,2230550.0,183938
20230223 19:00,2222200.0,2222200.0,2166900.0,2210550.0,197012
20230226 19:00,2222100.0,2244700.0,2204400.0,2204400.0,164105
20230227 19:00,2209600.0,2237300.0,2198100.0,2198100.0,136207
20230228 19:00,2190400.0,2207800.0,2176200.0,2176200.0,201390
20230301 19:00,2186700.0,2251800.0,2163900.0,2226000.0,201732
20230302 19:00,2261900.0,2288200.0,2246700.0,2268200.0,197983
20230305 19:00,2285000.0,2304750.0,2232500.0,2244700.0,199701
20230306 19:00,2242000.0,2249900.0,2193600.0,2225200.0,172421
20230307 19:00,2195400.0,2221500.0,2184900.0,2199400.0,121630
20230308 19:00,2216500.0,2231500.0,2167100.0,2172400.0,176604
20230309 19:00,2199500.0,2199500.0,2122700.0,2122700.0,260218
20230312 20:00,2118500.0,2179000.0,2118500.0,2136100.0,262597
20230313 20:00,2171500.0,2188900.0,2140800.0,2180000.0,148062
20230314 20:00,2171300.0,2187200.0,2130000.0,2150200.0,230503
20230315 20:00,2165500.0,2211350.0,2157300.0,2203500.0,188023
20230316 20:00,2189500.0,2201400.0,2157800.0,2157800.0,165548
20230319 20:00,2170900.0,2203400.0,2170700.0,2177000.0,132212
20230320 20:00,2209900.0,2224300.0,2175800.0,2200000.0,126786
20230321 20:00,2200100.0,2200100.0,2111800.0,2117500.0,324166
20230322 20:00,2124900.0,2132400.0,2068899.0,2092000.0,287414
20230323 20:00,2100000.0,2127400.0,2060500.0,2097900.0,307887
20230326 20:00,2133250.0,2147500.0,2110900.0,2127800.0,167084
20230327 20:00,2140000.0,2146200.0,2106200.0,2141600.0,160834
20230328 20:00,2145600.0,2154000.0,2120200.0,2139600.0,145115
20230329 20:00,2165050.0,2172200.0,2151500.0,2170200.0,115356
20230330 20:00,2177850.0,2252600.0,2175500.0,2232300.0,223783
20230402 20:00,2225100.0,2284100.0,2225100.0,2266400.0,218646
20230403 20:00,2250900.0,2283600.0,2229000.0,2232300.0,239492
20230404 20:00,2225000.0,2245200.0,2204600.0,2210500.0,192015
20230405 20:00,2199600.0,2240200.0,2197400.0,2224400.0,175799
20230409 20:00,2225600.0,2245200.0,2219000.0,2242700.0,126802
20230410 20:00,2247400.0,2271650.0,2246900.0,2250200.0,150588
20230411 20:00,2284400.0,2290000.0,2244400.0,2244400.0,165326
20230412 20:00,2262450.0,2281600.0,2253100.0,2279300.0,180462
20230413 20:00,2274200.0,2285700.0,2249100.0,2254000.0,152174
20230416 20:00,2263700.0,2309400.0,2261600.0,2306700.0,144702
20230417 20:00,2321000.0,2323800.0,2282600.0,2297300.0,155216
20230418 20:00,2295000.0,2339500.0,2290200.0,2320300.0,218432
20230419 20:00,2327700.0,2351500.0,2312650.0,2338100.0,204078
20230420 20:00,2329900.0,2350600.0,2314800.0,2350600.0,150164
20230423 20:00,2348000.0,2370900.0,2333600.0,2358400.0,299256
20230424 20:00,2350000.0,2444400.0,2300000.0,2360000.0,436860
20230425 20:00,2340000.0,2358600.0,2277700.0,2277700.0,226715
20230426 20:00,2310800.0,2326300.0,2274500.0,2325700.0,196269
20230427 20:00,2330100.0,2386300.0,2327600.0,2379600.0,160285
20230430 20:00,2375500.0,2379900.0,2319100.0,2323500.0,231669
20230501 20:00,2311100.0,2328100.0,2292800.0,2310900.0,145714
20230502 20:00,2335000.0,2351600.0,2299700.0,2299700.0,131933
20230503 20:00,2303100.0,2320500.0,2260900.0,2273100.0,189423
20230504 20:00,2284300.0,2316900.0,2284300.0,2291600.0,159761
20230507 20:00,2307900.0,2331500.0,2294000.0,2294000.0,168506
20230508 20:00,2286300.0,2314300.0,2281000.0,2293600.0,133376
20230509 20:00,2319600.0,2340000.0,2280900.0,2307100.0,114848
20230510 20:00,2295300.0,2304800.0,2286400.0,2301800.0,151041
20230511 20:00,2318300.0,2322400.0,2259000.0,2263800.0,188319
20230514 20:00,2289400.0,2295700.0,2253600.0,2256300.0,171174
20230515 20:00,2253100.0,2253300.0,2217600.0,2231400.0,181994
20230516 20:00,2237900.0,2291800.0,2220000.0,2276300.0,257671
20230517 20:00,2268600.0,2329500.0,2259700.0,2327100.0,231199
20230518 20:00,2343900.0,2347400.0,2303700.0,2308200.0,152499
20230521 20:00,2330650.0,2341200.0,2306200.0,2309400.0,154089
20230522 20:00,2314400.0,2314400.0,2260000.0,2262600.0,190691
20230523 20:00,2286300.0,2305300.0,2262600.0,2272500.0,196964
20230524 20:00,2290100.0,2290100.0,2232200.0,2265000.0,169333
20230525 20:00,2275900.0,2303600.0,2265200.0,2292500.0,190095
20230529 20:00,2298000.0,2308200.0,2259900.0,2286800.0,167989
20230530 20:00,2268300.0,2287300.0,2243700.0,2261900.0,181231
20230531 20:00,2278000.0,2354200.0,2271900.0,2354200.0,237699
20230601 20:00,2353900.0,2428500.0,2353900.0,2401200.0,323303
20230604 20:00,2413300.0,2432200.0,2381400.0,2410000.0,226454
20230605 20:00,2396150.0,2426500.0,2383100.0,2396600.0,114336
20230606 20:00,2409200.0,2426100.0,2392700.0,2392700.0,193270
20230607 20:00,2407000.0,2457100.0,2407000.0,2427700.0,271846
20230608 20:00,2410600.0,2420300.0,2391700.0,2407700.0,149591
20230611 20:00,2420400.0,2450000.0,2404000.0,2450000.0,137199
20230612 20:00,2450500.0,2480000.0,2450500.0,2479400.0,101367
20230613 20:00,2489800.0,2499300.0,2441600.0,2441600.0,147104
20230614 20:00,2458400.0,2510000.0,2448100.0,2477900.0,111828
20230615 20:00,2500000.0,2520000.0,2462600.0,2480600.0,99282
20230619 20:00,2471900.0,2491800.0,2452400.0,2466800.0,179001
20230620 20:00,2465600.0,2493500.0,2456700.0,2456700.0,134717
20230621 20:00,2489500.0,2492300.0,2446400.0,2446400.0,96878
20230622 20:00,2437300.0,2480400.0,2427700.0,2452700.0,145571
20230625 20:00,2485200.0,2528500.0,2481100.0,2520000.0,154288
20230626 20:00,2521300.0,2586500.0,2518300.0,2575600.0,211443
20230627 20:00,2580000.0,2603300.0,2545200.0,2573000.0,269913
20230628 20:00,2560400.0,2624600.0,2555600.0,2624600.0,193631
20230629 20:00,2615100.0,2664900.0,2613000.0,2655200.0,210258
20230702 20:00,2667900.0,2667900.0,2623750.0,2625000.0,93828
20230704 20:00,2632700.0,2632700.0,2579500.0,2586100.0,244726
20230705 20:00,2551200.0,2578600.0,2528200.0,2578600.0,148222
20230706 20:00,2561700.0,2583500.0,2551700.0,2555500.0,118395
20230709 20:00,2557800.0,2598300.0,2554300.0,2569400.0,127151
20230710 20:00,2576500.0,2616000.0,2576500.0,2612400.0,105602
20230711 20:00,2613900.0,2653900.0,2613800.0,2632600.0,108815
20230712 20:00,2649100.0,2664500.0,2620700.0,2661000.0,167620
20230713 20:00,2676700.0,2676800.0,2643100.0,2670500.0,121846
20230716 20:00,2669800.0,2683100.0,2657200.0,2678300.0,114373
20230717 20:00,2680600.0,2711700.0,2658800.0,2675400.0,217631
20230718 20:00,2734900.0,2734900.0,2668600.0,2680100.0,184005
20230719 20:00,2678800.0,2686500.0,2655000.0,2659000.0,154596
20230720 20:00,2660100.0,2697100.0,2619900.0,2688399.0,316292
20230723 20:00,2687300.0,2690000.0,2656600.0,2681000.0,263972
20230724 20:00,2790000.0,2870000.0,2747700.0,2757600.0,445740
20230725 20:00,2759400.0,2814000.0,2759400.0,2809000.0,271409
20230726 20:00,2818700.0,2837700.0,2756300.0,2770600.0,233775
20230727 20:00,2770700.0,2819900.0,2770700.0,2800200.0,163469
20230730 20:00,2810100.0,2813200.0,2726700.0,2765400.0,210911
20230731 20:00,2764800.0,2816300.0,2758500.0,2800100.0,241961
20230801 20:00,2775000.0,2794700.0,2757300.0,2775700.0,176793
20230802 20:00,2767500.0,2779200.0,2726800.0,2731700.0,247152
20230803 20:00,2769300.0,2769800.0,2696100.0,2696100.0,157784
20230806 20:00,2744400.0,2766600.0,2727300.0,2735899.0,132630
20230807 20:00,2719500.0,2729900.0,2693300.0,2728600.0,162927
20230808 20:00,2725299.0,2743100.0,2713000.0,2714400.0,109898
20230809 20:00,2715100.0,2761000.0,2713500.0,2727900.0,137270
20230810 20:00,2728600.0,2744700.0,2710000.0,2710000.0,107483
20230813 20:00,2735100.0,2766800.0,2725500.0,2766300.0,159799
20230814 20:00,2753450.0,2779600.0,2737400.0,2737400.0,147855
20230815 20:00,2765299.0,2767400.0,2726400.0,2729500.0,239546
20230816 20:00,2733200.0,2733399.0,2661700.0,2668200.0,211644
20230817 20:00,2680100.0,2710000.0,2652400.0,2707300.0,234312
20230820 20:00,2705000.0,2720850.0,2677600.0,2685299.0,198590
20230821 20:00,2704000.0,2731500.0,2684600.0,2704300.0,172498
20230822 20:00,2702799.0,2736200.0,2702799.0,2708800.0,156860
20230823 20:00,2720500.0,2734300.0,2675899.0,2675899.0,124673
20230824 20:00,2700500.0,2706200.0,2639200.0,2659500.0,173280
20230827 20:00,2658399.0,2685400.0,2648300.0,2664800.0,139456
20230828 20:00,2670400.0,2715800.0,2647700.0,2715800.0,157905
20230829 20:00,2716200.0,2720600.0,2694200.0,2702500.0,176913
20230830 20:00,2717600.0,2725350.0,2696500.0,2710100.0,160421
20230831 20:00,2732400.0,2751900.0,2701900.0,2701900.0,143247
20230904 20:00,2749600.0,2749700.0,2678100.0,2694600.0,274980
20230905 20:00,2695000.0,2695299.0,2673000.0,2690299.0,134528
20230906 20:00,2685750.0,2721200.0,2678399.0,2692500.0,153716
20230907 20:00,2710500.0,2738200.0,2703100.0,2714300.0,105403
20230910 20:00,2729900.0,2747000.0,2717700.0,2736100.0,98613
20230911 20:00,2722600.0,2722600.0,2661300.0,2687900.0,182332
20230912 20:00,2687200.0,2692300.0,2654900.0,2684950.0,145409
20230913 20:00,2759900.0,2759900.0,2664000.0,2691400.0,125156
20230914 20:00,2669600.0,2671500.0,2607600.0,2616300.0,217396
20230917 20:00,2600000.0,2622700.0,2591600.0,2591800.0,142356
20230918 20:00,2575100.0,2615899.0,2574900.0,2614200.0,140471
20230919 20:00,2618000.0,2641800.0,2590400.0,2590400.0,106077
20230920 20:00,2597900.0,2597900.0,2542800.0,2542900.0,118697
20230921 20:00,2558100.0,2558500.0,2537600.0,2540800.0,154432
20230924 20:00,2531550.0,2569800.0,2531550.0,2562200.0,96367
20230925 20:00,2545600.0,2568900.0,2527500.0,2538700.0,153327
20230926 20:00,2542800.0,2552800.0,2489600.0,2506100.0,179153
20230927 20:00,2506000.0,2568500.0,2505900.0,2562100.0,162689
20230928 20:00,2593399.0,2593399.0,2540500.0,2544400.0,133629
20231001 20:00,2550300.0,2550600.0,2507300.0,2526700.0,143263
20231002 20:00,2519200.0,2549200.0,2485200.0,2487700.0,214543
20231003 20:00,2520100.0,2568500.0,2510000.0,2562000.0,267457
20231004 20:00,2563100.0,2576500.0,2524950.0,2536600.0,173374
20231005 20:00,2520700.0,2574100.0,2512500.0,2546000.0,157942
20231008 20:00,2522400.0,2531000.0,2479300.0,2517900.0,145073
20231009 20:00,2500000.0,2564200.0,2500000.0,2531900.0,163940
20231010 20:00,2519900.0,2575600.0,2512300.0,2555600.0,186571
20231011 20:00,2541000.0,2545700.0,2473400.0,2491050.0,106539
20231012 20:00,2493400.0,2513100.0,2455700.0,2469400.0,140978
20231015 20:00,2470200.0,2527100.0,2470200.0,2523300.0,113943
20231016 20:00,2500200.0,2545600.0,2499500.0,2528400.0,113890
20231017 20:00,2528200.0,2528300.0,2411100.0,2458400.0,231556
20231018 20:00,2422800.0,2433100.0,2370900.0,2386300.0,301286
20231019 20:00,2391400.0,2405200.0,2376400.0,2377000.0,226815
20231022 20:00,2356900.0,2407400.0,2356900.0,2385500.0,346242
20231023 20:00,2470100.0,2475400.0,2321500.0,2324700.0,448342
20231024 20:00,2356200.0,2412200.0,2343900.0,2386000.0,276847
20231025 20:00,2387200.0,2411800.0,2374900.0,2376400.0,182209
20231026 20:00,2386400.0,2398700.0,2350000.0,2359900.0,124469
20231029 20:00,2369900.0,2389800.0,2321100.0,2354200.0,259916
20231030 20:00,2354200.0,2392300.0,2354200.0,2382500.0,127638
20231031 20:00,2376750.0,2392100.0,2359600.0,2389300.0,136887
20231101 20:00,2389000.0,2469600.0,2389000.0,2453800.0,205620
20231102 20:00,2460000.0,2526100.0,2460000.0,2509900.0,126887
20231105 19:00,2509100.0,2520000.0,2499600.0,2504900.0,96149
20231106 19:00,2492600.0,2527650.0,2492600.0,2519200.0,125945
20231107 19:00,2528000.0,2567050.0,2522300.0,2561800.0,132964
20231108 19:00,2502400.0,2566350.0,2502400.0,2524300.0,162872
20231109 19:00,2524100.0,2563500.0,2517100.0,2556800.0,129830
20231112 19:00,2544500.0,2556300.0,2527700.0,2538900.0,94959
20231113 19:00,2538900.0,2687300.0,2538900.0,2662900.0,242173
20231114 19:00,2663399.0,2691300.0,2647300.0,2647900.0,129349
20231115 19:00,2640000.0,2699100.0,2639850.0,2693700.0,148121
20231116 19:00,2705100.0,2713200.0,2683100.0,2704000.0,131758
20231119 19:00,2701900.0,2744700.0,2695150.0,2732100.0,154388
20231120 19:00,2719100.0,2746000.0,2709800.0,2735200.0,151898
20231121 19:00,2749900.0,2775500.0,2735700.0,2745100.0,61743
20231123 19:00,2750200.0,2767400.0,2732600.0,2764700.0,35265
20231126 19:00,2758300.0,2764900.0,2744800.0,2753800.0,103989
20231127 19:00,2740000.0,2751700.0,2729100.0,2735000.0,119893
20231128 19:00,2753399.0,2760800.0,2732100.0,2737000.0,105645
20231129 19:00,2733200.0,2791300.0,2722300.0,2788300.0,121939
20231130 19:00,2779950.0,2825400.0,2779950.0,2823000.0,136847
20231203 19:00,2811450.0,2854200.0,2803000.0,2803000.0,105447
20231204 19:00,2814400.0,2832400.0,2790500.0,2830000.0,200519
20231205 19:00,2859900.0,2894000.0,2857500.0,2866800.0,321325
20231206 19:00,2867200.0,2928399.0,2860000.0,2913900.0,171036
20231207 19:00,2907400.0,2923000.0,2883300.0,2897400.0,119434
20231210 19:00,2832700.0,2933900.0,2832700.0,2916300.0,88546
20231211 19:00,2916400.0,2953500.0,2908900.0,2948200.0,168869
20231212 19:00,2961600.0,3048600.0,2947000.0,3048600.0,172248
20231213 19:00,3040000.0,3101800.0,3040000.0,3062200.0,201819
20231214 19:00,3069600.0,3118600.0,3058800.0,3098399.0,178535
20231217 19:00,3090700.0,3097700.0,3066100.0,3083100.0,106793
20231218 19:00,3088000.0,3100200.0,3069500.0,3071800.0,156649
20231219 19:00,3069800.0,3078399.0,3018600.0,3018600.0,185359
20231220 19:00,3068500.0,3078000.0,3050299.0,3069100.0,88729
20231221 19:00,3070000.0,3113100.0,3062700.0,3113100.0,97300
20231225 19:00,3126800.0,3141200.0,3103000.0,3103000.0,59322
20231226 19:00,3116100.0,3134000.0,3116100.0,3133000.0,99607
20231227 19:00,3129100.0,3139900.0,3120000.0,3131200.0,100540
20231228 19:00,3128900.0,3141500.0,3115100.0,3120200.0,67390
